3RD341	1096E1E4	18729F39
3RD417	1468A6E1	18729F39
3RD432	15D112D7	18729F39
3RD434	15E49D13	18729F39
3RD458	16F48620	18729F39
3RD596	1E38EE93	18729F39
3RD659	215AEE8C	18729F39
3RD662	21A24812	18729F39
3RD669	21FE84B3	18729F39
3RD672	2235427A	18729F39
3RD760	26CA9075	18729F39
3RD784	2839A8AA	18729F39
3RD853	2B9ED515	18729F39
3RD864	2C0D12D6	18729F39
3RD869	2C463655	18729F39
3RD1060	35F176FB	18729F39
3RD1065	36419A7B	18729F39
3RD1076	36D39FC8	18729F39
3RD1111	390434E8	18729F39
3RD1148	3A6C3E17	18729F39
3RD1153	3A844D3F	18729F39
3RD1185	3C3929CE	18729F39
3RD1273	40FE8D11	18729F39
3RD1286	4172B506	18729F39
3RD1289	41D63E68	18729F39
3RD1297	423CEBAE	18729F39
3RD70	439938C	18729F39
3RD1346	43FFB5F7	18729F39
3RD1348	4429C2FB	18729F39
3RD1412	468ACFF5	18729F39
3RD1429	471F55C1	18729F39
3RD1433	4778C8DE	18729F39
3RD1443	482257D3	18729F39
3RD1453	48830DC7	18729F39
3RD1524	4C118E0F	18729F39
3RD1620	51B5E76B	18729F39
3RD1648	5340844D	18729F39
3RD1681	54CD265B	18729F39
3RD1706	55DFF34E	18729F39
3RD1739	5746DC8D	18729F39
3RD1741	575BD804	18729F39
3RD1782	597A73AA	18729F39
3RD1799	5A4FEF47	18729F39
3RD1913	60563E83	18729F39
3RD1935	618220D0	18729F39
3RD1966	62F0D0F5	18729F39
3RD1976	63811F38	18729F39
3RD2015	64F812CE	18729F39
3RD2017	651E7C5D	18729F39
3RD2052	677A7CEC	18729F39
3RD122	68ECDD4	18729F39
3RD2127	6AA70345	18729F39
3RD2159	6C788B15	18729F39
3RD2219	702A1284	18729F39
3RD2227	70BFDE6A	18729F39
3RD2300	73D8AA90	18729F39
3RD2340	75BA43AA	18729F39
3RD2386	77E34D92	18729F39
3RD2397	78B487BB	18729F39
3RD2407	7941EF44	18729F39
3RD2418	79C3A17E	18729F39
3RD2429	7A62A6E9	18729F39
3RD2637	8497E165	18729F39
3RD2710	8831EE2F	18729F39
3RD2732	891DD51A	18729F39
3RD164	8A5541B	18729F39
3RD2771	8B4687D5	18729F39
3RD2825	8E33CA5E	18729F39
3RD2843	8EC1583D	18729F39
3RD2859	8F601BC0	18729F39
3RD2883	90FBAD0E	18729F39
3RD2980	95A165FD	18729F39
3RD2986	95E48AB4	18729F39
3RD3011	975E95F4	18729F39
3RD3033	98A3228E	18729F39
3RD3113	9C4C1663	18729F39
3RD3124	9CB5C47E	18729F39
3RD3125	9CE4E7C0	18729F39
3RD3156	9E7B2E46	18729F39
3RD3219	A195CDC2	18729F39
3RD3240	A2C20D05	18729F39
3RD3242	A2EAC2D5	18729F39
3RD3332	A7FA372B	18729F39
3RD3396	AA91B2EE	18729F39
3RD3433	ACD0CAF1	18729F39
3RD3459	AE42973F	18729F39
3RD3473	AED34EEE	18729F39
3RD3502	B052A826	18729F39
3RD3609	B5ABD28E	18729F39
3RD227	B757E20	18729F39
3RD3704	B9B8B64F	18729F39
3RD3722	BAA40062	18729F39
3RD3744	BBD7488A	18729F39
3RD3783	BE24ED91	18729F39
3RD3791	BE80D536	18729F39
3RD3801	BF037C18	18729F39
3RD3830	C05CAEAB	18729F39
3RD3839	C0ACDF24	18729F39
3RD3843	C112FF25	18729F39
3RD3859	C1E94486	18729F39
3RD3879	C30F02E1	18729F39
3RD3964	C70FD5A0	18729F39
3RD4000	C898CBEB	18729F39
3RD4072	CD288B98	18729F39
3RD4073	CD3F188F	18729F39
3RD4102	CE6A040A	18729F39
3RD4114	CF077BD9	18729F39
3RD4127	D042F8BA	18729F39
3RD4220	D538A770	18729F39
3RD279	D68E261	18729F39
3RD4309	DA7332F7	18729F39
3RD4375	DD17A165	18729F39
3RD4379	DD5D7B6E	18729F39
3RD4399	DDE546E4	18729F39
3RD4439	E00F9857	18729F39
3RD4600	E894F49C	18729F39
3RD4625	E9B1D174	18729F39
3RD4650	EB2096F8	18729F39
3RD4663	EB961EBC	18729F39
3RD4674	EC0A0A36	18729F39
3RD4686	ECD5E4C5	18729F39
3RD4694	ED279D20	18729F39
3RD4742	EF6E1F8F	18729F39
3RD4787	F1B6D4B4	18729F39
3RD4793	F1F6A6BE	18729F39
3RD319	F40D0A3	18729F39
3RD4844	F540E744	18729F39
3RD4863	F669A78C	18729F39
3RD4872	F6E3ACDA	18729F39
3RD4900	F80AEE26	18729F39
3RD4917	F8B73221	18729F39
3RD4933	F958BA41	18729F39
3RD4983	FB5EDDF3	18729F39
3RD5048	FE9584B4	18729F39
3RD5061	FF32E358	18729F39
3RD344	10F5497A	1D4C528A
3RD349	114B1F63	1D4C528A
3RD364	11EC197D	1D4C528A
3RD369	11FE25C4	1D4C528A
3RD383	1287CEF4	1D4C528A
3RD422	151162C0	1D4C528A
3RD435	15ECA9EA	1D4C528A
3RD444	164E9145	1D4C528A
3RD457	16D66E73	1D4C528A
3RD512	1945CE44	1D4C528A
3RD535	1AF879E2	1D4C528A
3RD550	1B8A6854	1D4C528A
3RD587	1DC42FF8	1D4C528A
3RD589	1DDC1E22	1D4C528A
3RD601	1E77B354	1D4C528A
3RD609	1F1064F6	1D4C528A
3RD615	1F7BABAD	1D4C528A
3RD619	1F8FBBEC	1D4C528A
3RD625	1FBCC141	1D4C528A
3RD626	1FD4AC5B	1D4C528A
3RD635	20456A6F	1D4C528A
3RD663	21A36B46	1D4C528A
3RD664	21CCB93E	1D4C528A
3RD675	2276F610	1D4C528A
3RD693	23B41BD0	1D4C528A
3RD46	23FD210	1D4C528A
3RD713	24C90A58	1D4C528A
3RD717	24E388D9	1D4C528A
3RD732	259B8DF8	1D4C528A
3RD48	25DFF55	1D4C528A
3RD743	262F8BB6	1D4C528A
3RD768	27358647	1D4C528A
3RD789	285F3566	1D4C528A
3RD791	2880F916	1D4C528A
3RD795	289D46DF	1D4C528A
3RD796	28A233AE	1D4C528A
3RD831	2A69176A	1D4C528A
3RD842	2B1E0DA7	1D4C528A
3RD868	2C38F42A	1D4C528A
3RD872	2C620A03	1D4C528A
3RD879	2CBE5044	1D4C528A
3RD894	2D7B5C2E	1D4C528A
3RD54	2FCAE0E	1D4C528A
3RD937	2FD8A5A9	1D4C528A
3RD945	303461A0	1D4C528A
3RD956	30C657F1	1D4C528A
3RD987	32485AFD	1D4C528A
3RD990	3277DF88	1D4C528A
3RD992	3299A445	1D4C528A
3RD1009	33388E70	1D4C528A
3RD1010	3339E340	1D4C528A
3RD1031	345D5570	1D4C528A
3RD56	349085A	1D4C528A
3RD1049	35661BF2	1D4C528A
3RD1061	360E300D	1D4C528A
3RD1075	36D32CFD	1D4C528A
3RD1091	3784B1A1	1D4C528A
3RD1118	3939E6E3	1D4C528A
3RD1123	394CAA75	1D4C528A
3RD1138	39F46A4D	1D4C528A
3RD1146	3A2A1845	1D4C528A
3RD1195	3CDB5E5E	1D4C528A
3RD1200	3D25DC8D	1D4C528A
3RD1238	3F1FAF7E	1D4C528A
3RD1252	40277AE7	1D4C528A
3RD1282	415803E7	1D4C528A
3RD1317	42FF49EF	1D4C528A
3RD1321	432048D8	1D4C528A
3RD1342	43D1FE10	1D4C528A
3RD1364	44BCF62F	1D4C528A
3RD1371	44FFB1FE	1D4C528A
3RD1372	4501A5C3	1D4C528A
3RD1378	45275EB6	1D4C528A
3RD1393	45E582EF	1D4C528A
3RD1403	46390E3D	1D4C528A
3RD1424	46FABF1B	1D4C528A
3RD1444	48299872	1D4C528A
3RD1454	488686B7	1D4C528A
3RD1459	48F40EB4	1D4C528A
3RD1462	493DD503	1D4C528A
3RD1472	49B46071	1D4C528A
3RD1477	49C4C4AF	1D4C528A
3RD1496	4A8313E2	1D4C528A
3RD1499	4AD53F8E	1D4C528A
3RD1501	4ADD8B63	1D4C528A
3RD1516	4B960B9B	1D4C528A
3RD1523	4C024FE0	1D4C528A
3RD1528	4C2F9163	1D4C528A
3RD1535	4C96BD1E	1D4C528A
3RD1537	4C9CFDE1	1D4C528A
3RD1541	4CCD8B85	1D4C528A
3RD1576	4E931EED	1D4C528A
3RD87	4EAFECB	1D4C528A
3RD1581	4EC80233	1D4C528A
3RD1591	4F43D720	1D4C528A
3RD1605	506E3271	1D4C528A
3RD1645	5319A76A	1D4C528A
3RD1649	534B6758	1D4C528A
3RD1677	548AAC3C	1D4C528A
3RD1688	5516317C	1D4C528A
3RD1697	5587FF77	1D4C528A
3RD1718	5664D0BA	1D4C528A
3RD1722	569FAA0B	1D4C528A
3RD1724	56BB5575	1D4C528A
3RD1768	58A3DB2B	1D4C528A
3RD1784	59B06486	1D4C528A
3RD1805	5A8AA6FF	1D4C528A
3RD1829	5BE4B990	1D4C528A
3RD1832	5C41B75F	1D4C528A
3RD1842	5CA52E2A	1D4C528A
3RD105	5D8B596	1D4C528A
3RD1854	5D98730C	1D4C528A
3RD1872	5E82A1A8	1D4C528A
3RD1886	5F032FEC	1D4C528A
3RD1914	605DF1FA	1D4C528A
3RD1924	60BD5D3A	1D4C528A
3RD1925	60D7D04B	1D4C528A
3RD1959	629831E5	1D4C528A
3RD1962	62BD6F5E	1D4C528A
3RD1996	6427BDF3	1D4C528A
3RD1998	642F1CB9	1D4C528A
3RD2024	65B3C111	1D4C528A
3RD2025	65B94CA9	1D4C528A
3RD116	65E6F27	1D4C528A
3RD2070	686578C9	1D4C528A
3RD2071	686A74C5	1D4C528A
3RD2079	68AD4F4A	1D4C528A
3RD2081	68C8437A	1D4C528A
3RD2128	6AAF861F	1D4C528A
3RD2141	6B7F4B6D	1D4C528A
3RD2142	6B9EB97E	1D4C528A
3RD2164	6CC1CB69	1D4C528A
3RD2166	6CC861AF	1D4C528A
3RD2168	6CF54472	1D4C528A
3RD2169	6D051960	1D4C528A
3RD2188	6DE0DA9D	1D4C528A
3RD2195	6E5904DD	1D4C528A
3RD2196	6E63F887	1D4C528A
3RD10	6EF59F	1D4C528A
3RD2210	6F261BF5	1D4C528A
3RD2211	6F449729	1D4C528A
3RD127	6FB0266	1D4C528A
3RD2259	721D2FEB	1D4C528A
3RD2278	72B6969F	1D4C528A
3RD2287	7342CB28	1D4C528A
3RD2303	73F18BDB	1D4C528A
3RD2304	73F9DD9B	1D4C528A
3RD2341	75BC0CF5	1D4C528A
3RD2365	76FEEF34	1D4C528A
3RD2382	77C2E16B	1D4C528A
3RD2388	77F1658C	1D4C528A
3RD2390	783BC4DE	1D4C528A
3RD2422	79DEB644	1D4C528A
3RD2441	7B011FFD	1D4C528A
3RD2453	7BF136F3	1D4C528A
3RD2464	7CB73135	1D4C528A
3RD2475	7D36F015	1D4C528A
3RD2479	7D4FEF0E	1D4C528A
3RD2488	7DBA3C35	1D4C528A
3RD2500	7E442DAD	1D4C528A
3RD2531	7F927E00	1D4C528A
3RD2562	80A42973	1D4C528A
3RD2566	80BC8054	1D4C528A
3RD2568	80C109A4	1D4C528A
3RD2641	84C4841C	1D4C528A
3RD2652	851A6ED7	1D4C528A
3RD2654	85520417	1D4C528A
3RD2666	85C82F88	1D4C528A
3RD2667	85D64FA0	1D4C528A
3RD2678	866B613D	1D4C528A
3RD2680	86874F95	1D4C528A
3RD160	87119F8	1D4C528A
3RD162	87E0769	1D4C528A
3RD2717	887482CE	1D4C528A
3RD2751	8A65CD6B	1D4C528A
3RD2756	8A87BED2	1D4C528A
3RD2780	8BF2D8A6	1D4C528A
3RD2804	8D7244C7	1D4C528A
3RD2849	8EFFD5C6	1D4C528A
3RD2874	907FC92A	1D4C528A
3RD2878	90BA456C	1D4C528A
3RD2886	912697F6	1D4C528A
3RD2911	9205AC2D	1D4C528A
3RD2925	92AD5D35	1D4C528A
3RD2936	933020F3	1D4C528A
3RD2940	938FE9A6	1D4C528A
3RD2950	93D31C85	1D4C528A
3RD177	94443C8	1D4C528A
3RD2988	9610F921	1D4C528A
3RD181	9621D14	1D4C528A
3RD3051	994AA83E	1D4C528A
3RD3055	9971BA1D	1D4C528A
3RD3057	997C407F	1D4C528A
3RD3073	9A5735E4	1D4C528A
3RD3090	9B43E06A	1D4C528A
3RD3091	9B47704A	1D4C528A
3RD3097	9B852E2D	1D4C528A
3RD3098	9B95DE36	1D4C528A
3RD191	9D35798	1D4C528A
3RD3144	9DD1B63E	1D4C528A
3RD3146	9DF1AF14	1D4C528A
3RD3174	9F87E30F	1D4C528A
3RD3192	A051F86A	1D4C528A
3RD3205	A0DC72DD	1D4C528A
3RD3212	A16206B7	1D4C528A
3RD3214	A16DE6D3	1D4C528A
3RD203	A1B5349	1D4C528A
3RD3258	A3A3F2AD	1D4C528A
3RD3268	A42DD07D	1D4C528A
3RD3286	A4EFF20A	1D4C528A
3RD3290	A51A8AFD	1D4C528A
3RD3314	A6EFF95A	1D4C528A
3RD208	A750034	1D4C528A
3RD3323	A75C0757	1D4C528A
3RD3363	A9964DC7	1D4C528A
3RD3384	AA4ACBB8	1D4C528A
3RD3411	AB514B81	1D4C528A
3RD3416	AB6D5810	1D4C528A
3RD3439	AD34BEE5	1D4C528A
3RD3464	AE805172	1D4C528A
3RD3476	AF380856	1D4C528A
3RD3498	B025A2D1	1D4C528A
3RD3499	B0280B71	1D4C528A
3RD216	B09B1CC	1D4C528A
3RD3517	B1063931	1D4C528A
3RD3522	B155C517	1D4C528A
3RD3556	B2BE5B25	1D4C528A
3RD3566	B314D80E	1D4C528A
3RD3567	B316DE50	1D4C528A
3RD3568	B3250E43	1D4C528A
3RD3573	B365A793	1D4C528A
3RD3574	B38A82CF	1D4C528A
3RD3578	B3A12B35	1D4C528A
3RD222	B3C55D0	1D4C528A
3RD3604	B57BAA40	1D4C528A
3RD3650	B76976F4	1D4C528A
3RD3651	B77BE61A	1D4C528A
3RD3661	B808EAAC	1D4C528A
3RD3691	B9216721	1D4C528A
3RD3702	B9A80097	1D4C528A
3RD3713	BA259C61	1D4C528A
3RD3770	BD7924D8	1D4C528A
3RD3798	BEDD7363	1D4C528A
3RD3831	C067E54B	1D4C528A
3RD3838	C0A539E9	1D4C528A
3RD3857	C1D6F592	1D4C528A
3RD246	C2DC23C	1D4C528A
3RD3896	C3B42322	1D4C528A
3RD3979	C7BF4EC7	1D4C528A
3RD3980	C7C403D8	1D4C528A
3RD3989	C80DD9A0	1D4C528A
3RD4009	C91F1A5F	1D4C528A
3RD4029	CA113C38	1D4C528A
3RD4052	CBF3C90B	1D4C528A
3RD257	CC26DE9	1D4C528A
3RD4063	CCADC341	1D4C528A
3RD4065	CCC70F34	1D4C528A
3RD4086	CDC411F6	1D4C528A
3RD4092	CDFF106B	1D4C528A
3RD4096	CE331128	1D4C528A
3RD4109	CECCC215	1D4C528A
3RD4115	CF07E202	1D4C528A
3RD265	D03D926	1D4C528A
3RD4140	D0E3D144	1D4C528A
3RD4150	D18E9E59	1D4C528A
3RD4157	D21F6387	1D4C528A
3RD4170	D2D1DE42	1D4C528A
3RD4173	D2EEA712	1D4C528A
3RD4190	D3E566EA	1D4C528A
3RD4205	D4591DA8	1D4C528A
3RD4219	D51C0D93	1D4C528A
3RD4222	D5488CFC	1D4C528A
3RD4249	D6592258	1D4C528A
3RD4251	D67FA2AB	1D4C528A
3RD4255	D6E89A88	1D4C528A
3RD4284	D904B3D2	1D4C528A
3RD282	D9E5DC5	1D4C528A
3RD4314	DA9C899E	1D4C528A
3RD4327	DB35BE8C	1D4C528A
3RD4359	DC39330C	1D4C528A
3RD4372	DCEF6B0B	1D4C528A
3RD4384	DD77F38E	1D4C528A
3RD4398	DDE363DC	1D4C528A
3RD4402	DE0A6D38	1D4C528A
3RD4420	DEFAA060	1D4C528A
3RD4425	DF56B51B	1D4C528A
3RD291	E1208D6	1D4C528A
3RD4468	E16F37D4	1D4C528A
3RD4474	E1B0027F	1D4C528A
3RD4518	E37A064C	1D4C528A
3RD4537	E4BD3DE7	1D4C528A
3RD4546	E542474A	1D4C528A
3RD4548	E56A70B6	1D4C528A
3RD4564	E645CE54	1D4C528A
3RD4570	E6BA7756	1D4C528A
3RD4623	E99D0BD4	1D4C528A
3RD4642	EAA341FD	1D4C528A
3RD4660	EB87CCBB	1D4C528A
3RD4671	EBF54E58	1D4C528A
3RD4672	EBFE18C3	1D4C528A
3RD4679	EC87D3A9	1D4C528A
3RD4682	ECBA9D67	1D4C528A
3RD4707	EE2F8E62	1D4C528A
3RD4714	EE70E502	1D4C528A
3RD4725	EECF5A6C	1D4C528A
3RD4734	EF2F0F8E	1D4C528A
3RD4741	EF57B314	1D4C528A
3RD4767	F0DD0B9B	1D4C528A
3RD4794	F1FDE0C1	1D4C528A
3RD4809	F2BBAC24	1D4C528A
3RD4817	F34FCB40	1D4C528A
3RD4829	F486DE9A	1D4C528A
3RD4843	F5336C2F	1D4C528A
3RD4846	F5459330	1D4C528A
3RD4880	F7219828	1D4C528A
3RD4912	F87FB057	1D4C528A
3RD4926	F907BDB2	1D4C528A
3RD4952	FA2F1C5E	1D4C528A
3RD4956	FA5B357D	1D4C528A
3RD4957	FA5F5729	1D4C528A
3RD4968	FAE94B53	1D4C528A
3RD4973	FB0CF2E7	1D4C528A
3RD5002	FC5CE570	1D4C528A
3RD5003	FC74B7FC	1D4C528A
3RD5017	FD3A5464	1D4C528A
3RD5033	FDEC1791	1D4C528A
3RD327	FE647CC	1D4C528A
3RD5043	FE6E5D64	1D4C528A
3RD5062	FF423DA3	1D4C528A
3RD5070	FFBBA958	1D4C528A
3RD342	10A9CF9B	2026C46D
3RD353	1178F4F4	2026C46D
3RD356	118B1F87	2026C46D
3RD375	123397AF	2026C46D
3RD376	123F397C	2026C46D
3RD384	12955B8F	2026C46D
3RD391	1317D6A9	2026C46D
3RD396	135C16AC	2026C46D
3RD409	142FC6F0	2026C46D
3RD423	154CC1F7	2026C46D
3RD426	1597552A	2026C46D
3RD26	15A72A5	2026C46D
3RD439	1616B827	2026C46D
3RD442	1638EF0E	2026C46D
3RD474	179C4436	2026C46D
3RD496	18634478	2026C46D
3RD499	1879FCE5	2026C46D
3RD511	193FCEC4	2026C46D
3RD528	1A8CE361	2026C46D
3RD529	1AA4BA22	2026C46D
3RD530	1AC7188A	2026C46D
3RD537	1AFE2824	2026C46D
3RD554	1BBDCCD4	2026C46D
3RD563	1C604777	2026C46D
3RD578	1D3CE42C	2026C46D
3RD39	1E3212F	2026C46D
3RD604	1EAA6A09	2026C46D
3RD612	1F53BB18	2026C46D
3RD614	1F770ADF	2026C46D
3RD656	214B9ED5	2026C46D
3RD667	21F6627D	2026C46D
3RD678	22A938BF	2026C46D
3RD694	23E3F1C3	2026C46D
3RD700	24641F2A	2026C46D
3RD701	24643C10	2026C46D
3RD712	24AF3952	2026C46D
3RD729	258E61F5	2026C46D
3RD733	25A3E045	2026C46D
3RD737	25E26809	2026C46D
3RD742	262CE00B	2026C46D
3RD744	26379D95	2026C46D
3RD747	2647F73D	2026C46D
3RD772	278E667A	2026C46D
3RD798	28BB564B	2026C46D
3RD828	2A24D352	2026C46D
3RD836	2AA2E3FC	2026C46D
3RD848	2B649965	2026C46D
3RD862	2BECD456	2026C46D
3RD871	2C5686F4	2026C46D
3RD880	2CBEFF81	2026C46D
3RD892	2D63CE34	2026C46D
3RD911	2EBB33D8	2026C46D
3RD919	2F31633B	2026C46D
3RD932	2F917F9A	2026C46D
3RD960	31149F1E	2026C46D
3RD962	311EA4D9	2026C46D
3RD964	312FAE50	2026C46D
3RD975	31E832ED	2026C46D
3RD978	320BF131	2026C46D
3RD981	3213564E	2026C46D
3RD1048	3561870F	2026C46D
3RD1058	35D65EF4	2026C46D
3RD1081	37399825	2026C46D
3RD1082	373CE1E6	2026C46D
3RD1105	3880CD3B	2026C46D
3RD1106	38989DE9	2026C46D
3RD1112	3905ED2F	2026C46D
3RD1121	3940E5C9	2026C46D
3RD1126	3961817D	2026C46D
3RD1137	39D97023	2026C46D
3RD1154	3A848102	2026C46D
3RD1159	3AB771EB	2026C46D
3RD1198	3D142A71	2026C46D
3RD1199	3D1469B2	2026C46D
3RD1214	3DD9F5B7	2026C46D
3RD1219	3DF7C7E0	2026C46D
3RD1226	3E8F8A38	2026C46D
3RD1228	3EC8D9CF	2026C46D
3RD1245	3FA5D5AD	2026C46D
3RD1250	3FFDB97F	2026C46D
3RD1255	403CF2A1	2026C46D
3RD1292	420E6042	2026C46D
3RD1293	421AADBC	2026C46D
3RD1307	42B9B22B	2026C46D
3RD1308	42BB21C2	2026C46D
3RD1326	433C9A2A	2026C46D
3RD1350	44310D3A	2026C46D
3RD1354	44894607	2026C46D
3RD1356	44903999	2026C46D
3RD1410	466BA233	2026C46D
3RD1439	4793CC44	2026C46D
3RD1451	486851BC	2026C46D
3RD5	4869A5	2026C46D
3RD1461	49193BE4	2026C46D
3RD1464	494905D9	2026C46D
3RD1467	497B5592	2026C46D
3RD1479	49DFEA21	2026C46D
3RD1497	4AA6F187	2026C46D
3RD1512	4B65DA87	2026C46D
3RD1515	4B8FC0A6	2026C46D
3RD1522	4BEC4490	2026C46D
3RD1542	4CD925AB	2026C46D
3RD1557	4D9D672B	2026C46D
3RD1558	4D9DC807	2026C46D
3RD1567	4E1CAAF3	2026C46D
3RD1585	4F0B7A54	2026C46D
3RD1599	4FD52CC3	2026C46D
3RD1623	51D9E0A8	2026C46D
3RD1633	5228BB72	2026C46D
3RD1635	5268945A	2026C46D
3RD1657	538D1941	2026C46D
3RD1661	53BF57C7	2026C46D
3RD1669	53FB8430	2026C46D
3RD1682	54D0AE79	2026C46D
3RD92	55A9FB3	2026C46D
3RD1708	55EC5A93	2026C46D
3RD1758	58285AFD	2026C46D
3RD1795	5A3A3A25	2026C46D
3RD1807	5AC8DF43	2026C46D
3RD1825	5BA50DAB	2026C46D
3RD1841	5C7EE411	2026C46D
3RD1844	5CE0487A	2026C46D
3RD1852	5D84972E	2026C46D
3RD1867	5E56DF1E	2026C46D
3RD107	5EF97D9	2026C46D
3RD1893	5F486B5C	2026C46D
3RD1905	5FE2D6E6	2026C46D
3RD1909	5FFDD4F8	2026C46D
3RD1918	6079CF81	2026C46D
3RD1921	60A8561A	2026C46D
3RD1923	60B730F7	2026C46D
3RD1934	617FF348	2026C46D
3RD1937	61879090	2026C46D
3RD1944	61E235EB	2026C46D
3RD1989	63FE3B43	2026C46D
3RD2002	6450F253	2026C46D
3RD2009	64A106B3	2026C46D
3RD2010	64AFDD10	2026C46D
3RD2014	64DB2017	2026C46D
3RD2021	65918C0E	2026C46D
3RD2035	665A796C	2026C46D
3RD2056	67BCABB2	2026C46D
3RD2072	686EDCD6	2026C46D
3RD2092	69465764	2026C46D
3RD2107	69FB8DD0	2026C46D
3RD2117	6A48269D	2026C46D
3RD2129	6AB27695	2026C46D
3RD2130	6AB3F6B0	2026C46D
3RD2132	6AD0635A	2026C46D
3RD124	6B35958	2026C46D
3RD2155	6C61E5DC	2026C46D
3RD2163	6CA802DC	2026C46D
3RD2200	6E7AE301	2026C46D
3RD2209	6F21CD16	2026C46D
3RD2215	6FC6BBB2	2026C46D
3RD2254	71D68D5E	2026C46D
3RD2266	7275A25C	2026C46D
3RD2315	7478C55A	2026C46D
3RD2320	74CC2A87	2026C46D
3RD2321	74CC5921	2026C46D
3RD136	750389C	2026C46D
3RD2330	75418D03	2026C46D
3RD2343	75CAA8B1	2026C46D
3RD2344	75D67F5D	2026C46D
3RD2346	7622DFB5	2026C46D
3RD2348	76501CEC	2026C46D
3RD2368	7717C490	2026C46D
3RD2373	7733044A	2026C46D
3RD2379	7799E27A	2026C46D
3RD2402	78C34DAB	2026C46D
3RD2410	79582093	2026C46D
3RD2417	79BE3617	2026C46D
3RD2421	79DD1E66	2026C46D
3RD2438	7AE36EE2	2026C46D
3RD2451	7BB7A120	2026C46D
3RD2473	7D225665	2026C46D
3RD2495	7E0A1D64	2026C46D
3RD2498	7E25999E	2026C46D
3RD147	7E69CE7	2026C46D
3RD2521	7F35D078	2026C46D
3RD2528	7F86A18D	2026C46D
3RD2537	7FD4F319	2026C46D
3RD2542	7FE3AC92	2026C46D
3RD2547	7FF11541	2026C46D
3RD2578	80F8C66E	2026C46D
3RD2597	81ED8FD7	2026C46D
3RD2613	83010128	2026C46D
3RD2622	839E95F6	2026C46D
3RD2626	8415199D	2026C46D
3RD2634	8479C9E2	2026C46D
3RD2648	850155F6	2026C46D
3RD2649	85061ED0	2026C46D
3RD2656	8556FCD4	2026C46D
3RD2696	8740B92D	2026C46D
3RD2726	88E028E4	2026C46D
3RD2752	8A675503	2026C46D
3RD2754	8A738473	2026C46D
3RD2763	8AE352BA	2026C46D
3RD2768	8B107245	2026C46D
3RD2773	8B68B568	2026C46D
3RD2777	8BDA5ECD	2026C46D
3RD2779	8BE440CE	2026C46D
3RD166	8CB0503	2026C46D
3RD2786	8CB0BBD9	2026C46D
3RD2794	8D02A4A0	2026C46D
3RD2818	8DECEDE6	2026C46D
3RD2847	8EF5BF3B	2026C46D
3RD2848	8EF847A1	2026C46D
3RD2850	8F044080	2026C46D
3RD2868	900EDD8E	2026C46D
3RD2877	90B7B6CE	2026C46D
3RD2892	917F36B2	2026C46D
3RD2908	91C6E47C	2026C46D
3RD2918	925F3377	2026C46D
3RD2926	92BCBA3D	2026C46D
3RD2952	93FE6A97	2026C46D
3RD2954	941FA365	2026C46D
3RD2991	9631D92E	2026C46D
3RD2999	96A64470	2026C46D
3RD3038	98BCBE95	2026C46D
3RD3040	98DB5B59	2026C46D
3RD3048	9922D3A5	2026C46D
3RD3049	992B50ED	2026C46D
3RD3052	996A4833	2026C46D
3RD3058	999355A6	2026C46D
3RD3076	9A69F1C7	2026C46D
3RD3089	9B3E2608	2026C46D
3RD189	9BC3E26	2026C46D
3RD3129	9D18462C	2026C46D
3RD3140	9D6106B9	2026C46D
3RD3149	9E3A79E5	2026C46D
3RD195	9EB0EFA	2026C46D
3RD3180	9FBD4451	2026C46D
3RD3186	9FFD80E9	2026C46D
3RD3189	A02016A4	2026C46D
3RD3203	A0D1E41B	2026C46D
3RD202	A17A149	2026C46D
3RD3218	A18B6466	2026C46D
3RD3227	A1FDB2CD	2026C46D
3RD3229	A22BF122	2026C46D
3RD3248	A327985F	2026C46D
3RD3259	A3AD4285	2026C46D
3RD3271	A443BBF6	2026C46D
3RD3274	A467BC3A	2026C46D
3RD3277	A4A373F2	2026C46D
3RD3295	A59BE25B	2026C46D
3RD3296	A5A63A1A	2026C46D
3RD3302	A642BC77	2026C46D
3RD3303	A643F609	2026C46D
3RD3316	A7045CC1	2026C46D
3RD3349	A90794AD	2026C46D
3RD3382	AA1AF6B5	2026C46D
3RD3392	AA73F23A	2026C46D
3RD3408	AB0F3246	2026C46D
3RD3417	AB729465	2026C46D
3RD212	ABF2930	2026C46D
3RD3456	AE03E0DE	2026C46D
3RD3460	AE55FE0B	2026C46D
3RD3475	AEF04D6C	2026C46D
3RD3477	AF44892C	2026C46D
3RD3487	AFA20093	2026C46D
3RD3489	AFAF1C51	2026C46D
3RD3490	AFAF2B55	2026C46D
3RD3526	B161B4D3	2026C46D
3RD3540	B22B74C3	2026C46D
3RD3543	B2350E63	2026C46D
3RD3583	B3C35658	2026C46D
3RD223	B415490	2026C46D
3RD3599	B4ED872D	2026C46D
3RD3613	B5DE3DC0	2026C46D
3RD3653	B79C6A5E	2026C46D
3RD3658	B7F0DEAF	2026C46D
3RD3670	B850E093	2026C46D
3RD3694	B94287DF	2026C46D
3RD3701	B9A530CA	2026C46D
3RD3735	BB3F6C18	2026C46D
3RD3754	BC5A4AB8	2026C46D
3RD3758	BC979A8E	2026C46D
3RD3761	BCB096CB	2026C46D
3RD3771	BD8856EC	2026C46D
3RD3779	BDECB8CC	2026C46D
3RD3782	BE13EBB3	2026C46D
3RD3803	BF0DBF09	2026C46D
3RD3812	BFAF1BA4	2026C46D
3RD3832	C068AACA	2026C46D
3RD239	C091CEB	2026C46D
3RD3869	C2717D71	2026C46D
3RD3880	C3172380	2026C46D
3RD3885	C34DC939	2026C46D
3RD3891	C3982183	2026C46D
3RD3905	C41426BE	2026C46D
3RD3933	C5E1BA08	2026C46D
3RD3935	C5FF2D4D	2026C46D
3RD3951	C6927BF6	2026C46D
3RD3957	C6C9E9BB	2026C46D
3RD3960	C6F32340	2026C46D
3RD3985	C7EEBDCC	2026C46D
3RD4001	C8DBCF37	2026C46D
3RD4004	C8E18555	2026C46D
3RD4007	C9061F73	2026C46D
3RD4012	C9628F43	2026C46D
3RD4015	C97A6958	2026C46D
3RD4020	C9C08372	2026C46D
3RD4022	C9CFA862	2026C46D
3RD4032	CA1F6642	2026C46D
3RD4036	CA77835F	2026C46D
3RD4050	CBBA4217	2026C46D
3RD4055	CC1E35A6	2026C46D
3RD4099	CE4097A6	2026C46D
3RD4111	CEE1C7BC	2026C46D
3RD4133	D076AE04	2026C46D
3RD4153	D1D2C23B	2026C46D
3RD4180	D33D1605	2026C46D
3RD4201	D44CC9E8	2026C46D
3RD4227	D588EF6E	2026C46D
3RD4231	D59D4357	2026C46D
3RD4257	D7181E15	2026C46D
3RD4258	D72BDBB4	2026C46D
3RD4261	D798CC9B	2026C46D
3RD4264	D7A45D8D	2026C46D
3RD4273	D8211F13	2026C46D
3RD4280	D8C92063	2026C46D
3RD4292	D9A78F8E	2026C46D
3RD4294	D9BEE3C4	2026C46D
3RD4321	DAF276D2	2026C46D
3RD4329	DB3F4A35	2026C46D
3RD4332	DB5B31DB	2026C46D
3RD4338	DB96D373	2026C46D
3RD4345	DBC5C4A2	2026C46D
3RD4350	DBF627DD	2026C46D
3RD4353	DC0BE268	2026C46D
3RD4360	DC41C456	2026C46D
3RD284	DC7B7D4	2026C46D
3RD4405	DE232F8B	2026C46D
3RD4407	DE419D11	2026C46D
3RD4411	DE68D22B	2026C46D
3RD4421	DEFDA6B5	2026C46D
3RD4430	DF615C14	2026C46D
3RD4445	E06357E9	2026C46D
3RD4462	E13D70BF	2026C46D
3RD4469	E1836DA9	2026C46D
3RD4470	E18E57DF	2026C46D
3RD4524	E3FD4478	2026C46D
3RD296	E4672EF	2026C46D
3RD4539	E4C88710	2026C46D
3RD4545	E5343C8D	2026C46D
3RD4572	E6D5EC41	2026C46D
3RD4583	E796A76D	2026C46D
3RD301	E86998A	2026C46D
3RD302	E878F37	2026C46D
3RD4617	E96513B7	2026C46D
3RD4628	E9C84375	2026C46D
3RD4633	EA0B3A86	2026C46D
3RD4647	EAE5C7F0	2026C46D
3RD4661	EB8AC5E6	2026C46D
3RD4690	ED02E7EB	2026C46D
3RD4691	ED04671F	2026C46D
3RD4700	EDD3F8F9	2026C46D
3RD4706	EE18F354	2026C46D
3RD4720	EE952F2D	2026C46D
3RD4723	EEC0E954	2026C46D
3RD4731	EF08D156	2026C46D
3RD4738	EF37F332	2026C46D
3RD4747	EF9B0FB0	2026C46D
3RD4750	EFCA4F85	2026C46D
3RD4755	F00A09CB	2026C46D
3RD4775	F13CFEBF	2026C46D
3RD4783	F18F209D	2026C46D
3RD4792	F1EC5EFD	2026C46D
3RD4797	F234E0E7	2026C46D
3RD4803	F27FFA59	2026C46D
3RD4805	F291D8B5	2026C46D
3RD4811	F2F9143A	2026C46D
3RD4819	F36B4315	2026C46D
3RD4828	F48613BA	2026C46D
3RD322	F5BBD48	2026C46D
3RD4862	F66748A9	2026C46D
3RD4867	F69F8BD4	2026C46D
3RD4889	F785612F	2026C46D
3RD19	FB2474	2026C46D
3RD5006	FCAA1599	2026C46D
3RD5011	FCF68D9F	2026C46D
3RD5023	FD5AAB2F	2026C46D
3RD5045	FE7DF820	2026C46D
3RD5050	FEB7C00C	2026C46D
3RD5055	FEEB2C1E	2026C46D
3RD346	11222AF1	3107499B
3RD523	19E96197	3107499B
3RD575	1D1E2ABC	3107499B
3RD592	1E0D7764	3107499B
3RD821	29DADFBE	3107499B
3RD918	2F2C8C21	3107499B
3RD942	3028BA36	3107499B
3RD970	31861E55	3107499B
3RD1229	3EDED7A2	3107499B
3RD1322	4321C18C	3107499B
3RD1520	4BC27169	3107499B
3RD1617	5153D06F	3107499B
3RD1704	55CD1C19	3107499B
3RD1901	5FCBFAE0	3107499B
3RD1903	5FDCED81	3107499B
3RD1922	60AA4D60	3107499B
3RD1990	6401B882	3107499B
3RD2272	72A11321	3107499B
3RD2338	759E9904	3107499B
3RD2406	7930E2E0	3107499B
3RD2459	7C5E04C7	3107499B
3RD2552	80382E4F	3107499B
3RD2588	818BF706	3107499B
3RD2632	8470B6A8	3107499B
3RD2708	881200A6	3107499B
3RD2855	8F382A7B	3107499B
3RD3106	9C254455	3107499B
3RD3236	A2989F18	3107499B
3RD3353	A9340ED3	3107499B
3RD3397	AA9AE140	3107499B
3RD213	ACFD0E9	3107499B
3RD3482	AF5B9A02	3107499B
3RD3523	B1573C95	3107499B
3RD3785	BE2E5643	3107499B
3RD3851	C1A23E8F	3107499B
3RD3892	C39B3618	3107499B
3RD3930	C5BA46BF	3107499B
3RD3991	C81D80C0	3107499B
3RD254	C92C6EA	3107499B
3RD4034	CA5420B6	3107499B
3RD4160	D250FD44	3107499B
3RD281	D94034C	3107499B
3RD4310	DA748ECF	3107499B
3RD4323	DAF4266D	3107499B
3RD4406	DE2AD562	3107499B
3RD4432	DF93312F	3107499B
3RD4553	E5AE576A	3107499B
3RD4580	E74D2880	3107499B
3RD309	ED78E2F	3107499B
3RD4830	F48A5999	3107499B
3RD4841	F5174414	3107499B
3RD4886	F7637AD4	3107499B
3RD4910	F85F2C08	3107499B
3RD21	11567C3	378AD10C
3RD365	11F10982	378AD10C
3RD367	11F69034	378AD10C
3RD451	169B95C6	378AD10C
3RD456	16C5E95A	378AD10C
3RD497	18665C91	378AD10C
3RD540	1B15AE7A	378AD10C
3RD559	1C32EE08	378AD10C
3RD566	1C851DA8	378AD10C
3RD584	1D896D8D	378AD10C
3RD600	1E6FDDFB	378AD10C
3RD649	20F6540D	378AD10C
3RD679	22B4E685	378AD10C
3RD698	24452D0B	378AD10C
3RD51	2AE6E5C	378AD10C
3RD902	2E1791E1	378AD10C
3RD946	30378AB3	378AD10C
3RD955	30B5C9FA	378AD10C
3RD963	3129C6F1	378AD10C
3RD1040	34FC0B13	378AD10C
3RD1087	376E2983	378AD10C
3RD1193	3C7D04E4	378AD10C
3RD1268	40E72684	378AD10C
3RD1333	43857351	378AD10C
3RD1344	43F08B06	378AD10C
3RD1435	477D749A	378AD10C
3RD1437	478C7817	378AD10C
3RD74	47BC4C6	378AD10C
3RD1492	4A52F943	378AD10C
3RD1607	50882CFA	378AD10C
3RD1608	50A1A9F2	378AD10C
3RD1659	53B5B98F	378AD10C
3RD1672	544D8D50	378AD10C
3RD1794	5A274672	378AD10C
3RD1856	5DC6A042	378AD10C
3RD1889	5F192A74	378AD10C
3RD1957	62534D55	378AD10C
3RD1974	6369FC85	378AD10C
3RD2023	65A5CE70	378AD10C
3RD2029	65F9F637	378AD10C
3RD2111	6A0AB89D	378AD10C
3RD2131	6ACE1042	378AD10C
3RD2170	6D06466A	378AD10C
3RD2182	6D8686E8	378AD10C
3RD2186	6DCBE781	378AD10C
3RD2334	7562A55F	378AD10C
3RD2339	75AF6E83	378AD10C
3RD2356	76ACA91E	378AD10C
3RD2372	772F8047	378AD10C
3RD2457	7C1A194E	378AD10C
3RD2518	7F2AAA30	378AD10C
3RD2607	82943FCE	378AD10C
3RD2693	87311A4B	378AD10C
3RD2695	87371192	378AD10C
3RD2716	886DB564	378AD10C
3RD2742	89B0F7FE	378AD10C
3RD2748	8A1E0CED	378AD10C
3RD2755	8A7F3F41	378AD10C
3RD2788	8CD1ABC6	378AD10C
3RD2826	8E53BDC1	378AD10C
3RD175	93DA499	378AD10C
3RD2951	93F68D87	378AD10C
3RD176	9409E68	378AD10C
3RD2958	945686CF	378AD10C
3RD3030	986F1565	378AD10C
3RD3037	98B8DD4C	378AD10C
3RD3092	9B4BDB4C	378AD10C
3RD3118	9C879729	378AD10C
3RD3132	9D251F06	378AD10C
3RD3137	9D3F64C1	378AD10C
3RD3238	A2B1D14C	378AD10C
3RD3270	A4372E08	378AD10C
3RD3305	A661B163	378AD10C
3RD3315	A6F0329C	378AD10C
3RD3399	AAB53384	378AD10C
3RD3400	AAC2D8A9	378AD10C
3RD3412	AB545F5A	378AD10C
3RD3455	ADD7ED93	378AD10C
3RD3497	B00FC4DB	378AD10C
3RD3503	B059132E	378AD10C
3RD3538	B2155087	378AD10C
3RD3545	B240A051	378AD10C
3RD3581	B3BA8C05	378AD10C
3RD3587	B3F26095	378AD10C
3RD3606	B57F73B0	378AD10C
3RD3688	B8F8F515	378AD10C
3RD3737	BB8088E4	378AD10C
3RD230	BBD7BFC	378AD10C
3RD3748	BBF9DC7A	378AD10C
3RD3813	BFAFA3EF	378AD10C
3RD3871	C28AB791	378AD10C
3RD247	C2E3978	378AD10C
3RD3942	C65BEAD1	378AD10C
3RD3955	C6B7F1F6	378AD10C
3RD3965	C71039E6	378AD10C
3RD3974	C770CAA5	378AD10C
3RD4010	C93AA458	378AD10C
3RD4013	C9677F2B	378AD10C
3RD4023	C9D5F867	378AD10C
3RD4059	CC66815D	378AD10C
3RD259	CDC2BD9	378AD10C
3RD4090	CDDA79D6	378AD10C
3RD4145	D150CE67	378AD10C
3RD4184	D3949F79	378AD10C
3RD4194	D406DA89	378AD10C
3RD4207	D47BD345	378AD10C
3RD4330	DB4094A2	378AD10C
3RD4417	DEE3A266	378AD10C
3RD4476	E1D23BF4	378AD10C
3RD4491	E23268F4	378AD10C
3RD4495	E25DCD6C	378AD10C
3RD4542	E4EE32DC	378AD10C
3RD4561	E6377EEA	378AD10C
3RD4563	E64076CE	378AD10C
3RD4567	E6648288	378AD10C
3RD4573	E6F8006B	378AD10C
3RD4576	E72483EC	378AD10C
3RD4606	E8E50D99	378AD10C
3RD4666	EBCEE04E	378AD10C
3RD4692	ED123FBD	378AD10C
3RD4877	F70CFFFC	378AD10C
3RD4894	F7AC67A8	378AD10C
3RD4904	F8332625	378AD10C
3RD5049	FEA98F74	378AD10C
3RD482	17DDAAAE	3C1A74CD
3RD532	1AD0CDE3	3C1A74CD
3RD547	1B60B4EC	3C1A74CD
3RD697	2431E1ED	3C1A74CD
3RD699	244DC38E	3C1A74CD
3RD1027	342F6351	3C1A74CD
3RD1243	3F77172F	3C1A74CD
3RD73	469A115	3C1A74CD
3RD1561	4DAFB3A0	3C1A74CD
3RD108	5F086D4	3C1A74CD
3RD1969	631BDE78	3C1A74CD
3RD2099	6994CE1B	3C1A74CD
3RD3066	9A0F4C66	3C1A74CD
3RD3347	A896E975	3C1A74CD
3RD4070	CD1B152A	3C1A74CD
3RD4074	CD4B32DD	3C1A74CD
3RD4161	D2549F39	3C1A74CD
3RD4415	DE923818	3C1A74CD
3RD4520	E38C5F5F	3C1A74CD
3RD4980	FB55F19F	3C1A74CD
3RD171	929677D	3F7F3587
3RD340	1077DF15	485EE834
3RD351	115E3542	485EE834
3RD378	124793F3	485EE834
3RD390	12FC9F84	485EE834
3RD407	141955A6	485EE834
3RD410	14311499	485EE834
3RD420	14B3C01E	485EE834
3RD470	1768646B	485EE834
3RD487	181687A5	485EE834
3RD508	1920E958	485EE834
3RD556	1BDCCA3F	485EE834
3RD624	1FBC9BBB	485EE834
3RD658	21573C39	485EE834
3RD42	22039DB	485EE834
3RD688	2366962F	485EE834
3RD691	237FCE94	485EE834
3RD720	250E43A3	485EE834
3RD721	252CF7CD	485EE834
3RD739	26045EC6	485EE834
3RD802	28FA7456	485EE834
3RD50	299E176	485EE834
3RD838	2AB99162	485EE834
3RD851	2B9669B2	485EE834
3RD852	2B9A50BF	485EE834
3RD877	2C9EEFF4	485EE834
3RD878	2CACC8BD	485EE834
3RD885	2CFF5C25	485EE834
3RD891	2D588824	485EE834
3RD941	301ADE91	485EE834
3RD953	307961D7	485EE834
3RD967	3161BA3B	485EE834
3RD971	318918B0	485EE834
3RD972	31BC6B0D	485EE834
3RD1017	33B77A2C	485EE834
3RD1066	3643E60E	485EE834
3RD1104	387B1662	485EE834
3RD1136	39D8F20D	485EE834
3RD1140	3A0A519A	485EE834
3RD1144	3A1586B0	485EE834
3RD1202	3D3EC9DF	485EE834
3RD1212	3DC7FDBA	485EE834
3RD1213	3DCBF522	485EE834
3RD1223	3E4F6C02	485EE834
3RD1285	4171DF25	485EE834
3RD1302	42948753	485EE834
3RD1396	4602CBE1	485EE834
3RD1405	463F6A04	485EE834
3RD1409	4662B231	485EE834
3RD1431	47569DBA	485EE834
3RD1503	4AFF945A	485EE834
3RD1510	4B57C41A	485EE834
3RD1543	4CF67164	485EE834
3RD1559	4D9E9C21	485EE834
3RD1566	4E1BAEBC	485EE834
3RD1592	4F4E6DFE	485EE834
3RD1595	4F640E2B	485EE834
3RD1597	4F7F2128	485EE834
3RD1618	517D7F3C	485EE834
3RD1619	519707CE	485EE834
3RD1621	51CA4396	485EE834
3RD1656	5388D609	485EE834
3RD1660	53B85D0E	485EE834
3RD1666	53E04D2C	485EE834
3RD1667	53E4B6D6	485EE834
3RD1676	547E780E	485EE834
3RD1689	5544CBCE	485EE834
3RD1703	55CA3AA5	485EE834
3RD1717	5664AB24	485EE834
3RD1720	568DA6A5	485EE834
3RD1745	57986F0C	485EE834
3RD1770	58C980F4	485EE834
3RD99	595C0C6	485EE834
3RD1810	5AF32549	485EE834
3RD1817	5B4F5A36	485EE834
3RD1845	5CE6960E	485EE834
3RD1851	5D5A7A15	485EE834
3RD1863	5E3419ED	485EE834
3RD1877	5E9B72D4	485EE834
3RD1963	62CC54A5	485EE834
3RD1972	635395B8	485EE834
3RD1973	635E9E28	485EE834
3RD2005	646E5851	485EE834
3RD2011	64BF4BA8	485EE834
3RD115	6553A1E	485EE834
3RD2036	666FDE15	485EE834
3RD120	6807C61	485EE834
3RD2066	68569088	485EE834
3RD2135	6B34E212	485EE834
3RD2136	6B503B40	485EE834
3RD2137	6B5B32F7	485EE834
3RD2192	6E1A40D4	485EE834
3RD2236	71183141	485EE834
3RD2241	715DF1C8	485EE834
3RD2250	71B87A22	485EE834
3RD2310	743FFB04	485EE834
3RD2313	7466EAF7	485EE834
3RD2316	747C406F	485EE834
3RD2323	74DA69C2	485EE834
3RD2331	754BFA0C	485EE834
3RD2374	7750FCAB	485EE834
3RD2399	78B6D5F1	485EE834
3RD2425	7A253425	485EE834
3RD2445	7B343490	485EE834
3RD2478	7D411137	485EE834
3RD2519	7F3123B9	485EE834
3RD2540	7FDCE459	485EE834
3RD2554	804B354F	485EE834
3RD2572	80D6FB37	485EE834
3RD2573	80D71126	485EE834
3RD2575	80DC8309	485EE834
3RD2643	84D28A8C	485EE834
3RD2645	84FBF13F	485EE834
3RD2658	857B386C	485EE834
3RD2683	86ADE4D2	485EE834
3RD2705	87F58D7E	485EE834
3RD2722	88A4ED8A	485EE834
3RD2737	896A14FD	485EE834
3RD2739	89940286	485EE834
3RD2746	89FDD223	485EE834
3RD2787	8CBE5957	485EE834
3RD2802	8D5C224F	485EE834
3RD2805	8D76F872	485EE834
3RD2813	8DAD8759	485EE834
3RD2821	8E0C2B28	485EE834
3RD2851	8F2103E9	485EE834
3RD2856	8F386E7D	485EE834
3RD2866	8FCA6EA5	485EE834
3RD2894	918F80DB	485EE834
3RD2916	9239B3EB	485EE834
3RD2928	92E93C87	485EE834
3RD2953	940D2901	485EE834
3RD2998	969A2F5D	485EE834
3RD3018	97C2EDAD	485EE834
3RD3019	97CFFF00	485EE834
3RD3020	97EC9478	485EE834
3RD3074	9A58330A	485EE834
3RD3081	9ABE448C	485EE834
3RD3094	9B645C1F	485EE834
3RD3127	9CFF5F69	485EE834
3RD3164	9EF89A99	485EE834
3RD3201	A0B5D820	485EE834
3RD3215	A17582C5	485EE834
3RD3232	A26245AB	485EE834
3RD3249	A32A2410	485EE834
3RD3254	A372565C	485EE834
3RD3293	A576A38B	485EE834
3RD3307	A6818B2A	485EE834
3RD3327	A7A37D07	485EE834
3RD3367	A9B6F8C4	485EE834
3RD3373	A9D7E2BF	485EE834
3RD3385	AA528BBD	485EE834
3RD3403	AAD5FB16	485EE834
3RD3427	AC32D6BF	485EE834
3RD3510	B09696C9	485EE834
3RD3513	B0BF0EEF	485EE834
3RD3539	B218EBC8	485EE834
3RD3570	B340265A	485EE834
3RD3582	B3C2442C	485EE834
3RD3591	B43FA6A6	485EE834
3RD3593	B49DA053	485EE834
3RD3601	B52AFFE6	485EE834
3RD3680	B8974EB6	485EE834
3RD3706	B9DDA957	485EE834
3RD3712	BA22EDCE	485EE834
3RD3714	BA2E8B15	485EE834
3RD3740	BBA07969	485EE834
3RD3753	BC4B880E	485EE834
3RD3756	BC625D63	485EE834
3RD3781	BE1380B6	485EE834
3RD3934	C5F24BBE	485EE834
3RD3945	C663945D	485EE834
3RD3958	C6D2CBCC	485EE834
3RD3968	C72872EF	485EE834
3RD3976	C7851E19	485EE834
3RD3983	C7D9ED6F	485EE834
3RD4071	CD1BC7A8	485EE834
3RD4117	CF1A1F1A	485EE834
3RD4142	D124E070	485EE834
3RD4148	D173FA5D	485EE834
3RD274	D3EA212	485EE834
3RD4192	D3F6DF05	485EE834
3RD4200	D4473024	485EE834
3RD4232	D5A329A3	485EE834
3RD4263	D7A1EF1D	485EE834
3RD4299	D9D5611B	485EE834
3RD4354	DC0DA77C	485EE834
3RD4378	DD58BB97	485EE834
3RD4409	DE59724E	485EE834
3RD4422	DF3F15F3	485EE834
3RD4433	DF995295	485EE834
3RD4441	E01ED6F5	485EE834
3RD4481	E1E02067	485EE834
3RD4483	E1E54227	485EE834
3RD4490	E2308287	485EE834
3RD4494	E2477BA6	485EE834
3RD4638	EA865CA2	485EE834
3RD4646	EABFD665	485EE834
3RD4676	EC24B5D0	485EE834
3RD4685	ECCB45CA	485EE834
3RD4743	EF7A75AC	485EE834
3RD4773	F12DE0B8	485EE834
3RD4806	F29649CA	485EE834
3RD4851	F59BDA98	485EE834
3RD4853	F5AD0FA7	485EE834
3RD4887	F76E019A	485EE834
3RD4911	F8764861	485EE834
3RD4925	F90172E8	485EE834
3RD4927	F90EF9B3	485EE834
3RD5026	FD875415	485EE834
3RD5046	FE82A25A	485EE834
3RD5073	FFF383B7	485EE834
3RD373	122FDA38	514ADCEA
3RD473	178DE554	514ADCEA
3RD475	179C9A28	514ADCEA
3RD495	18431B65	514ADCEA
3RD533	1AD76E03	514ADCEA
3RD545	1B4EFB0C	514ADCEA
3RD558	1C2B7D29	514ADCEA
3RD570	1CD17C53	514ADCEA
3RD580	1D4F239D	514ADCEA
3RD622	1FA4AF45	514ADCEA
3RD633	201FF618	514ADCEA
3RD711	249D8BFB	514ADCEA
3RD822	29E63EBB	514ADCEA
3RD875	2C9A8EF1	514ADCEA
3RD1016	33A4CA1C	514ADCEA
3RD1072	36A8A30D	514ADCEA
3RD1096	37F8EE79	514ADCEA
3RD1156	3A8E5E1B	514ADCEA
3RD1216	3DDB7C4A	514ADCEA
3RD1230	3EDFC22D	514ADCEA
3RD1247	3FCD6991	514ADCEA
3RD1370	44FA74D3	514ADCEA
3RD83	4A0405E	514ADCEA
3RD1506	4B21D903	514ADCEA
3RD1614	510284D7	514ADCEA
3RD1624	51DEE67D	514ADCEA
3RD1674	5471ED51	514ADCEA
3RD1698	558A940F	514ADCEA
3RD1800	5A5B6A72	514ADCEA
3RD1970	6343A959	514ADCEA
3RD1984	63C43082	514ADCEA
3RD2053	6799878A	514ADCEA
3RD119	67E8D91	514ADCEA
3RD2065	6843B27B	514ADCEA
3RD2125	6A99400C	514ADCEA
3RD126	6F45099	514ADCEA
3RD2263	723C1A9F	514ADCEA
3RD2285	73039CFA	514ADCEA
3RD2301	73E1CAB1	514ADCEA
3RD2336	75692329	514ADCEA
3RD2474	7D34BD28	514ADCEA
3RD2482	7D8CE413	514ADCEA
3RD2507	7EB86042	514ADCEA
3RD2539	7FDC804F	514ADCEA
3RD2546	7FEE3603	514ADCEA
3RD2550	80247043	514ADCEA
3RD2660	858F6E0C	514ADCEA
3RD2721	889D65B5	514ADCEA
3RD2728	88EFC79A	514ADCEA
3RD2761	8AC5DBB4	514ADCEA
3RD2838	8E9C0631	514ADCEA
3RD2839	8E9ED364	514ADCEA
3RD2872	906683BA	514ADCEA
3RD2903	91B11358	514ADCEA
3RD2912	921624C2	514ADCEA
3RD2915	921E5BA3	514ADCEA
3RD199	A0A5883	514ADCEA
3RD3228	A21D2727	514ADCEA
3RD3231	A252B49F	514ADCEA
3RD3233	A26E094C	514ADCEA
3RD3287	A4FD0B40	514ADCEA
3RD206	A56CAE6	514ADCEA
3RD3298	A5CB81D1	514ADCEA
3RD3352	A918BD1E	514ADCEA
3RD3354	A9350AC0	514ADCEA
3RD3442	AD405B16	514ADCEA
3RD3590	B421D83D	514ADCEA
3RD3641	B7061BD2	514ADCEA
3RD228	B8CCF6E	514ADCEA
3RD3711	BA17DD28	514ADCEA
3RD3745	BBDB3C26	514ADCEA
3RD3757	BC8C316E	514ADCEA
3RD235	BDFF770	514ADCEA
3RD3796	BEC15EDB	514ADCEA
3RD237	BF380E6	514ADCEA
3RD3808	BF82FF9B	514ADCEA
3RD3824	C01EC2EF	514ADCEA
3RD3853	C1ACB933	514ADCEA
3RD3884	C33B060B	514ADCEA
3RD250	C597B86	514ADCEA
3RD3936	C60441E2	514ADCEA
3RD3943	C65ED5C7	514ADCEA
3RD3970	C7337E60	514ADCEA
3RD3987	C803514C	514ADCEA
3RD4003	C8DE7AB5	514ADCEA
3RD4048	CB9217B9	514ADCEA
3RD4095	CE22DD7F	514ADCEA
3RD4107	CEA88841	514ADCEA
3RD4130	D053E1E1	514ADCEA
3RD4166	D2A15D98	514ADCEA
3RD4178	D31BDC71	514ADCEA
3RD4210	D49CEDA9	514ADCEA
3RD4282	D8EBA1D0	514ADCEA
3RD4291	D9911CF6	514ADCEA
3RD286	DD70BAA	514ADCEA
3RD4396	DDD57CF0	514ADCEA
3RD4414	DE85201B	514ADCEA
3RD4472	E19C8472	514ADCEA
3RD4533	E4697F0C	514ADCEA
3RD4541	E4D34A3B	514ADCEA
3RD4571	E6D3C104	514ADCEA
3RD4651	EB35415A	514ADCEA
3RD4664	EB9A99E6	514ADCEA
3RD4727	EEE3139F	514ADCEA
3RD4779	F15CA56A	514ADCEA
3RD4784	F197A79E	514ADCEA
3RD4826	F467E964	514ADCEA
3RD4845	F541A2D8	514ADCEA
3RD4975	FB2AE64E	514ADCEA
3RD5004	FC752F23	514ADCEA
3RD5044	FE71E7D3	514ADCEA
3RD31	1890826	5E47CA6
3RD519	19C16BCF	5E47CA6
3RD524	1A0B29B9	5E47CA6
3RD557	1BE9BCE3	5E47CA6
3RD579	1D4D2B17	5E47CA6
3RD803	28FCD709	5E47CA6
3RD977	32025481	5E47CA6
3RD1001	32E35B69	5E47CA6
3RD1093	37B27474	5E47CA6
3RD1267	40E33A12	5E47CA6
3RD1377	4518FFD4	5E47CA6
3RD6	49664A	5E47CA6
3RD1466	497397FA	5E47CA6
3RD1723	56AB65A2	5E47CA6
3RD1880	5EBCF4A9	5E47CA6
3RD1936	6185473D	5E47CA6
3RD125	6D1C5D8	5E47CA6
3RD2370	772E736F	5E47CA6
3RD148	7F9C840	5E47CA6
3RD2820	8E0A006D	5E47CA6
3RD2879	90C4A69B	5E47CA6
3RD186	9AF186E	5E47CA6
3RD3117	9C777139	5E47CA6
3RD3279	A4C42DE1	5E47CA6
3RD3534	B1D3D422	5E47CA6
3RD3563	B2FCEDC5	5E47CA6
3RD3823	C01A70AF	5E47CA6
3RD4235	D5C6989F	5E47CA6
3RD4250	D6739D65	5E47CA6
3RD4392	DDB1ABD5	5E47CA6
3RD4498	E27F4A0F	5E47CA6
3RD4506	E2ED3B7E	5E47CA6
3RD4547	E561C067	5E47CA6
3RD4578	E73706BB	5E47CA6
3RD4653	EB3CC6F7	5E47CA6
3RD4827	F473211B	5E47CA6
3RD321	F4A1437	5E47CA6
3RD4840	F50DA268	5E47CA6
3RD4893	F7A464EC	5E47CA6
3RD325	F8F8F9C	5E47CA6
3RD4923	F8FD6278	5E47CA6
3RD361	11AB0D13	5FC29285
3RD372	122A8031	5FC29285
3RD404	13FB8390	5FC29285
3RD437	16040681	5FC29285
3RD441	1635050B	5FC29285
3RD29	1775D68	5FC29285
3RD492	183AA714	5FC29285
3RD542	1B34F56D	5FC29285
3RD36	1BA10D1	5FC29285
3RD553	1BA575B4	5FC29285
3RD560	1C331531	5FC29285
3RD599	1E462649	5FC29285
3RD629	2009E51C	5FC29285
3RD643	20A35112	5FC29285
3RD652	210E6DBF	5FC29285
3RD704	247D9D58	5FC29285
3RD726	25548912	5FC29285
3RD754	268143A1	5FC29285
3RD757	26B0AA16	5FC29285
3RD781	27FFC9B7	5FC29285
3RD813	2971AE7C	5FC29285
3RD814	297291E8	5FC29285
3RD829	2A3C7C67	5FC29285
3RD834	2A85B791	5FC29285
3RD841	2B0F32E9	5FC29285
3RD889	2D25C408	5FC29285
3RD910	2EB3DF9D	5FC29285
3RD913	2EC58E4F	5FC29285
3RD943	3028E9CE	5FC29285
3RD948	304DF14C	5FC29285
3RD994	32AC39B5	5FC29285
3RD1011	33557676	5FC29285
3RD1025	33F6C476	5FC29285
3RD1030	345C548F	5FC29285
3RD1038	34F6F862	5FC29285
3RD1050	35734D6C	5FC29285
3RD1064	3639CD47	5FC29285
3RD1095	37F82E59	5FC29285
3RD1119	393B4CEF	5FC29285
3RD1135	39C96D4A	5FC29285
3RD1176	3BC86E2F	5FC29285
3RD1192	3C6E7B12	5FC29285
3RD1249	3FF5021F	5FC29285
3RD1272	40F35643	5FC29285
3RD1291	41EADFB1	5FC29285
3RD68	4220885	5FC29285
3RD1306	42B29619	5FC29285
3RD1310	42C5E811	5FC29285
3RD1312	42CD55AC	5FC29285
3RD1340	43A5F8D1	5FC29285
3RD1353	448369DA	5FC29285
3RD1369	44F72328	5FC29285
3RD1384	457EE576	5FC29285
3RD1389	45B76707	5FC29285
3RD1395	45FB9BC2	5FC29285
3RD1427	47169CA5	5FC29285
3RD75	47E72BA	5FC29285
3RD76	47F2E07	5FC29285
3RD1456	48D4BD57	5FC29285
3RD1474	49C20EA9	5FC29285
3RD1529	4C3365D6	5FC29285
3RD1565	4DDE7887	5FC29285
3RD1589	4F28F2AE	5FC29285
3RD1609	50D83FB8	5FC29285
3RD1611	50DEB035	5FC29285
3RD1629	521A7446	5FC29285
3RD1638	528685E0	5FC29285
3RD1655	5384D2B7	5FC29285
3RD1696	5578442A	5FC29285
3RD1760	58568D3D	5FC29285
3RD1763	5873C0B2	5FC29285
3RD97	58FB6C2	5FC29285
3RD1775	59022D2E	5FC29285
3RD1778	59544008	5FC29285
3RD1783	59869CCD	5FC29285
3RD1820	5B745850	5FC29285
3RD1878	5EA5DB53	5FC29285
3RD1902	5FCD206D	5FC29285
3RD1911	602C2127	5FC29285
3RD109	6049CBE	5FC29285
3RD1931	613E1CE4	5FC29285
3RD1958	6262A155	5FC29285
3RD1975	636FB09F	5FC29285
3RD1977	6382EEE7	5FC29285
3RD1978	6393559E	5FC29285
3RD1997	642E48BC	5FC29285
3RD2044	672B8D59	5FC29285
3RD2064	683E69B6	5FC29285
3RD2073	6876B36E	5FC29285
3RD123	69903CD	5FC29285
3RD2116	6A2A641F	5FC29285
3RD2138	6B76D217	5FC29285
3RD2165	6CC85727	5FC29285
3RD2225	70A55B01	5FC29285
3RD2232	70EF62F3	5FC29285
3RD11	748F5E	5FC29285
3RD2324	74E128C4	5FC29285
3RD2329	750291EE	5FC29285
3RD2428	7A5D5056	5FC29285
3RD142	7A86C1C	5FC29285
3RD2437	7AD970DC	5FC29285
3RD2447	7B707740	5FC29285
3RD2468	7CDED64D	5FC29285
3RD2472	7D1789FD	5FC29285
3RD2508	7EBC5E47	5FC29285
3RD2527	7F82F8BC	5FC29285
3RD2543	7FE57E79	5FC29285
3RD2570	80CD6B5A	5FC29285
3RD2579	8109DFD0	5FC29285
3RD2603	824BC399	5FC29285
3RD155	82872D7	5FC29285
3RD2638	84A1969E	5FC29285
3RD2639	84B8F17A	5FC29285
3RD2650	850B0C4A	5FC29285
3RD2681	86943511	5FC29285
3RD2685	86D46983	5FC29285
3RD2686	86E11B21	5FC29285
3RD2691	8723AC4E	5FC29285
3RD2706	87FCE459	5FC29285
3RD2767	8AFA5580	5FC29285
3RD2781	8BF6F523	5FC29285
3RD2790	8CDA936B	5FC29285
3RD2809	8D95FBFA	5FC29285
3RD2819	8DF3351F	5FC29285
3RD2822	8E171ADC	5FC29285
3RD2831	8E7CAB74	5FC29285
3RD169	8E8D03B	5FC29285
3RD2840	8EA12D10	5FC29285
3RD2852	8F23F8AF	5FC29285
3RD2862	8FA91A7F	5FC29285
3RD2870	903B1E0C	5FC29285
3RD2884	91177DCA	5FC29285
3RD2888	912818ED	5FC29285
3RD2889	9133727B	5FC29285
3RD2893	918121B0	5FC29285
3RD2949	93D1A9D7	5FC29285
3RD2956	944AAB0A	5FC29285
3RD2975	956C5643	5FC29285
3RD2976	956F06C4	5FC29285
3RD179	95814E6	5FC29285
3RD2983	95CB499D	5FC29285
3RD3027	98532743	5FC29285
3RD3088	9B2F33F4	5FC29285
3RD3151	9E58CA0C	5FC29285
3RD3160	9EB1D69C	5FC29285
3RD3177	9FA94FA4	5FC29285
3RD3198	A08C4F93	5FC29285
3RD3213	A16B9F66	5FC29285
3RD3235	A2956331	5FC29285
3RD3247	A30C1A5F	5FC29285
3RD3250	A338DF7E	5FC29285
3RD3264	A3F217FC	5FC29285
3RD3266	A40CC346	5FC29285
3RD205	A55F6D5	5FC29285
3RD3310	A6AB4C04	5FC29285
3RD3321	A7502A86	5FC29285
3RD3334	A802CD9F	5FC29285
3RD3340	A8684BF9	5FC29285
3RD3359	A95CA5D2	5FC29285
3RD3360	A9642E63	5FC29285
3RD3371	A9C8620B	5FC29285
3RD3374	A9DAB044	5FC29285
3RD3440	AD35DACA	5FC29285
3RD3472	AEC8380B	5FC29285
3RD3505	B063FA00	5FC29285
3RD3524	B15800B6	5FC29285
3RD3535	B1E9465A	5FC29285
3RD3558	B2CE42D1	5FC29285
3RD3594	B49E6465	5FC29285
3RD3597	B4D24633	5FC29285
3RD3629	B6C0EC2F	5FC29285
3RD3659	B7FAAE60	5FC29285
3RD3671	B8516E3C	5FC29285
3RD3678	B880960F	5FC29285
3RD3692	B932FFC4	5FC29285
3RD3700	B99EF676	5FC29285
3RD3729	BAE91ADC	5FC29285
3RD3750	BC2D06D8	5FC29285
3RD3773	BDD420B2	5FC29285
3RD3786	BE38BB72	5FC29285
3RD3792	BE8AFAAB	5FC29285
3RD3818	BFEBA7C7	5FC29285
3RD3821	C0040D66	5FC29285
3RD3834	C076014A	5FC29285
3RD3858	C1DDFEE8	5FC29285
3RD3874	C2BDC3E6	5FC29285
3RD3887	C361807C	5FC29285
3RD3888	C364C4D0	5FC29285
3RD248	C437300	5FC29285
3RD3908	C4490AC9	5FC29285
3RD3915	C48AE64A	5FC29285
3RD3922	C4FE88AA	5FC29285
3RD3923	C500092A	5FC29285
3RD251	C634469	5FC29285
3RD3963	C700EEF2	5FC29285
3RD255	C977513	5FC29285
3RD256	C9912EA	5FC29285
3RD4028	CA050AAA	5FC29285
3RD4042	CB2352FC	5FC29285
3RD4047	CB87D610	5FC29285
3RD4054	CC1895CA	5FC29285
3RD4069	CCE237C6	5FC29285
3RD4082	CDA39FA0	5FC29285
3RD260	CDFD8C3	5FC29285
3RD4098	CE3EA9DB	5FC29285
3RD4129	D04F705D	5FC29285
3RD266	D0875AA	5FC29285
3RD4144	D1466093	5FC29285
3RD4147	D15BCAA7	5FC29285
3RD268	D1D6A51	5FC29285
3RD4165	D28CA7DE	5FC29285
3RD4181	D343A6C9	5FC29285
3RD4182	D35C88E7	5FC29285
3RD4204	D458671B	5FC29285
3RD4212	D4B8063C	5FC29285
3RD4216	D5058C35	5FC29285
3RD4228	D59424E1	5FC29285
3RD4236	D5CEA936	5FC29285
3RD4237	D5D22C02	5FC29285
3RD4241	D60B7C2E	5FC29285
3RD4269	D7F519A8	5FC29285
3RD4290	D95671AD	5FC29285
3RD4298	D9D0D1A3	5FC29285
3RD4304	DA14DFCD	5FC29285
3RD4307	DA3A900F	5FC29285
3RD4335	DB7B3B4F	5FC29285
3RD4366	DC9D82D6	5FC29285
3RD4369	DCCA957A	5FC29285
3RD4376	DD1E94B7	5FC29285
3RD4413	DE761F73	5FC29285
3RD4444	E044A156	5FC29285
3RD4448	E09D458F	5FC29285
3RD4458	E126A47B	5FC29285
3RD4464	E154252F	5FC29285
3RD4486	E1FEB8B4	5FC29285
3RD4507	E2FBA2C3	5FC29285
3RD4512	E3266E3C	5FC29285
3RD4514	E33AC526	5FC29285
3RD4523	E3F9C851	5FC29285
3RD4540	E4CB590B	5FC29285
3RD4551	E58F5BD4	5FC29285
3RD4554	E5CE4DD3	5FC29285
3RD4562	E63E59DA	5FC29285
3RD4569	E6AF2F88	5FC29285
3RD4577	E72B7364	5FC29285
3RD4589	E7CE7B40	5FC29285
3RD4590	E7D1AA1D	5FC29285
3RD4599	E86EEEDF	5FC29285
3RD4601	E89BA14E	5FC29285
3RD4611	E94156DB	5FC29285
3RD4613	E94A904D	5FC29285
3RD4614	E95077AA	5FC29285
3RD4654	EB52AB03	5FC29285
3RD4658	EB736444	5FC29285
3RD4677	EC2ED70A	5FC29285
3RD4696	ED8351A6	5FC29285
3RD4711	EE65B8B0	5FC29285
3RD4724	EECB893A	5FC29285
3RD4748	EF9C5CD1	5FC29285
3RD4758	F078DF9F	5FC29285
3RD4760	F08DBCB5	5FC29285
3RD4780	F1617140	5FC29285
3RD4782	F17D61AB	5FC29285
3RD4790	F1D088AA	5FC29285
3RD4821	F38AE94C	5FC29285
3RD4823	F3CAF84B	5FC29285
3RD4849	F58612EF	5FC29285
3RD4868	F6B66DAE	5FC29285
3RD4871	F6CE4936	5FC29285
3RD4873	F6EBF230	5FC29285
3RD4879	F71FFDB4	5FC29285
3RD4909	F856D334	5FC29285
3RD4924	F8FDCEB1	5FC29285
3RD326	F944431	5FC29285
3RD4940	F9B6C7AF	5FC29285
3RD4946	F9E30D01	5FC29285
3RD4962	FAA573F7	5FC29285
3RD4967	FAE3D1AC	5FC29285
3RD4971	FAF9738B	5FC29285
3RD4981	FB5A46CB	5FC29285
3RD335	103945D2	662AC34
3RD25	12F06E5	662AC34
3RD413	14511493	662AC34
3RD415	1454CD05	662AC34
3RD429	15B760CE	662AC34
3RD460	16F991F3	662AC34
3RD548	1B67B645	662AC34
3RD627	1FE4C114	662AC34
3RD640	2099FE43	662AC34
3RD668	21FBEC56	662AC34
3RD706	24876E6E	662AC34
3RD788	285EF3C5	662AC34
3RD808	2937366E	662AC34
3RD826	2A051119	662AC34
3RD854	2B9F5885	662AC34
3RD901	2E0985BD	662AC34
3RD933	2FAEA6FF	662AC34
3RD938	2FE1CD88	662AC34
3RD985	3245488A	662AC34
3RD999	32D13493	662AC34
3RD1008	331C352D	662AC34
3RD1037	34E71F2D	662AC34
3RD1041	35001F5B	662AC34
3RD1051	357B1055	662AC34
3RD1055	35B7EAE5	662AC34
3RD1057	35CFECEA	662AC34
3RD1215	3DDB4358	662AC34
3RD1320	4318BB90	662AC34
3RD1324	4335BBC6	662AC34
3RD1337	439AF326	662AC34
3RD1357	44935817	662AC34
3RD1363	44BBED77	662AC34
3RD1381	456259B9	662AC34
3RD1440	47AD4C69	662AC34
3RD1471	49AA6524	662AC34
3RD1572	4E5700AD	662AC34
3RD1604	506BD636	662AC34
3RD1665	53DEADA3	662AC34
3RD1713	5636FE35	662AC34
3RD1729	56DC91B4	662AC34
3RD1759	584BFF88	662AC34
3RD1765	588472B5	662AC34
3RD1793	5A25033E	662AC34
3RD1804	5A89365C	662AC34
3RD1809	5ADBE6C7	662AC34
3RD1865	5E3C041D	662AC34
3RD1879	5EA672AB	662AC34
3RD1888	5F18E68B	662AC34
3RD1904	5FE0A3C0	662AC34
3RD1930	612141B7	662AC34
3RD1941	61B03128	662AC34
3RD1987	63DC884B	662AC34
3RD2003	645D9A82	662AC34
3RD2058	67E21BAF	662AC34
3RD2082	68E0F720	662AC34
3RD2115	6A22D58F	662AC34
3RD2124	6A8B121C	662AC34
3RD2147	6BC8A685	662AC34
3RD2161	6C8CA0BE	662AC34
3RD2216	6FF60632	662AC34
3RD2283	72DDB782	662AC34
3RD139	778C451	662AC34
3RD2458	7C1A1C9A	662AC34
3RD2466	7CC91DEC	662AC34
3RD2470	7CF8B6F7	662AC34
3RD2481	7D86CA01	662AC34
3RD2483	7DA5012F	662AC34
3RD2512	7EDEFF07	662AC34
3RD2532	7F92A782	662AC34
3RD2545	7FE8D2B8	662AC34
3RD2580	811953F9	662AC34
3RD2598	8207A96D	662AC34
3RD2608	82B0CD06	662AC34
3RD2651	850BEE12	662AC34
3RD2659	8587F8D7	662AC34
3RD2753	8A68B937	662AC34
3RD2759	8A981B19	662AC34
3RD2769	8B28DDF2	662AC34
3RD2785	8CAB9AA0	662AC34
3RD2792	8CED87A2	662AC34
3RD2801	8D5A6C7B	662AC34
3RD2803	8D724341	662AC34
3RD2885	912269E9	662AC34
3RD2897	91A4A492	662AC34
3RD2992	9655D58A	662AC34
3RD3034	98A9373B	662AC34
3RD3045	98FC7999	662AC34
3RD3082	9ADD2381	662AC34
3RD3114	9C4FE0FC	662AC34
3RD194	9E71344	662AC34
3RD3168	9F1D0FFC	662AC34
3RD3176	9F984079	662AC34
3RD3202	A0C1A57D	662AC34
3RD3285	A4EECA95	662AC34
3RD3329	A7B173C8	662AC34
3RD3365	A9A92514	662AC34
3RD3435	ACE0FE1B	662AC34
3RD3500	B02F4E25	662AC34
3RD3501	B051E688	662AC34
3RD3512	B0B989D3	662AC34
3RD3514	B0E68632	662AC34
3RD3533	B1B0E2D9	662AC34
3RD3615	B60C291D	662AC34
3RD3619	B642ECEE	662AC34
3RD3645	B73B93D4	662AC34
3RD3649	B762C087	662AC34
3RD3724	BAC31ADF	662AC34
3RD3789	BE69EA9A	662AC34
3RD3800	BEFE2261	662AC34
3RD3841	C0D9812A	662AC34
3RD3842	C0F42741	662AC34
3RD3860	C1F389CF	662AC34
3RD3890	C386440D	662AC34
3RD3967	C719B693	662AC34
3RD4116	CF16A415	662AC34
3RD4179	D32E25D3	662AC34
3RD4215	D4EE17A2	662AC34
3RD4217	D50B5276	662AC34
3RD4357	DC2EC4D3	662AC34
3RD4447	E0996597	662AC34
3RD4492	E2380C13	662AC34
3RD4502	E2C3B34D	662AC34
3RD4509	E314CC11	662AC34
3RD4517	E36B83E7	662AC34
3RD4521	E3C3C1CE	662AC34
3RD300	E815A12	662AC34
3RD4597	E84975EF	662AC34
3RD4605	E8E07A20	662AC34
3RD4668	EBE50D2A	662AC34
3RD4678	EC605837	662AC34
3RD4712	EE691AE8	662AC34
3RD4791	F1EB20E6	662AC34
3RD4835	F4C36F6E	662AC34
3RD5027	FD91C3AA	662AC34
3RD5028	FD954A20	662AC34
3RD5074	FFFBFF6E	662AC34
3RD1052	35A189B4	72E6EF74
3RD1401	462C2AC9	72E6EF74
3RD2314	74748761	72E6EF74
3RD3133	9D2DD8D3	72E6EF74
3RD3278	A4BC4E10	72E6EF74
3RD3462	AE789C10	72E6EF74
3RD3493	AFD07E18	72E6EF74
3RD3719	BA92939C	72E6EF74
3RD4584	E79BEDAE	72E6EF74
3RD4777	F14A010A	72E6EF74
3RD332	102A2B4A	7505EF42
3RD350	114BB734	7505EF42
3RD371	1209B55D	7505EF42
3RD494	183E7192	7505EF42
3RD588	1DD39EAA	7505EF42
3RD598	1E40FEB7	7505EF42
3RD620	1F94815E	7505EF42
3RD638	205851FA	7505EF42
3RD653	2121844C	7505EF42
3RD683	2311DAC0	7505EF42
3RD823	29E9DEC9	7505EF42
3RD840	2AD7FC0A	7505EF42
3RD843	2B29BABE	7505EF42
3RD876	2C9DE431	7505EF42
3RD898	2DCAF428	7505EF42
3RD925	2F5C20C1	7505EF42
3RD1036	34D77E4B	7505EF42
3RD1047	355E7C06	7505EF42
3RD1056	35CD001E	7505EF42
3RD1115	39249577	7505EF42
3RD1301	4292179D	7505EF42
3RD1341	43C218CD	7505EF42
3RD1390	45B94D7B	7505EF42
3RD1416	46A49515	7505EF42
3RD1489	4A1B2666	7505EF42
3RD1532	4C5EFD28	7505EF42
3RD1571	4E4F9506	7505EF42
3RD1626	51F64A32	7505EF42
3RD1653	536EE8E6	7505EF42
3RD1693	55680F3A	7505EF42
3RD1790	5A0AC899	7505EF42
3RD1947	61F6A857	7505EF42
3RD2001	6443EECD	7505EF42
3RD2149	6C126CA8	7505EF42
3RD2260	723275A9	7505EF42
3RD2290	73655F31	7505EF42
3RD2586	8161672C	7505EF42
3RD2605	827A1DE1	7505EF42
3RD2633	84790054	7505EF42
3RD2698	87750750	7505EF42
3RD3000	96BAA5DB	7505EF42
3RD3042	98DFD804	7505EF42
3RD3077	9A71994C	7505EF42
3RD3158	9E7E107A	7505EF42
3RD3165	9F06D6FA	7505EF42
3RD3251	A33A5AF7	7505EF42
3RD3407	AAF4CE4F	7505EF42
3RD3444	AD4C7385	7505EF42
3RD3592	B45AF080	7505EF42
3RD3656	B7E75437	7505EF42
3RD3663	B80D6880	7505EF42
3RD3755	BC5A9F11	7505EF42
3RD14	BEA7D8	7505EF42
3RD3897	C3BE98CC	7505EF42
3RD15	C59A1E	7505EF42
3RD3941	C651CEDA	7505EF42
3RD3948	C678F15A	7505EF42
3RD4044	CB28A7A0	7505EF42
3RD4049	CBAC2FEC	7505EF42
3RD16	CDA7E2	7505EF42
3RD277	D4B5CCC	7505EF42
3RD4223	D54C432C	7505EF42
3RD4276	D8634215	7505EF42
3RD4281	D8C96FC9	7505EF42
3RD4565	E64C5466	7505EF42
3RD4574	E6FFE693	7505EF42
3RD4616	E961B026	7505EF42
3RD4673	EBFE1A32	7505EF42
3RD4715	EE790339	7505EF42
3RD4717	EE7E0357	7505EF42
3RD4722	EEB86EBF	7505EF42
3RD4761	F097459E	7505EF42
3RD4768	F0E6DA32	7505EF42
3RD4795	F21BDCA0	7505EF42
3RD4913	F88E78EA	7505EF42
3RD5064	FF4F8995	7505EF42
3RD5068	FF8F13BB	7505EF42
3RD5069	FFB213E5	7505EF42
3RD5072	FFEA783D	7505EF42
3RD337	10428984	777EC6EF
3RD339	106A2126	777EC6EF
3RD357	118E7E7C	777EC6EF
3RD386	12CB6473	777EC6EF
3RD395	134D7E03	777EC6EF
3RD398	139F347E	777EC6EF
3RD406	141281DC	777EC6EF
3RD416	14683CDF	777EC6EF
3RD446	16644E3C	777EC6EF
3RD447	167E2D05	777EC6EF
3RD27	168BC01	777EC6EF
3RD450	1696E043	777EC6EF
3RD0	16BF0A	777EC6EF
3RD461	16FCED9F	777EC6EF
3RD462	170C3806	777EC6EF
3RD28	173C28D	777EC6EF
3RD469	176667FC	777EC6EF
3RD484	17FB33E1	777EC6EF
3RD486	1812B30C	777EC6EF
3RD490	1832A361	777EC6EF
3RD518	19A310DD	777EC6EF
3RD32	19ADA9E	777EC6EF
3RD521	19E17B75	777EC6EF
3RD526	1A3F3C87	777EC6EF
3RD34	1AEBC0B	777EC6EF
3RD35	1AFAC5E	777EC6EF
3RD546	1B5171BD	777EC6EF
3RD549	1B844230	777EC6EF
3RD555	1BCE1200	777EC6EF
3RD569	1CCD18F6	777EC6EF
3RD577	1D2C6CF0	777EC6EF
3RD38	1D890F1	777EC6EF
3RD595	1E317510	777EC6EF
3RD603	1E9E514B	777EC6EF
3RD606	1ECA005A	777EC6EF
3RD613	1F5C066E	777EC6EF
3RD623	1FAE7296	777EC6EF
3RD628	1FED53E5	777EC6EF
3RD655	2142C56C	777EC6EF
3RD43	2209850	777EC6EF
3RD44	224B75F	777EC6EF
3RD677	229E9FD4	777EC6EF
3RD681	22E425D4	777EC6EF
3RD707	2487EA83	777EC6EF
3RD709	2490C301	777EC6EF
3RD47	24AC372	777EC6EF
3RD725	25495480	777EC6EF
3RD727	256489A5	777EC6EF
3RD735	25C52541	777EC6EF
3RD753	267D2A91	777EC6EF
3RD767	27304EB2	777EC6EF
3RD769	27449248	777EC6EF
3RD776	27C604C3	777EC6EF
3RD780	27FF17F4	777EC6EF
3RD804	2903520F	777EC6EF
3RD806	2924D60F	777EC6EF
3RD817	299D8BF8	777EC6EF
3RD824	2A01AB6F	777EC6EF
3RD830	2A63DFD4	777EC6EF
3RD845	2B39DA06	777EC6EF
3RD856	2BB1FFBC	777EC6EF
3RD881	2CC9DE4E	777EC6EF
3RD909	2E9CE93B	777EC6EF
3RD966	3147F69A	777EC6EF
3RD980	3210A6E7	777EC6EF
3RD997	32C86F7E	777EC6EF
3RD998	32CA7220	777EC6EF
3RD1005	32F97A01	777EC6EF
3RD1023	33DFE811	777EC6EF
3RD1042	35003A74	777EC6EF
3RD1068	364CEF80	777EC6EF
3RD1090	3783F3C2	777EC6EF
3RD1094	37BB73FE	777EC6EF
3RD1099	3833A59E	777EC6EF
3RD1101	3851AC21	777EC6EF
3RD1102	38597BBF	777EC6EF
3RD1110	38EE0E54	777EC6EF
3RD1116	39323A5A	777EC6EF
3RD1125	395F7680	777EC6EF
3RD1128	397DC47B	777EC6EF
3RD1130	39A20DF7	777EC6EF
3RD1151	3A7DA081	777EC6EF
3RD1157	3AAE4CC8	777EC6EF
3RD1167	3B5C2F75	777EC6EF
3RD1175	3BC0040B	777EC6EF
3RD1217	3DEDBF9A	777EC6EF
3RD1271	40F18BC8	777EC6EF
3RD1280	414A8DA5	777EC6EF
3RD1283	416BDD3B	777EC6EF
3RD1284	41700AEC	777EC6EF
3RD1305	42A08906	777EC6EF
3RD1327	43418B25	777EC6EF
3RD1349	442C5B73	777EC6EF
3RD71	4454B51	777EC6EF
3RD1352	44746054	777EC6EF
3RD1355	448E7C18	777EC6EF
3RD1374	451342E3	777EC6EF
3RD1380	4547433B	777EC6EF
3RD1404	463CCE3C	777EC6EF
3RD1406	46407380	777EC6EF
3RD1415	46A41032	777EC6EF
3RD1428	471D1D33	777EC6EF
3RD1441	47C66AE7	777EC6EF
3RD78	48FFE11	777EC6EF
3RD80	498C261	777EC6EF
3RD1470	49A9D712	777EC6EF
3RD1473	49BCDB6F	777EC6EF
3RD1483	49FA22ED	777EC6EF
3RD1488	4A1B1487	777EC6EF
3RD1507	4B24D90F	777EC6EF
3RD1509	4B516716	777EC6EF
3RD1517	4B98F195	777EC6EF
3RD1538	4CAF9C45	777EC6EF
3RD1539	4CB33AC1	777EC6EF
3RD1551	4D3FCA77	777EC6EF
3RD1554	4D5CAACE	777EC6EF
3RD1556	4D8E1B24	777EC6EF
3RD7	4DE798	777EC6EF
3RD1570	4E4EDC42	777EC6EF
3RD1573	4E5E8457	777EC6EF
3RD1587	4F142938	777EC6EF
3RD1588	4F22177B	777EC6EF
3RD1598	4FA2A22B	777EC6EF
3RD1602	5044ACC1	777EC6EF
3RD1630	521A9E14	777EC6EF
3RD1642	52C6294D	777EC6EF
3RD89	5308A6A	777EC6EF
3RD1654	5382AF11	777EC6EF
3RD1668	53F7C2E6	777EC6EF
3RD1670	53FCE0A6	777EC6EF
3RD1678	548BC2FC	777EC6EF
3RD1686	54F92DB7	777EC6EF
3RD1687	5515E83E	777EC6EF
3RD1692	55666C8F	777EC6EF
3RD1695	5576E024	777EC6EF
3RD1710	55ED8591	777EC6EF
3RD1721	56906647	777EC6EF
3RD1731	56EC5D2B	777EC6EF
3RD1737	573C017E	777EC6EF
3RD1761	586F749D	777EC6EF
3RD1786	59D61AAB	777EC6EF
3RD1787	59DB5F3C	777EC6EF
3RD1791	5A0F0491	777EC6EF
3RD1806	5AA378E9	777EC6EF
3RD1827	5BB8C66A	777EC6EF
3RD1830	5BE77FC4	777EC6EF
3RD1831	5BE78846	777EC6EF
3RD1833	5C427829	777EC6EF
3RD1850	5D3DB45A	777EC6EF
3RD1858	5DDCB4F0	777EC6EF
3RD1866	5E3E7F42	777EC6EF
3RD1871	5E7E1037	777EC6EF
3RD1875	5E9000DE	777EC6EF
3RD1884	5EE73C80	777EC6EF
3RD1894	5F54F8AC	777EC6EF
3RD1912	60464094	777EC6EF
3RD110	60F172B	777EC6EF
3RD1929	6110CEAC	777EC6EF
3RD1939	61A3A671	777EC6EF
3RD1946	61F4E544	777EC6EF
3RD1952	622C861B	777EC6EF
3RD1965	62F06093	777EC6EF
3RD1967	62FA8C36	777EC6EF
3RD1971	6344049A	777EC6EF
3RD1981	63B59FBD	777EC6EF
3RD2008	6498D13D	777EC6EF
3RD2012	64CC4C82	777EC6EF
3RD2026	65C3133B	777EC6EF
3RD2039	6680C937	777EC6EF
3RD2055	67B8B012	777EC6EF
3RD2059	67E4A03C	777EC6EF
3RD2062	681DFBC1	777EC6EF
3RD2069	6860D453	777EC6EF
3RD2076	688347E7	777EC6EF
3RD2104	69CEF65C	777EC6EF
3RD2110	6A09E09E	777EC6EF
3RD2134	6AFABCF4	777EC6EF
3RD2139	6B7850CF	777EC6EF
3RD2152	6C480429	777EC6EF
3RD2167	6CCCE1E9	777EC6EF
3RD2175	6D39C172	777EC6EF
3RD2177	6D45CFC3	777EC6EF
3RD2183	6DADFCCE	777EC6EF
3RD2185	6DC21B28	777EC6EF
3RD2193	6E1A9B10	777EC6EF
3RD2199	6E6EEBD6	777EC6EF
3RD2203	6E7F1234	777EC6EF
3RD2220	702A9977	777EC6EF
3RD2221	70512264	777EC6EF
3RD2223	708DE4E0	777EC6EF
3RD2239	71583B02	777EC6EF
3RD2246	7191A135	777EC6EF
3RD2257	71F870B7	777EC6EF
3RD2268	72878D6E	777EC6EF
3RD131	72A0150	777EC6EF
3RD2279	72B8B5E8	777EC6EF
3RD132	72D083A	777EC6EF
3RD2289	735270F9	777EC6EF
3RD2312	74559430	777EC6EF
3RD2319	74A22461	777EC6EF
3RD2325	74E52BA8	777EC6EF
3RD2326	74EB2D94	777EC6EF
3RD2350	76653FD0	777EC6EF
3RD2354	768A0E6E	777EC6EF
3RD2361	76D275B0	777EC6EF
3RD2376	777B41FC	777EC6EF
3RD2377	7790C8D7	777EC6EF
3RD2401	78C16DB8	777EC6EF
3RD2405	78F234A9	777EC6EF
3RD2432	7AAA8A25	777EC6EF
3RD2436	7AD86F8F	777EC6EF
3RD2442	7B05A1A4	777EC6EF
3RD2448	7B7879D6	777EC6EF
3RD146	7CEE7F1	777EC6EF
3RD2491	7DD7B0D9	777EC6EF
3RD2494	7E02A6B2	777EC6EF
3RD2510	7ECB9F09	777EC6EF
3RD2516	7F16AB94	777EC6EF
3RD2520	7F337D28	777EC6EF
3RD2535	7FBFC141	777EC6EF
3RD2536	7FD48EA5	777EC6EF
3RD2538	7FD5033B	777EC6EF
3RD2557	806D5CFA	777EC6EF
3RD2559	8084517F	777EC6EF
3RD2560	808A3FEF	777EC6EF
3RD2564	80A64941	777EC6EF
3RD2567	80BCB6AF	777EC6EF
3RD2569	80CA29F3	777EC6EF
3RD154	818983A	777EC6EF
3RD2594	81D7FBA9	777EC6EF
3RD2595	81EB1E88	777EC6EF
3RD2596	81EC7D0F	777EC6EF
3RD2600	8223807C	777EC6EF
3RD2610	82BE1985	777EC6EF
3RD2615	831441A5	777EC6EF
3RD2619	83724688	777EC6EF
3RD2621	838A9220	777EC6EF
3RD2640	84C063E3	777EC6EF
3RD2664	8595CDF0	777EC6EF
3RD2675	8657DF9A	777EC6EF
3RD2682	869D0271	777EC6EF
3RD161	8786B51	777EC6EF
3RD2701	8795E216	777EC6EF
3RD2709	882F1302	777EC6EF
3RD2718	88828A3B	777EC6EF
3RD2725	88DD9E45	777EC6EF
3RD2729	8901E509	777EC6EF
3RD2745	89F3DB9C	777EC6EF
3RD2750	8A4D49C4	777EC6EF
3RD2795	8D093B84	777EC6EF
3RD2800	8D4D5A54	777EC6EF
3RD170	8E944E8	777EC6EF
3RD2836	8E95A9B9	777EC6EF
3RD2858	8F51760D	777EC6EF
3RD2864	8FB9BA25	777EC6EF
3RD2896	91A32803	777EC6EF
3RD2900	91AACBB4	777EC6EF
3RD2901	91AAFF75	777EC6EF
3RD2906	91C04F05	777EC6EF
3RD2910	91F80AEE	777EC6EF
3RD2917	92514614	777EC6EF
3RD2927	92DEEDB2	777EC6EF
3RD2930	92F6E591	777EC6EF
3RD2931	9307448D	777EC6EF
3RD2943	93A7B3D9	777EC6EF
3RD2959	946124F7	777EC6EF
3RD178	95265C0	777EC6EF
3RD2977	958B87E0	777EC6EF
3RD2984	95D36E6B	777EC6EF
3RD2987	960A2FA5	777EC6EF
3RD2989	96272F37	777EC6EF
3RD2990	962993EC	777EC6EF
3RD3005	970E7E93	777EC6EF
3RD3016	97BBE339	777EC6EF
3RD3039	98DAA6EC	777EC6EF
3RD3047	9921253C	777EC6EF
3RD3056	9978D8D9	777EC6EF
3RD3059	99A50EA3	777EC6EF
3RD3065	9A074098	777EC6EF
3RD3072	9A490CE3	777EC6EF
3RD3078	9A722E1A	777EC6EF
3RD3083	9AE308CB	777EC6EF
3RD3101	9BB91391	777EC6EF
3RD3123	9CB59825	777EC6EF
3RD3130	9D1FEF69	777EC6EF
3RD3142	9DBC4383	777EC6EF
3RD193	9DBDB6A	777EC6EF
3RD3154	9E72D797	777EC6EF
3RD3167	9F18E9B6	777EC6EF
3RD12	9F5E0E	777EC6EF
3RD3173	9F874C4C	777EC6EF
3RD3179	9FBAFD87	777EC6EF
3RD3243	A2FB18EC	777EC6EF
3RD3260	A3BAAE73	777EC6EF
3RD3273	A454A01B	777EC6EF
3RD3284	A4EA252D	777EC6EF
3RD3294	A58D09F8	777EC6EF
3RD3308	A68248D1	777EC6EF
3RD3312	A6D40EA5	777EC6EF
3RD3320	A735F6CA	777EC6EF
3RD3324	A76301CD	777EC6EF
3RD3326	A79D28EF	777EC6EF
3RD3328	A7AFC941	777EC6EF
3RD3338	A83D5F76	777EC6EF
3RD3344	A88DA96C	777EC6EF
3RD3350	A9112527	777EC6EF
3RD3376	A9FF62FA	777EC6EF
3RD3395	AA8EBCB6	777EC6EF
3RD3421	ABBBDB3B	777EC6EF
3RD3423	ABCDE425	777EC6EF
3RD3428	AC44733A	777EC6EF
3RD3437	AD2BB9E9	777EC6EF
3RD3461	AE579B32	777EC6EF
3RD3465	AE821EC5	777EC6EF
3RD3469	AE89A4C7	777EC6EF
3RD3492	AFCADBCA	777EC6EF
3RD3496	B00A681F	777EC6EF
3RD3507	B0759EFC	777EC6EF
3RD215	B076E66	777EC6EF
3RD218	B0CE90E	777EC6EF
3RD3519	B110EF5F	777EC6EF
3RD3529	B176DBAF	777EC6EF
3RD220	B17D9EF	777EC6EF
3RD3530	B186E69E	777EC6EF
3RD3531	B19E64C1	777EC6EF
3RD3544	B2389F8D	777EC6EF
3RD3547	B26EDA14	777EC6EF
3RD3548	B28027C4	777EC6EF
3RD3552	B2AB2893	777EC6EF
3RD3562	B2F3D31B	777EC6EF
3RD3571	B34B707E	777EC6EF
3RD3572	B35859AA	777EC6EF
3RD3584	B3C7ADEA	777EC6EF
3RD3598	B4E4BCBF	777EC6EF
3RD3603	B55F6B0E	777EC6EF
3RD3605	B57DE4DD	777EC6EF
3RD3611	B5CF62AB	777EC6EF
3RD3626	B67BAC9A	777EC6EF
3RD3627	B692C944	777EC6EF
3RD3628	B696449E	777EC6EF
3RD3631	B6C586D0	777EC6EF
3RD3643	B7204999	777EC6EF
3RD3644	B73AAD53	777EC6EF
3RD3665	B83798C9	777EC6EF
3RD3669	B84F5837	777EC6EF
3RD3675	B86A7591	777EC6EF
3RD3682	B8C2ED52	777EC6EF
3RD3687	B8E94E9B	777EC6EF
3RD229	B901AE2	777EC6EF
3RD3696	B952CC5A	777EC6EF
3RD3717	BA6008CC	777EC6EF
3RD3718	BA92041F	777EC6EF
3RD3731	BB150367	777EC6EF
3RD3733	BB33B828	777EC6EF
3RD3738	BB9FB550	777EC6EF
3RD3741	BBA67753	777EC6EF
3RD3759	BCA38455	777EC6EF
3RD3764	BCDEBA24	777EC6EF
3RD3765	BD0041B4	777EC6EF
3RD3768	BD32739A	777EC6EF
3RD3776	BDE07F84	777EC6EF
3RD3793	BE8CD00F	777EC6EF
3RD3806	BF74D73A	777EC6EF
3RD3815	BFCD3AB6	777EC6EF
3RD3837	C09D9798	777EC6EF
3RD242	C13D14F	777EC6EF
3RD3847	C167878B	777EC6EF
3RD243	C19DCB7	777EC6EF
3RD3854	C1B9FD51	777EC6EF
3RD3867	C24179B9	777EC6EF
3RD3876	C2DC11DE	777EC6EF
3RD3878	C2F10FCD	777EC6EF
3RD3895	C3AD3A61	777EC6EF
3RD3906	C42FE214	777EC6EF
3RD3912	C46D487D	777EC6EF
3RD3929	C595FE25	777EC6EF
3RD3950	C68E653D	777EC6EF
3RD3961	C6F399CC	777EC6EF
3RD252	C6FD18D	777EC6EF
3RD3977	C790F61F	777EC6EF
3RD3982	C7C5EC54	777EC6EF
3RD3998	C87CEC52	777EC6EF
3RD4005	C8E5C4D2	777EC6EF
3RD4006	C8EE6DFB	777EC6EF
3RD4026	C9EED59E	777EC6EF
3RD4046	CB74973C	777EC6EF
3RD4058	CC59ACBF	777EC6EF
3RD4061	CC7B5707	777EC6EF
3RD4064	CCBBEC7C	777EC6EF
3RD4066	CCD224B2	777EC6EF
3RD4067	CCD5A6E8	777EC6EF
3RD4068	CCDC7209	777EC6EF
3RD4080	CD9102C2	777EC6EF
3RD4085	CDBD9B81	777EC6EF
3RD4087	CDC99F7F	777EC6EF
3RD4093	CDFFC459	777EC6EF
3RD4104	CE712BDD	777EC6EF
3RD4123	CFC41281	777EC6EF
3RD4125	D032AA50	777EC6EF
3RD264	D03D522	777EC6EF
3RD4143	D1457580	777EC6EF
3RD4156	D218804F	777EC6EF
3RD4167	D2B26D18	777EC6EF
3RD4168	D2B81A62	777EC6EF
3RD4175	D2F4E3FE	777EC6EF
3RD4188	D3D35CDB	777EC6EF
3RD4193	D3F7E30B	777EC6EF
3RD4197	D4221061	777EC6EF
3RD4229	D59845E1	777EC6EF
3RD4234	D5C1EB3F	777EC6EF
3RD4286	D918E538	777EC6EF
3RD4293	D9AF33B1	777EC6EF
3RD4305	DA2CF26A	777EC6EF
3RD4311	DA7810F6	777EC6EF
3RD4312	DA8396A6	777EC6EF
3RD4313	DA928F86	777EC6EF
3RD4315	DAAA10B4	777EC6EF
3RD4316	DAACBA15	777EC6EF
3RD4331	DB549379	777EC6EF
3RD4355	DC1A88A6	777EC6EF
3RD4361	DC5E337D	777EC6EF
3RD4362	DC6520BE	777EC6EF
3RD4370	DCCD61F4	777EC6EF
3RD4386	DD84373C	777EC6EF
3RD4391	DDAC0E4D	777EC6EF
3RD4400	DDE974F3	777EC6EF
3RD4412	DE75C6D6	777EC6EF
3RD4443	E03BC081	777EC6EF
3RD4452	E0CF855F	777EC6EF
3RD4454	E0E02960	777EC6EF
3RD4457	E10E370E	777EC6EF
3RD4467	E16A4DE2	777EC6EF
3RD4471	E197BC64	777EC6EF
3RD4496	E268B7CA	777EC6EF
3RD4501	E2AA4A10	777EC6EF
3RD4503	E2D4A00A	777EC6EF
3RD4513	E32DE10C	777EC6EF
3RD4527	E444C2CE	777EC6EF
3RD4528	E44DC1D0	777EC6EF
3RD4530	E45724CC	777EC6EF
3RD297	E5FB374	777EC6EF
3RD4558	E60C5004	777EC6EF
3RD4566	E654AC55	777EC6EF
3RD4568	E67EDA3A	777EC6EF
3RD4595	E846C57F	777EC6EF
3RD4604	E8DD8AE3	777EC6EF
3RD4615	E95DF433	777EC6EF
3RD4627	E9BBFA39	777EC6EF
3RD4635	EA6EC7D6	777EC6EF
3RD4665	EBC0616B	777EC6EF
3RD4670	EBEFA02A	777EC6EF
3RD4675	EC17A026	777EC6EF
3RD4689	ECEFDF67	777EC6EF
3RD4693	ED12827E	777EC6EF
3RD310	ED9FA83	777EC6EF
3RD4698	EDB3B76D	777EC6EF
3RD4699	EDD2B4F1	777EC6EF
3RD4703	EDEDB73B	777EC6EF
3RD4713	EE6B1BB3	777EC6EF
3RD4719	EE944425	777EC6EF
3RD4728	EEE8B83E	777EC6EF
3RD4729	EEF85E43	777EC6EF
3RD4730	EF00A5F4	777EC6EF
3RD4736	EF33C65B	777EC6EF
3RD4754	F00418B6	777EC6EF
3RD4771	F1083979	777EC6EF
3RD4772	F1261B7C	777EC6EF
3RD4802	F24C64A2	777EC6EF
3RD4814	F343FC87	777EC6EF
3RD4839	F4F8EEAD	777EC6EF
3RD4856	F5FE6531	777EC6EF
3RD4857	F61C17D3	777EC6EF
3RD4870	F6CA45EC	777EC6EF
3RD4899	F7E09138	777EC6EF
3RD4905	F83A7DB1	777EC6EF
3RD4906	F83E4E14	777EC6EF
3RD4914	F8922C3F	777EC6EF
3RD4921	F8D8EDE5	777EC6EF
3RD18	F8E9E5	777EC6EF
3RD4988	FB7F7AEA	777EC6EF
3RD4993	FBEE3F8F	777EC6EF
3RD4997	FC245194	777EC6EF
3RD5018	FD3DFACE	777EC6EF
3RD5035	FDF62F26	777EC6EF
3RD5040	FE3F56DF	777EC6EF
3RD5042	FE6544C1	777EC6EF
3RD5051	FEB99771	777EC6EF
3RD5054	FEDF0EB1	777EC6EF
3RD5067	FF77DA4F	777EC6EF
3RD329	1002112A	79D7DF96
3RD387	12CBC8FA	79D7DF96
3RD401	13C83C66	79D7DF96
3RD503	18C3AA6B	79D7DF96
3RD513	194EAB7D	79D7DF96
3RD710	249B6C99	79D7DF96
3RD731	2594C409	79D7DF96
3RD1021	33D36086	79D7DF96
3RD1100	383DDE91	79D7DF96
3RD1124	395CE068	79D7DF96
3RD1168	3B6499DF	79D7DF96
3RD1207	3D9B900C	79D7DF96
3RD1329	4356AA0F	79D7DF96
3RD1334	43859D00	79D7DF96
3RD1379	45397B98	79D7DF96
3RD1399	46227A5A	79D7DF96
3RD1568	4E1F09E8	79D7DF96
3RD1684	54F497FE	79D7DF96
3RD1734	56FD1F1F	79D7DF96
3RD1769	58B62291	79D7DF96
3RD1951	621F5913	79D7DF96
3RD2096	69764CE3	79D7DF96
3RD2119	6A4EF7FF	79D7DF96
3RD2173	6D31D346	79D7DF96
3RD2288	7349FB68	79D7DF96
3RD2347	762A0F69	79D7DF96
3RD2395	78735E90	79D7DF96
3RD2827	8E613EF7	79D7DF96
3RD182	9768103	79D7DF96
3RD3021	97F452FD	79D7DF96
3RD3064	9A042CEA	79D7DF96
3RD3104	9BEBA5EF	79D7DF96
3RD3196	A0708B2B	79D7DF96
3RD3311	A6C63B35	79D7DF96
3RD3445	AD74EFC1	79D7DF96
3RD214	B000EE4	79D7DF96
3RD3553	B2B52FB4	79D7DF96
3RD3667	B84593F7	79D7DF96
3RD3811	BFA11421	79D7DF96
3RD3986	C7F8E4B7	79D7DF96
3RD4025	C9EE3748	79D7DF96
3RD4089	CDD6B08C	79D7DF96
3RD4169	D2BD1395	79D7DF96
3RD4176	D2FF9EE0	79D7DF96
3RD4365	DC962A4F	79D7DF96
3RD4374	DCF8280B	79D7DF96
3RD4532	E463DDA6	79D7DF96
3RD306	EB40CDE	79D7DF96
3RD4662	EB934541	79D7DF96
3RD4710	EE53CDCA	79D7DF96
3RD4807	F29E7A1B	79D7DF96
3RD4943	F9C8E1AC	79D7DF96
3RD4994	FBFBC240	79D7DF96
3RD5001	FC5BF198	79D7DF96
3RD718	24EB4B39	7A6BBD0B
3RD1163	3AECBE82	7A6BBD0B
3RD1475	49C3F5AA	7A6BBD0B
3RD2083	68E21B88	7A6BBD0B
3RD2273	72A366A8	7A6BBD0B
3RD2353	768936D6	7A6BBD0B
3RD2558	807D025B	7A6BBD0B
3RD2592	81C64D50	7A6BBD0B
3RD3009	97332FC7	7A6BBD0B
3RD3282	A4DFCB20	7A6BBD0B
3RD3429	AC57E200	7A6BBD0B
3RD3646	B7426FE5	7A6BBD0B
3RD4296	D9C4B509	7A6BBD0B
3RD4592	E80E519C	7A6BBD0B
3RD5022	FD597C32	7A6BBD0B
3RD425	158B6BB7	7A96FACA
3RD449	16966AD9	7A96FACA
3RD481	17CB27B3	7A96FACA
3RD504	18C92FEC	7A96FACA
3RD671	222642A6	7A96FACA
3RD724	2549416D	7A96FACA
3RD751	2674895D	7A96FACA
3RD805	29153448	7A96FACA
3RD807	292EC858	7A96FACA
3RD908	2E96EB12	7A96FACA
3RD924	2F5A1C60	7A96FACA
3RD968	317771A7	7A96FACA
3RD982	321D9DD0	7A96FACA
3RD1089	3782E5E0	7A96FACA
3RD1131	39AB72E8	7A96FACA
3RD1142	3A1231D0	7A96FACA
3RD1264	40B7CF9D	7A96FACA
3RD1387	45A89939	7A96FACA
3RD1422	46EC86FD	7A96FACA
3RD1450	4849CE43	7A96FACA
3RD1550	4D3998CC	7A96FACA
3RD1579	4EA16B70	7A96FACA
3RD1637	5274E299	7A96FACA
3RD1651	5357F0B8	7A96FACA
3RD1699	55A4796E	7A96FACA
3RD1754	581EA961	7A96FACA
3RD98	5938981	7A96FACA
3RD1813	5AFD769E	7A96FACA
3RD1843	5CC687BA	7A96FACA
3RD1882	5ED5F740	7A96FACA
3RD1885	5EED3C33	7A96FACA
3RD1887	5F15FBD7	7A96FACA
3RD1898	5F91F5B8	7A96FACA
3RD1943	61D25274	7A96FACA
3RD2004	646A0268	7A96FACA
3RD2084	68E3DFAF	7A96FACA
3RD2100	699F5197	7A96FACA
3RD2102	69BF912E	7A96FACA
3RD2108	69FD2227	7A96FACA
3RD2204	6E885650	7A96FACA
3RD2307	740FF6EF	7A96FACA
3RD2332	75532A29	7A96FACA
3RD2351	7676C77A	7A96FACA
3RD2357	76B0A6F5	7A96FACA
3RD2385	77DA7D9C	7A96FACA
3RD2411	797DC128	7A96FACA
3RD2424	7A23022D	7A96FACA
3RD2449	7B79F54C	7A96FACA
3RD2509	7EC8B729	7A96FACA
3RD2674	864B0AF6	7A96FACA
3RD2676	86581B7F	7A96FACA
3RD2723	88BA884E	7A96FACA
3RD2734	8933A04A	7A96FACA
3RD2774	8B94104B	7A96FACA
3RD2964	9498B800	7A96FACA
3RD2997	9693EDCA	7A96FACA
3RD3007	9712F02E	7A96FACA
3RD3041	98DDC08A	7A96FACA
3RD3085	9AFD2CD3	7A96FACA
3RD3145	9DD9B4D6	7A96FACA
3RD3170	9F2ACC38	7A96FACA
3RD3181	9FC0F915	7A96FACA
3RD3185	9FFD009C	7A96FACA
3RD3339	A8451EBA	7A96FACA
3RD3406	AAE56499	7A96FACA
3RD3452	ADB96955	7A96FACA
3RD3546	B268DDF4	7A96FACA
3RD3575	B393E04A	7A96FACA
3RD3602	B548B8C1	7A96FACA
3RD3763	BCDE3A5E	7A96FACA
3RD3784	BE2D7333	7A96FACA
3RD3817	BFD78E61	7A96FACA
3RD241	C0F55CB	7A96FACA
3RD3881	C31AD465	7A96FACA
3RD4014	C9768DB7	7A96FACA
3RD4079	CD8E29CE	7A96FACA
3RD4110	CED1DE45	7A96FACA
3RD4135	D08C5AAF	7A96FACA
3RD4154	D1F21AC0	7A96FACA
3RD276	D432A47	7A96FACA
3RD4221	D539214E	7A96FACA
3RD4326	DB262F6E	7A96FACA
3RD4428	DF5D7F5C	7A96FACA
3RD4493	E245FE22	7A96FACA
3RD4557	E60889BE	7A96FACA
3RD4581	E75EC599	7A96FACA
3RD4596	E8480A26	7A96FACA
3RD4607	E92492EA	7A96FACA
3RD4915	F89CE815	7A96FACA
3RD4941	F9B93413	7A96FACA
3RD4989	FB8084E6	7A96FACA
3RD4991	FBD57605	7A96FACA
3RD5005	FC7D721C	7A96FACA
3RD2013	64D71DBC	7BC10759
3RD2286	73263ACA	7BC10759
3RD2587	8166574A	7BC10759
3RD3015	97A703CB	7BC10759
3RD3434	ACD52E27	7BC10759
3RD3996	C85DE538	7BC10759
3RD360	11A244CC	823687F5
3RD448	1684BC22	823687F5
3RD500	18916A9B	823687F5
3RD716	24CF58B7	823687F5
3RD775	27B700C2	823687F5
3RD973	31BE7295	823687F5
3RD1169	3B653032	823687F5
3RD1210	3DBEB4BD	823687F5
3RD1220	3E152D7E	823687F5
3RD1274	41021120	823687F5
3RD84	4BA188D	823687F5
3RD1549	4D38CBC5	823687F5
3RD1938	619ADB8E	823687F5
3RD2245	71821457	823687F5
3RD3032	98975DF3	823687F5
3RD192	9D6CD26	823687F5
3RD3197	A0736DA7	823687F5
3RD201	A162C86	823687F5
3RD3237	A29CE6D7	823687F5
3RD3304	A65CF97E	823687F5
3RD3383	AA25ECA7	823687F5
3RD3404	AAD70276	823687F5
3RD3898	C3BFA017	823687F5
3RD4017	C9903FE8	823687F5
3RD4057	CC543A45	823687F5
3RD4108	CEAB4EC0	823687F5
3RD4346	DBE4E491	823687F5
3RD4356	DC1AD9D2	823687F5
3RD4579	E74007F9	823687F5
3RD4701	EDE17D5F	823687F5
3RD4766	F0CD92EC	823687F5
3RD4825	F3E1001C	823687F5
3RD4838	F4F5A364	823687F5
3RD4866	F6877C28	823687F5
3RD4934	F9609455	823687F5
3RD430	15BB0736	83887E88
3RD454	16A55097	83887E88
3RD515	1972B84C	83887E88
3RD651	210A464B	83887E88
3RD676	229143B7	83887E88
3RD45	22B5153	83887E88
3RD773	27A0D4A8	83887E88
3RD779	27FC62F6	83887E88
3RD785	284D2C5A	83887E88
3RD790	2875F438	83887E88
3RD1026	34173652	83887E88
3RD1054	35AA70BB	83887E88
3RD58	37669D5	83887E88
3RD1133	39BCD669	83887E88
3RD1165	3B061950	83887E88
3RD1300	4260D2E5	83887E88
3RD1351	44579BAC	83887E88
3RD1365	44D0E561	83887E88
3RD1553	4D57BDF3	83887E88
3RD1601	5022C389	83887E88
3RD1812	5AFC91B8	83887E88
3RD1907	5FF752EB	83887E88
3RD1916	606C463E	83887E88
3RD1942	61C966D6	83887E88
3RD1985	63D1C63F	83887E88
3RD114	63EAFCA	83887E88
3RD2207	6E9FE2A5	83887E88
3RD2224	70A2BD04	83887E88
3RD2226	70A5F448	83887E88
3RD2258	720B62B2	83887E88
3RD2302	73ECFAEC	83887E88
3RD2412	798705D2	83887E88
3RD2502	7E548FA9	83887E88
3RD2668	85ED2F1D	83887E88
3RD2679	867A8B90	83887E88
3RD2760	8ABDE39E	83887E88
3RD2776	8BD902D4	83887E88
3RD3022	9824430C	83887E88
3RD3075	9A583A19	83887E88
3RD3389	AA6EE7A1	83887E88
3RD3420	ABBBD612	83887E88
3RD3451	ADA63706	83887E88
3RD3640	B70350F0	83887E88
3RD3647	B7463CB2	83887E88
3RD3732	BB1974CD	83887E88
3RD232	BC965B7	83887E88
3RD249	C461DF3	83887E88
3RD3914	C4870E76	83887E88
3RD3944	C660DAE7	83887E88
3RD4053	CBF9F817	83887E88
3RD4056	CC230CE8	83887E88
3RD4132	D06F9F79	83887E88
3RD4230	D59C3AD7	83887E88
3RD4242	D60B8F00	83887E88
3RD4358	DC319B84	83887E88
3RD4431	DF679A88	83887E88
3RD288	E007F21	83887E88
3RD4473	E1ABE6A5	83887E88
3RD4478	E1D791D4	83887E88
3RD4602	E89EB45E	83887E88
3RD4716	EE7D38B3	83887E88
3RD4726	EED46310	83887E88
3RD4749	EFBE429D	83887E88
3RD314	F02399D	83887E88
3RD4781	F16745B7	83887E88
3RD4798	F235328F	83887E88
3RD323	F5C9D4E	83887E88
3RD4918	F8CA702A	83887E88
3RD4939	F9B28663	83887E88
3RD4995	FC1D53F3	83887E88
3RD5020	FD5248C9	83887E88
3RD334	1033F078	864B03AE
3RD338	104293EA	864B03AE
3RD358	118EE3FA	864B03AE
3RD359	119B81E1	864B03AE
3RD377	124193EC	864B03AE
3RD388	12D24CC8	864B03AE
3RD402	13CC2CBE	864B03AE
3RD405	140F70E1	864B03AE
3RD421	14CB7C7B	864B03AE
3RD436	15F79303	864B03AE
3RD440	1624020F	864B03AE
3RD464	1721AD8C	864B03AE
3RD476	179F319E	864B03AE
3RD493	183ADB03	864B03AE
3RD517	1993640D	864B03AE
3RD561	1C340A8C	864B03AE
3RD565	1C750A1B	864B03AE
3RD567	1CA65366	864B03AE
3RD568	1CAA6E63	864B03AE
3RD571	1CD19883	864B03AE
3RD582	1D7206D5	864B03AE
3RD586	1DA9A7CE	864B03AE
3RD593	1E11C1EA	864B03AE
3RD597	1E3B1D28	864B03AE
3RD639	20916EB8	864B03AE
3RD644	20B72A9E	864B03AE
3RD41	2151C3C	864B03AE
3RD685	23337D89	864B03AE
3RD714	24C9BA3A	864B03AE
3RD715	24CD4506	864B03AE
3RD763	270C4BA4	864B03AE
3RD770	27459933	864B03AE
3RD793	2899645B	864B03AE
3RD820	29D93133	864B03AE
3RD844	2B39199E	864B03AE
3RD849	2B87C3B7	864B03AE
3RD867	2C1E7790	864B03AE
3RD882	2CCA2ACA	864B03AE
3RD900	2DD87288	864B03AE
3RD906	2E5521D3	864B03AE
3RD914	2EE4D12C	864B03AE
3RD920	2F34D148	864B03AE
3RD921	2F353BB2	864B03AE
3RD931	2F8B5043	864B03AE
3RD950	30600547	864B03AE
3RD954	30A2F734	864B03AE
3RD965	3143E938	864B03AE
3RD55	3167191	864B03AE
3RD989	326DDCED	864B03AE
3RD1	33980D	864B03AE
3RD1014	339FBF62	864B03AE
3RD1015	33A15CA1	864B03AE
3RD1020	33D0D3DE	864B03AE
3RD57	34E8F5B	864B03AE
3RD1039	34FA3F43	864B03AE
3RD1062	361D1831	864B03AE
3RD1071	36919E89	864B03AE
3RD1084	374D6E5D	864B03AE
3RD1098	38289FA6	864B03AE
3RD1108	38C3D3B0	864B03AE
3RD1132	39AE8418	864B03AE
3RD1149	3A7344ED	864B03AE
3RD1162	3AE1CA79	864B03AE
3RD1172	3B820C4A	864B03AE
3RD1173	3B918061	864B03AE
3RD1184	3C2E1EDD	864B03AE
3RD1187	3C468918	864B03AE
3RD62	3D539AC	864B03AE
3RD1203	3D64B55B	864B03AE
3RD1211	3DC25505	864B03AE
3RD1222	3E3214D8	864B03AE
3RD1224	3E67783F	864B03AE
3RD1248	3FF0C9E9	864B03AE
3RD1260	40A43816	864B03AE
3RD1270	40EBAAEE	864B03AE
3RD65	40F2B0E	864B03AE
3RD1275	410ED42B	864B03AE
3RD67	415597E	864B03AE
3RD1281	4157537D	864B03AE
3RD1290	41E7F4D2	864B03AE
3RD2	420354	864B03AE
3RD1295	42267092	864B03AE
3RD1296	4226E620	864B03AE
3RD1299	424C6DC8	864B03AE
3RD1311	42C83D5F	864B03AE
3RD1316	42FE3239	864B03AE
3RD69	431E1F0	864B03AE
3RD1323	4330B883	864B03AE
3RD1331	436D27B8	864B03AE
3RD1336	4398D97D	864B03AE
3RD1345	43F7C06B	864B03AE
3RD1347	440E1FF0	864B03AE
3RD1360	44A753A1	864B03AE
3RD1362	44B4E9A4	864B03AE
3RD1376	4518F331	864B03AE
3RD1388	45B2F701	864B03AE
3RD1391	45C34303	864B03AE
3RD1400	4624A074	864B03AE
3RD1417	46BED39D	864B03AE
3RD1419	46DA283F	864B03AE
3RD1458	48E5D04E	864B03AE
3RD1476	49C410D4	864B03AE
3RD1478	49C79603	864B03AE
3RD1482	49F43199	864B03AE
3RD1494	4A6F7874	864B03AE
3RD1519	4BB11A8B	864B03AE
3RD1540	4CBCFE9C	864B03AE
3RD1544	4CFBB528	864B03AE
3RD1552	4D579DDD	864B03AE
3RD1578	4E97D93E	864B03AE
3RD1580	4EAE4414	864B03AE
3RD1584	4EFABAB5	864B03AE
3RD1627	521549DE	864B03AE
3RD91	5420DC9	864B03AE
3RD1675	54745B70	864B03AE
3RD1701	55A5EA60	864B03AE
3RD1702	55B7282B	864B03AE
3RD93	561FBB7	864B03AE
3RD94	5730A6A	864B03AE
3RD1764	587CF9C2	864B03AE
3RD1776	5912FFC9	864B03AE
3RD1777	59489B6E	864B03AE
3RD100	599D448	864B03AE
3RD1788	59DE3168	864B03AE
3RD1789	59FE50BA	864B03AE
3RD102	5A3EE12	864B03AE
3RD1803	5A7392CE	864B03AE
3RD1819	5B6E3451	864B03AE
3RD1826	5BB279D2	864B03AE
3RD1839	5C525E50	864B03AE
3RD104	5C533FC	864B03AE
3RD1846	5CFEA17D	864B03AE
3RD1873	5E875D1C	864B03AE
3RD1891	5F38AC15	864B03AE
3RD1906	5FF5EA7D	864B03AE
3RD1908	5FFBFD51	864B03AE
3RD9	602891	864B03AE
3RD1910	602BBD4A	864B03AE
3RD1917	606FBC1D	864B03AE
3RD1920	608F7D68	864B03AE
3RD1956	62492EB1	864B03AE
3RD1968	6311AFC0	864B03AE
3RD1980	63ADE532	864B03AE
3RD1992	640D8561	864B03AE
3RD1993	641581DF	864B03AE
3RD2000	6440CB88	864B03AE
3RD2016	6516F7BE	864B03AE
3RD2018	6538D83B	864B03AE
3RD2028	65E83188	864B03AE
3RD2032	6642BBD7	864B03AE
3RD2033	66456267	864B03AE
3RD2050	6768C07E	864B03AE
3RD2057	67D11474	864B03AE
3RD2067	68598B7E	864B03AE
3RD2090	69202C99	864B03AE
3RD2098	6992131C	864B03AE
3RD2109	69FEA993	864B03AE
3RD2122	6A62AB56	864B03AE
3RD2133	6AF1A072	864B03AE
3RD2143	6BA2212D	864B03AE
3RD2144	6BA395BF	864B03AE
3RD2145	6BB2046D	864B03AE
3RD2148	6BEE87FE	864B03AE
3RD2150	6C22B426	864B03AE
3RD2160	6C8662AE	864B03AE
3RD2189	6DFD804A	864B03AE
3RD2191	6E1A2B68	864B03AE
3RD2194	6E24F553	864B03AE
3RD2198	6E6A4CF5	864B03AE
3RD128	6FF02DB	864B03AE
3RD2231	70E7F844	864B03AE
3RD2234	70F458D8	864B03AE
3RD129	7161C74	864B03AE
3RD2252	71CD95E1	864B03AE
3RD2264	724F7946	864B03AE
3RD2275	72AA0459	864B03AE
3RD2280	72C8FF58	864B03AE
3RD133	73A690D	864B03AE
3RD2298	73B59546	864B03AE
3RD134	73FEA73	864B03AE
3RD2309	742D1D3A	864B03AE
3RD2327	74EBCF95	864B03AE
3RD2345	760B5681	864B03AE
3RD138	76FA7AC	864B03AE
3RD2371	772EC405	864B03AE
3RD2391	784BEA97	864B03AE
3RD2393	7867FD27	864B03AE
3RD2396	78B034BB	864B03AE
3RD2398	78B55A99	864B03AE
3RD2419	79CD8A6C	864B03AE
3RD2430	7A7085E9	864B03AE
3RD2450	7BB395EF	864B03AE
3RD2452	7BB9ABC9	864B03AE
3RD2460	7C82536A	864B03AE
3RD2465	7CB894CB	864B03AE
3RD2467	7CDB185C	864B03AE
3RD2486	7DB854CA	864B03AE
3RD2490	7DC73109	864B03AE
3RD2496	7E23489D	864B03AE
3RD2497	7E23FAA4	864B03AE
3RD2503	7E7FD3B0	864B03AE
3RD2506	7EA6F3A0	864B03AE
3RD2511	7ED8574A	864B03AE
3RD2514	7EF607E6	864B03AE
3RD2515	7F11BA13	864B03AE
3RD2523	7F463A79	864B03AE
3RD149	7FAF4F3	864B03AE
3RD150	7FEBF9F	864B03AE
3RD2555	804CEAD1	864B03AE
3RD2556	8060A81B	864B03AE
3RD2589	819EA6D7	864B03AE
3RD2599	8208C88F	864B03AE
3RD2625	840DC211	864B03AE
3RD2635	847BF015	864B03AE
3RD158	85C77E2	864B03AE
3RD2671	86188BA0	864B03AE
3RD2724	88CD7813	864B03AE
3RD2727	88E6BBA9	864B03AE
3RD2730	890B9EF2	864B03AE
3RD2765	8AF85C7F	864B03AE
3RD2766	8AF93503	864B03AE
3RD2797	8D1B4ACB	864B03AE
3RD2799	8D44F1F7	864B03AE
3RD2810	8D9CCC45	864B03AE
3RD2815	8DC73387	864B03AE
3RD168	8E24918	864B03AE
3RD2824	8E24BAD0	864B03AE
3RD2830	8E76F365	864B03AE
3RD2832	8E83CA45	864B03AE
3RD2835	8E86AE44	864B03AE
3RD2837	8E990D5F	864B03AE
3RD2857	8F449D99	864B03AE
3RD2882	90E87E88	864B03AE
3RD2887	91276246	864B03AE
3RD2890	914C7309	864B03AE
3RD2895	91930778	864B03AE
3RD2920	926DCFF2	864B03AE
3RD2929	92EDB58C	864B03AE
3RD2932	930FDB29	864B03AE
3RD2941	9391409F	864B03AE
3RD2944	93A97118	864B03AE
3RD2946	93C59AD3	864B03AE
3RD2957	94548FB5	864B03AE
3RD2962	947038A8	864B03AE
3RD2974	95688606	864B03AE
3RD2979	9598B61B	864B03AE
3RD3001	96BB284A	864B03AE
3RD3003	96DBBE7B	864B03AE
3RD3008	972056FB	864B03AE
3RD3013	97703699	864B03AE
3RD3025	9839EEB6	864B03AE
3RD3035	98B48DD7	864B03AE
3RD3050	99354FE8	864B03AE
3RD3053	996BB71E	864B03AE
3RD3054	99701ED0	864B03AE
3RD185	9977086	864B03AE
3RD3061	99C68728	864B03AE
3RD3063	99F256F3	864B03AE
3RD3068	9A2CB5E8	864B03AE
3RD3087	9B1E7C1A	864B03AE
3RD3102	9BC3A3F6	864B03AE
3RD3103	9BD5F2A0	864B03AE
3RD3116	9C5AA602	864B03AE
3RD3119	9C8EB872	864B03AE
3RD3131	9D240F25	864B03AE
3RD3134	9D313D46	864B03AE
3RD3136	9D35F9E4	864B03AE
3RD3141	9D91587A	864B03AE
3RD3147	9E07511A	864B03AE
3RD3157	9E7D0DD4	864B03AE
3RD3159	9EACBB37	864B03AE
3RD3162	9EDD7EA8	864B03AE
3RD3175	9F9729C5	864B03AE
3RD3178	9FAD1AA0	864B03AE
3RD3182	9FDCCD1D	864B03AE
3RD3183	9FE3B6DC	864B03AE
3RD3184	9FE59679	864B03AE
3RD3195	A06F6F08	864B03AE
3RD3199	A0972DE7	864B03AE
3RD3204	A0D3F587	864B03AE
3RD3208	A102B050	864B03AE
3RD3224	A1D21369	864B03AE
3RD204	A1D4919	864B03AE
3RD3241	A2E71F50	864B03AE
3RD3253	A362B235	864B03AE
3RD3255	A3774E63	864B03AE
3RD3261	A3E1B70C	864B03AE
3RD3288	A503E778	864B03AE
3RD3292	A538295A	864B03AE
3RD3299	A5E7CA6F	864B03AE
3RD3306	A67A999A	864B03AE
3RD3322	A75869EE	864B03AE
3RD3325	A7930A48	864B03AE
3RD3335	A827FA16	864B03AE
3RD3337	A836058A	864B03AE
3RD3346	A894EE45	864B03AE
3RD3356	A9523952	864B03AE
3RD3379	AA0D45D1	864B03AE
3RD3388	AA6DC07C	864B03AE
3RD3393	AA769065	864B03AE
3RD3398	AAA25A86	864B03AE
3RD3409	AB13EEEB	864B03AE
3RD211	AB6FAE6	864B03AE
3RD3419	ABA4B486	864B03AE
3RD3424	AC2810D3	864B03AE
3RD3431	AC72D6BE	864B03AE
3RD3443	AD453B29	864B03AE
3RD3484	AF7127E8	864B03AE
3RD3486	AFA0CB5C	864B03AE
3RD3518	B10EDDCF	864B03AE
3RD3520	B14020E7	864B03AE
3RD3525	B15CD45F	864B03AE
3RD3537	B204AAB3	864B03AE
3RD3569	B33BF48E	864B03AE
3RD3579	B3A67C13	864B03AE
3RD3600	B4F3F379	864B03AE
3RD3617	B61A8BF4	864B03AE
3RD3630	B6C430A0	864B03AE
3RD3648	B74AFAB3	864B03AE
3RD3664	B81BDB01	864B03AE
3RD3668	B84A0585	864B03AE
3RD3672	B856F1C7	864B03AE
3RD3673	B863F3AD	864B03AE
3RD3695	B94C10AB	864B03AE
3RD3726	BACAFF13	864B03AE
3RD3739	BBA00591	864B03AE
3RD3751	BC392B82	864B03AE
3RD3775	BDDED1A3	864B03AE
3RD3787	BE5033B2	864B03AE
3RD3804	BF3ACE16	864B03AE
3RD3809	BF91649D	864B03AE
3RD3835	C08CE667	864B03AE
3RD240	C0E014C	864B03AE
3RD3845	C1366702	864B03AE
3RD3849	C18E7053	864B03AE
3RD3852	C1A631BE	864B03AE
3RD244	C1E2434	864B03AE
3RD3861	C1F961F9	864B03AE
3RD3863	C1FFA81B	864B03AE
3RD3893	C3A05785	864B03AE
3RD3899	C3C45204	864B03AE
3RD3911	C4655552	864B03AE
3RD3913	C47FB6E2	864B03AE
3RD3924	C526491C	864B03AE
3RD3925	C529DEDD	864B03AE
3RD3927	C5712CB3	864B03AE
3RD3928	C57C5CAB	864B03AE
3RD3932	C5E04793	864B03AE
3RD3953	C6B3073B	864B03AE
3RD3966	C717754E	864B03AE
3RD253	C74DDA3	864B03AE
3RD3971	C74F5706	864B03AE
3RD3973	C762C3B5	864B03AE
3RD3978	C7B12015	864B03AE
3RD3997	C86FB326	864B03AE
3RD3999	C894E225	864B03AE
3RD4040	CAD2D7F5	864B03AE
3RD4051	CBE76DCF	864B03AE
3RD4076	CD6F5347	864B03AE
3RD4077	CD773F4E	864B03AE
3RD4106	CE8F0B69	864B03AE
3RD4119	CF71A62E	864B03AE
3RD4121	CF87AE24	864B03AE
3RD263	CFEFCDA	864B03AE
3RD4128	D04BF7E7	864B03AE
3RD4137	D0C4F4CC	864B03AE
3RD4139	D0E26340	864B03AE
3RD271	D220B0A	864B03AE
3RD4163	D2769A55	864B03AE
3RD273	D34D49A	864B03AE
3RD4186	D3A2D58C	864B03AE
3RD4189	D3D5FC13	864B03AE
3RD4203	D4525FE1	864B03AE
3RD4233	D5BCA7F8	864B03AE
3RD4243	D6123D44	864B03AE
3RD4245	D617292D	864B03AE
3RD4247	D65212EE	864B03AE
3RD4256	D6F8D393	864B03AE
3RD4272	D81C0610	864B03AE
3RD4278	D8895ED2	864B03AE
3RD4283	D8F02417	864B03AE
3RD4295	D9BF4B00	864B03AE
3RD4306	DA30DFA6	864B03AE
3RD4319	DAD4727B	864B03AE
3RD4340	DBA1C9C8	864B03AE
3RD4343	DBB2BDD5	864B03AE
3RD4344	DBB9918A	864B03AE
3RD4351	DBF9D857	864B03AE
3RD4401	DDFF7D0E	864B03AE
3RD4423	DF422FFD	864B03AE
3RD4424	DF526BA8	864B03AE
3RD4446	E092FA69	864B03AE
3RD4450	E0A5BA64	864B03AE
3RD4459	E12EFBE0	864B03AE
3RD4461	E13CC4DA	864B03AE
3RD4465	E155E7C0	864B03AE
3RD4475	E1B6169B	864B03AE
3RD4586	E7BC0E60	864B03AE
3RD4587	E7C00784	864B03AE
3RD4598	E85BED3F	864B03AE
3RD4621	E977945F	864B03AE
3RD4622	E989CDB6	864B03AE
3RD4624	E9A4BD47	864B03AE
3RD4632	E9F8019B	864B03AE
3RD4641	EAA05EB6	864B03AE
3RD305	EAEF965	864B03AE
3RD4657	EB6DBEAE	864B03AE
3RD4667	EBDA53AB	864B03AE
3RD4683	ECC0605B	864B03AE
3RD4695	ED4E470C	864B03AE
3RD4702	EDE489DE	864B03AE
3RD311	EDE5EC8	864B03AE
3RD4709	EE5030B3	864B03AE
3RD4732	EF13A85E	864B03AE
3RD4737	EF365817	864B03AE
3RD4744	EF8991E1	864B03AE
3RD4746	EF998456	864B03AE
3RD4756	F01406B2	864B03AE
3RD4764	F0B2A80B	864B03AE
3RD4765	F0BB5EFB	864B03AE
3RD315	F17ACB5	864B03AE
3RD4785	F19A38C8	864B03AE
3RD4789	F1CE4581	864B03AE
3RD4800	F242FFEB	864B03AE
3RD4818	F35B21DB	864B03AE
3RD4822	F3B68A0A	864B03AE
3RD4824	F3DA31D5	864B03AE
3RD4842	F5226CFB	864B03AE
3RD4858	F627603E	864B03AE
3RD4864	F66D58E0	864B03AE
3RD4865	F6730937	864B03AE
3RD4884	F74DDAF5	864B03AE
3RD4885	F761F738	864B03AE
3RD4907	F840FB28	864B03AE
3RD4919	F8CFC295	864B03AE
3RD4922	F8E5ED26	864B03AE
3RD4928	F91127C6	864B03AE
3RD4931	F92BBF96	864B03AE
3RD4932	F949B0D4	864B03AE
3RD4937	F9A1BC75	864B03AE
3RD4938	F9B1A467	864B03AE
3RD4948	F9F87034	864B03AE
3RD4951	FA2AA148	864B03AE
3RD4954	FA3A086F	864B03AE
3RD4958	FA65CC84	864B03AE
3RD4960	FAA025CB	864B03AE
3RD4963	FAB2B881	864B03AE
3RD4964	FACB9616	864B03AE
3RD4969	FAF1200B	864B03AE
3RD4974	FB27ACFC	864B03AE
3RD4999	FC481D3D	864B03AE
3RD5009	FCC7C1BC	864B03AE
3RD5024	FD6EEADF	864B03AE
3RD5029	FD9F2B42	864B03AE
3RD5031	FDC39D8A	864B03AE
3RD5032	FDC7FBEA	864B03AE
3RD5036	FE117416	864B03AE
3RD5039	FE3D86BA	864B03AE
3RD5041	FE540CF5	864B03AE
3RD5057	FEF8E7B6	864B03AE
3RD5058	FEFEE951	864B03AE
3RD5060	FF2C6EB4	864B03AE
3RD5063	FF4CDF66	864B03AE
3RD505	18C9A744	877A2CF7
3RD645	20C7CD2D	877A2CF7
3RD752	26780573	877A2CF7
3RD755	268BD789	877A2CF7
3RD846	2B3C7DAF	877A2CF7
3RD915	2EECE84B	877A2CF7
3RD923	2F585461	877A2CF7
3RD1166	3B276BFF	877A2CF7
3RD1180	3BE8AEF6	877A2CF7
3RD1232	3EF4EDEA	877A2CF7
3RD1251	40193118	877A2CF7
3RD1484	4A11BB59	877A2CF7
3RD1622	51D4995D	877A2CF7
3RD1732	56EC6409	877A2CF7
3RD1743	57744D61	877A2CF7
3RD1748	57BBD6AD	877A2CF7
3RD1753	581C0C1E	877A2CF7
3RD1779	59722868	877A2CF7
3RD1855	5D9B45A7	877A2CF7
3RD1864	5E37B223	877A2CF7
3RD1955	62407BDD	877A2CF7
3RD2197	6E64154A	877A2CF7
3RD2274	72A79C77	877A2CF7
3RD2513	7EE7DBC1	877A2CF7
3RD2533	7FA5267B	877A2CF7
3RD2611	82C27B38	877A2CF7
3RD2713	883B48F8	877A2CF7
3RD2814	8DB6C29E	877A2CF7
3RD3010	9740DBC6	877A2CF7
3RD3148	9E267374	877A2CF7
3RD3342	A872896A	877A2CF7
3RD3586	B3D69549	877A2CF7
3RD3588	B3F2952D	877A2CF7
3RD3715	BA581BE8	877A2CF7
3RD3723	BAB12DE7	877A2CF7
3RD3742	BBC9AEBA	877A2CF7
3RD3883	C33110D5	877A2CF7
3RD3949	C6863444	877A2CF7
3RD3975	C777C774	877A2CF7
3RD4008	C915BF73	877A2CF7
3RD4031	CA1C4B5F	877A2CF7
3RD4035	CA5B9F26	877A2CF7
3RD258	CC540C1	877A2CF7
3RD4081	CD91D3A4	877A2CF7
3RD261	CE38F78	877A2CF7
3RD4211	D4AFB3CE	877A2CF7
3RD4239	D605D423	877A2CF7
3RD4259	D77B5C92	877A2CF7
3RD4275	D84D67C1	877A2CF7
3RD4394	DDC03132	877A2CF7
3RD4427	DF5C7739	877A2CF7
3RD4456	E102FA8A	877A2CF7
3RD4489	E23071FC	877A2CF7
3RD4526	E41C6F70	877A2CF7
3RD4536	E4B076A8	877A2CF7
3RD4634	EA1C8180	877A2CF7
3RD4759	F0851868	877A2CF7
3RD4930	F9237CB5	877A2CF7
3RD4959	FA987FA3	877A2CF7
3RD20	FF0C70	877A2CF7
3RD5066	FF62AC0C	877A2CF7
3RD328	FFAD753	877A2CF7
3RD483	17E418EB	91CE9B20
3RD1639	52940E66	91CE9B20
3RD1728	56CD96C1	91CE9B20
3RD2113	6A13BD4D	91CE9B20
3RD2187	6DCE8116	91CE9B20
3RD2358	76B8A331	91CE9B20
3RD2431	7AA85E76	91CE9B20
3RD2469	7CE162E8	91CE9B20
3RD2673	8630F59F	91CE9B20
3RD2937	93310F87	91CE9B20
3RD3086	9AFD709C	91CE9B20
3RD17	ED6B02	91CE9B20
3RD1294	42247599	94504D26
3RD2499	7E2D016B	94504D26
3RD5007	FCAF241B	94504D26
3RD647	20CC5B30	96EDAE5C
3RD984	322BFDEF	96EDAE5C
3RD1117	39340BFF	96EDAE5C
3RD1500	4AD5AF42	96EDAE5C
3RD1679	54A6C2E4	96EDAE5C
3RD2037	66716679	96EDAE5C
3RD4848	F57D0492	96EDAE5C
3RD333	10313E6B	9925C067
3RD348	11376561	9925C067
3RD352	1168422C	9925C067
3RD355	1186FEA9	9925C067
3RD363	11CEF261	9925C067
3RD374	1232638B	9925C067
3RD24	12C87FA	9925C067
3RD393	132989D8	9925C067
3RD394	13351B64	9925C067
3RD418	1481E304	9925C067
3RD428	15AE34D2	9925C067
3RD452	169C08D3	9925C067
3RD459	16F6772B	9925C067
3RD463	17130AB3	9925C067
3RD466	1746D236	9925C067
3RD471	176D504F	9925C067
3RD477	179FD431	9925C067
3RD479	17BE4D2E	9925C067
3RD480	17C53ECB	9925C067
3RD485	180A055D	9925C067
3RD488	1817CAC3	9925C067
3RD489	182F61CB	9925C067
3RD498	1877B2A1	9925C067
3RD502	18B2CB1D	9925C067
3RD506	18D980F0	9925C067
3RD516	1992EAFC	9925C067
3RD520	19E100C6	9925C067
3RD525	1A1AE3AE	9925C067
3RD536	1AFA774C	9925C067
3RD539	1B0F520E	9925C067
3RD543	1B3D65E7	9925C067
3RD552	1B92EF54	9925C067
3RD573	1CDAB4FD	9925C067
3RD576	1D286F3E	9925C067
3RD581	1D6FD9CC	9925C067
3RD618	1F8AB506	9925C067
3RD621	1FA04DDE	9925C067
3RD40	1FCC6EC	9925C067
3RD631	20124C63	9925C067
3RD636	2049806C	9925C067
3RD637	204EA558	9925C067
3RD648	20F2DFF4	9925C067
3RD650	210036FA	9925C067
3RD660	21716094	9925C067
3RD670	22005341	9925C067
3RD680	22D04B41	9925C067
3RD682	22E6166F	9925C067
3RD687	23523A95	9925C067
3RD689	236CE091	9925C067
3RD696	241996F6	9925C067
3RD730	258FC019	9925C067
3RD746	263E7AE9	9925C067
3RD756	26AE2699	9925C067
3RD761	26D91C81	9925C067
3RD766	2722B913	9925C067
3RD771	27715195	9925C067
3RD782	2809B3FE	9925C067
3RD783	280DB3A0	9925C067
3RD794	2899C66D	9925C067
3RD797	28A8201F	9925C067
3RD801	28E81327	9925C067
3RD811	2947AF1C	9925C067
3RD812	295788CF	9925C067
3RD815	29793E6B	9925C067
3RD839	2ABF57E7	9925C067
3RD847	2B4EC3E5	9925C067
3RD850	2B8D0F44	9925C067
3RD857	2BBAA479	9925C067
3RD860	2BD48725	9925C067
3RD873	2C6ADFE7	9925C067
3RD883	2CDBF79A	9925C067
3RD893	2D6E5EFE	9925C067
3RD895	2D82F6F5	9925C067
3RD897	2DAB63A0	9925C067
3RD899	2DD1EA41	9925C067
3RD903	2E318DD3	9925C067
3RD905	2E4E7E11	9925C067
3RD907	2E857B19	9925C067
3RD916	2F09D95B	9925C067
3RD917	2F2A7D41	9925C067
3RD922	2F37E7E3	9925C067
3RD928	2F739E0D	9925C067
3RD929	2F77CC70	9925C067
3RD936	2FC700D2	9925C067
3RD940	3018C11E	9925C067
3RD944	30300598	9925C067
3RD951	3075DE0D	9925C067
3RD986	3247E1B1	9925C067
3RD991	3283A672	9925C067
3RD995	32B80F05	9925C067
3RD996	32C2DB76	9925C067
3RD1000	32E05F9A	9925C067
3RD1002	32E8720F	9925C067
3RD1003	32F39FF7	9925C067
3RD1013	337A5D19	9925C067
3RD1024	33F222CF	9925C067
3RD1028	3433389D	9925C067
3RD1029	3455F7EC	9925C067
3RD1032	3467D658	9925C067
3RD1043	3523B90A	9925C067
3RD1044	352EEFFE	9925C067
3RD1059	35F049AF	9925C067
3RD1067	36443C53	9925C067
3RD1069	364E1C1C	9925C067
3RD1073	36C76C31	9925C067
3RD1077	36E19E71	9925C067
3RD1080	37198BE4	9925C067
3RD1097	38211EB2	9925C067
3RD1103	3876149C	9925C067
3RD1109	38CD1865	9925C067
3RD1120	3940E002	9925C067
3RD1129	39924141	9925C067
3RD60	39AD074	9925C067
3RD61	39F3C28	9925C067
3RD1145	3A2376AF	9925C067
3RD1147	3A64C398	9925C067
3RD1150	3A7C1684	9925C067
3RD1152	3A8190F2	9925C067
3RD1155	3A865DF7	9925C067
3RD1158	3AB6EAA7	9925C067
3RD1160	3ACA1834	9925C067
3RD1161	3ACF111B	9925C067
3RD1164	3AF49B35	9925C067
3RD1171	3B8090B8	9925C067
3RD1174	3BB828E0	9925C067
3RD1178	3BCD2E7C	9925C067
3RD1182	3C0F3E38	9925C067
3RD1190	3C6696DB	9925C067
3RD1204	3D7A2489	9925C067
3RD1209	3D9E4BDF	9925C067
3RD63	3DFC2AF	9925C067
3RD1221	3E1EEA1A	9925C067
3RD1225	3E69CCA2	9925C067
3RD1227	3E9A3E8B	9925C067
3RD1235	3F0898A4	9925C067
3RD1240	3F634031	9925C067
3RD1241	3F64F506	9925C067
3RD1246	3FC3ED10	9925C067
3RD1256	4041F674	9925C067
3RD1258	407FEE47	9925C067
3RD1259	409EB1EB	9925C067
3RD1261	40ABFB31	9925C067
3RD1263	40B22404	9925C067
3RD1265	40CCA6E5	9925C067
3RD1269	40E98DF5	9925C067
3RD1276	41210A8B	9925C067
3RD1277	413831F0	9925C067
3RD1279	413F7DC6	9925C067
3RD1304	429F2A76	9925C067
3RD1315	42E39460	9925C067
3RD1332	437DDC44	9925C067
3RD1335	439828BC	9925C067
3RD1361	44B3C377	9925C067
3RD1367	44EC6D5D	9925C067
3RD1368	44F10884	9925C067
3RD1382	456D57DE	9925C067
3RD1383	4573FFE1	9925C067
3RD1394	45F9DC2A	9925C067
3RD1397	460529BB	9925C067
3RD1408	465AA748	9925C067
3RD1421	46E5ABD7	9925C067
3RD1423	46EE00EF	9925C067
3RD1430	47241559	9925C067
3RD1432	476CDCF1	9925C067
3RD1448	484219F7	9925C067
3RD1449	4844EC24	9925C067
3RD77	484BA76	9925C067
3RD1452	486A609F	9925C067
3RD1468	4988B6C1	9925C067
3RD1485	4A143236	9925C067
3RD1490	4A2D0953	9925C067
3RD1498	4AB50B5E	9925C067
3RD1521	4BC5C367	9925C067
3RD1525	4C18341F	9925C067
3RD1526	4C299ABB	9925C067
3RD1527	4C2B6725	9925C067
3RD1534	4C84B486	9925C067
3RD1548	4D273405	9925C067
3RD1555	4D7B2469	9925C067
3RD1563	4DD1FC90	9925C067
3RD86	4E4E657	9925C067
3RD1574	4E64C65E	9925C067
3RD1575	4E722906	9925C067
3RD1582	4EC9890F	9925C067
3RD1586	4F0DBD7A	9925C067
3RD1593	4F55EF4E	9925C067
3RD1603	50646DC0	9925C067
3RD1606	506FD2EB	9925C067
3RD1615	513230FD	9925C067
3RD1632	521C5921	9925C067
3RD1634	525185B7	9925C067
3RD1640	52C1D503	9925C067
3RD1680	54BC31C1	9925C067
3RD1690	55534623	9925C067
3RD1691	5562980C	9925C067
3RD1694	556AB1E6	9925C067
3RD1707	55E6CD59	9925C067
3RD1712	561C2278	9925C067
3RD1719	56775CAB	9925C067
3RD1725	56BF7E35	9925C067
3RD1726	56C07A84	9925C067
3RD1727	56C11146	9925C067
3RD1733	56EE9941	9925C067
3RD1735	57216FAD	9925C067
3RD1742	576EB145	9925C067
3RD1744	579493E3	9925C067
3RD1747	57B73220	9925C067
3RD1750	57EB24CF	9925C067
3RD1755	581EFF7A	9925C067
3RD1756	5820B462	9925C067
3RD1757	582300F4	9925C067
3RD95	58704E8	9925C067
3RD1767	5896D08C	9925C067
3RD1773	58F39F73	9925C067
3RD1780	5977D58F	9925C067
3RD1781	597850A1	9925C067
3RD1785	59BE114A	9925C067
3RD101	59D977A	9925C067
3RD1796	5A3E044A	9925C067
3RD1801	5A6A52E2	9925C067
3RD1811	5AFBF51D	9925C067
3RD1822	5B76430E	9925C067
3RD1824	5B91DC6F	9925C067
3RD1837	5C5109E9	9925C067
3RD1847	5D04A750	9925C067
3RD1862	5E1D731C	9925C067
3RD1869	5E640058	9925C067
3RD1876	5E915909	9925C067
3RD1881	5ED52136	9925C067
3RD1883	5EDBC72A	9925C067
3RD1899	5FB65923	9925C067
3RD1915	60665CBB	9925C067
3RD1919	608F728E	9925C067
3RD1926	60FD76E3	9925C067
3RD1927	61032D82	9925C067
3RD1928	610892C3	9925C067
3RD1950	620D7626	9925C067
3RD1961	62B8B2FD	9925C067
3RD112	63B029B	9925C067
3RD1982	63B85A4F	9925C067
3RD2019	6547CD41	9925C067
3RD2020	65495DB0	9925C067
3RD2031	661F3F51	9925C067
3RD2034	664F9BDF	9925C067
3RD2045	67307100	9925C067
3RD2051	67715D7B	9925C067
3RD2068	685B2E84	9925C067
3RD2080	68C76F9C	9925C067
3RD2087	690FCF40	9925C067
3RD2093	694A374E	9925C067
3RD2094	694C3DFC	9925C067
3RD2095	696991F8	9925C067
3RD2103	69C449B0	9925C067
3RD2118	6A4A8F7F	9925C067
3RD2120	6A517401	9925C067
3RD2126	6AA55D93	9925C067
3RD2140	6B7A4258	9925C067
3RD2146	6BB3A735	9925C067
3RD2153	6C58F662	9925C067
3RD2156	6C62CBD8	9925C067
3RD2157	6C675770	9925C067
3RD2171	6D126397	9925C067
3RD2172	6D1CDCA1	9925C067
3RD2176	6D427FD0	9925C067
3RD2178	6D57D0A3	9925C067
3RD2180	6D5DD69E	9925C067
3RD2184	6DB90AF1	9925C067
3RD2206	6E976950	9925C067
3RD2208	6EBB526F	9925C067
3RD2212	6F557B7C	9925C067
3RD2218	702709C2	9925C067
3RD2228	70CF7C31	9925C067
3RD2229	70DEFDA4	9925C067
3RD2235	71107D9D	9925C067
3RD2238	71538432	9925C067
3RD2243	716D3E74	9925C067
3RD2247	71ADEA6C	9925C067
3RD2255	71E65113	9925C067
3RD2256	71F6349E	9925C067
3RD2262	72370B38	9925C067
3RD2267	7283FEBE	9925C067
3RD2271	729866E1	9925C067
3RD2281	72CFB561	9925C067
3RD2284	72E07D9F	9925C067
3RD2292	737004ED	9925C067
3RD2293	7378B631	9925C067
3RD2296	73A569FC	9925C067
3RD2297	73B1D2DF	9925C067
3RD2322	74D89BBC	9925C067
3RD2335	7566A2F6	9925C067
3RD2337	7596F9C6	9925C067
3RD137	75CC8BA	9925C067
3RD2362	76D49F18	9925C067
3RD2363	76F01317	9925C067
3RD2364	76F5892F	9925C067
3RD2367	770A643C	9925C067
3RD2369	7720DBCD	9925C067
3RD2383	77C2E95E	9925C067
3RD2403	78C9F3FB	9925C067
3RD2408	79479632	9925C067
3RD2413	79A0E654	9925C067
3RD2423	7A08FC5A	9925C067
3RD2434	7AADF3FD	9925C067
3RD2435	7AB55338	9925C067
3RD2439	7AEF5A98	9925C067
3RD2443	7B1BEC2B	9925C067
3RD143	7C56042	9925C067
3RD144	7CCC770	9925C067
3RD2480	7D61CA91	9925C067
3RD2485	7DB0E6C5	9925C067
3RD2487	7DB9192A	9925C067
3RD2524	7F4D389D	9925C067
3RD2561	809E4079	9925C067
3RD2577	80DF85E3	9925C067
3RD151	8112F7E	9925C067
3RD2581	8119A040	9925C067
3RD2582	8119A727	9925C067
3RD2583	8154B98A	9925C067
3RD2585	81615F5E	9925C067
3RD2590	81A25284	9925C067
3RD2591	81AE899B	9925C067
3RD2604	825AB6C0	9925C067
3RD2617	8350F3E8	9925C067
3RD157	83998BD	9925C067
3RD2627	8418DD79	9925C067
3RD2631	845DAF85	9925C067
3RD2642	84C57FCA	9925C067
3RD2646	84FE6DC0	9925C067
3RD2655	855580E6	9925C067
3RD2657	8563A9D6	9925C067
3RD2662	8591DAE5	9925C067
3RD2665	85AF4648	9925C067
3RD2672	862A928B	9925C067
3RD2689	8718C03C	9925C067
3RD2690	871D4663	9925C067
3RD2699	877BCE1C	9925C067
3RD2707	87FDF10F	9925C067
3RD2711	88340EF9	9925C067
3RD163	883C274	9925C067
3RD2720	88962C70	9925C067
3RD2744	89D5B64A	9925C067
3RD2749	8A2D207B	9925C067
3RD2764	8AF616AE	9925C067
3RD2772	8B62044F	9925C067
3RD2778	8BDF3CB6	9925C067
3RD2782	8C0274A0	9925C067
3RD2784	8C9469DA	9925C067
3RD2791	8CDDFE75	9925C067
3RD2796	8D19B83E	9925C067
3RD2808	8D8D013E	9925C067
3RD2811	8DA5A397	9925C067
3RD2828	8E6AA0F9	9925C067
3RD2833	8E8599EB	9925C067
3RD2834	8E8681C6	9925C067
3RD2844	8EC2A3C3	9925C067
3RD2854	8F351180	9925C067
3RD2860	8F7E6ECA	9925C067
3RD2871	9057235F	9925C067
3RD2875	9085E49B	9925C067
3RD2880	90D6BF65	9925C067
3RD2904	91BAC3BA	9925C067
3RD173	92E078E	9925C067
3RD2933	932449EB	9925C067
3RD2934	93265D2D	9925C067
3RD2935	932A48F3	9925C067
3RD2948	93C9C6A2	9925C067
3RD2960	9462AEFB	9925C067
3RD2965	949DC3CD	9925C067
3RD2967	94DE4EF3	9925C067
3RD2970	950F5392	9925C067
3RD2971	952658BB	9925C067
3RD2973	955820EB	9925C067
3RD2981	95AE6A81	9925C067
3RD2982	95BEFB3F	9925C067
3RD180	95E215A	9925C067
3RD2994	9671AB74	9925C067
3RD2995	9684B67F	9925C067
3RD3014	978430BC	9925C067
3RD3017	97BC8AFE	9925C067
3RD3023	98246C74	9925C067
3RD3028	985D6BA4	9925C067
3RD3031	98908670	9925C067
3RD3036	98B8B233	9925C067
3RD3062	99D46BD1	9925C067
3RD3071	9A43959A	9925C067
3RD188	9BAB4EA	9925C067
3RD3099	9BB3B447	9925C067
3RD3100	9BB4D574	9925C067
3RD190	9BD4BA9	9925C067
3RD3112	9C44BAF0	9925C067
3RD3115	9C56B281	9925C067
3RD3126	9CF88930	9925C067
3RD3128	9D034044	9925C067
3RD3135	9D34D5AD	9925C067
3RD3143	9DCC9834	9925C067
3RD3150	9E551A77	9925C067
3RD3169	9F23337E	9925C067
3RD3171	9F547E50	9925C067
3RD3172	9F557DE7	9925C067
3RD198	A0112B2	9925C067
3RD3190	A02C2D9E	9925C067
3RD3194	A068CF6D	9925C067
3RD3206	A0EA5E96	9925C067
3RD3209	A1084A38	9925C067
3RD3222	A1BE49B2	9925C067
3RD3226	A1DCB9AC	9925C067
3RD3230	A230CCAD	9925C067
3RD3252	A351AA66	9925C067
3RD3257	A3A23486	9925C067
3RD3263	A3F1EB86	9925C067
3RD3265	A3F7EA8E	9925C067
3RD3269	A42F51D4	9925C067
3RD3276	A4931522	9925C067
3RD207	A61DDCA	9925C067
3RD3309	A6A0228F	9925C067
3RD3318	A72AFCC4	9925C067
3RD3333	A7FC9FBA	9925C067
3RD209	A83E445	9925C067
3RD3345	A88DEF26	9925C067
3RD3348	A8BF9ABF	9925C067
3RD3355	A93B1E46	9925C067
3RD3372	A9C8CD65	9925C067
3RD3380	AA13D5DB	9925C067
3RD3386	AA557E1E	9925C067
3RD3391	AA7397DB	9925C067
3RD3401	AAC70F90	9925C067
3RD3405	AAE27223	9925C067
3RD3413	AB575DBE	9925C067
3RD3414	AB5937C5	9925C067
3RD3418	AB828913	9925C067
3RD3436	ACFF37CB	9925C067
3RD3441	AD3F5D2F	9925C067
3RD3446	AD7B15DF	9925C067
3RD3448	AD90B6A6	9925C067
3RD3450	ADA41E48	9925C067
3RD3458	AE319FF2	9925C067
3RD3463	AE7A6B90	9925C067
3RD3470	AEA06164	9925C067
3RD3478	AF4B64CC	9925C067
3RD3495	B005FEFA	9925C067
3RD3506	B0663D67	9925C067
3RD3509	B07FFBC8	9925C067
3RD217	B09E20E	9925C067
3RD219	B167C07	9925C067
3RD3532	B1AF024C	9925C067
3RD3536	B1ECE640	9925C067
3RD3550	B2967473	9925C067
3RD3555	B2B5640B	9925C067
3RD3557	B2C4D89F	9925C067
3RD3561	B2E06E0C	9925C067
3RD3564	B30368A7	9925C067
3RD3580	B3B22FD4	9925C067
3RD3585	B3CC1E88	9925C067
3RD3595	B4B2EB19	9925C067
3RD3596	B4B698E7	9925C067
3RD224	B4D6BE4	9925C067
3RD226	B58C75C	9925C067
3RD3618	B63C2368	9925C067
3RD3625	B67AEDB7	9925C067
3RD3632	B6C9398E	9925C067
3RD3638	B6EB8BE1	9925C067
3RD3657	B7EE76EC	9925C067
3RD3674	B866400B	9925C067
3RD3679	B8881065	9925C067
3RD3684	B8C63ACC	9925C067
3RD3686	B8D0ABA3	9925C067
3RD3697	B965A4D9	9925C067
3RD3699	B99EE0C8	9925C067
3RD3703	B9AD431B	9925C067
3RD3708	B9EC84B9	9925C067
3RD3709	B9F318D9	9925C067
3RD3721	BAA17EB8	9925C067
3RD3728	BADBF448	9925C067
3RD3730	BAF8F8A2	9925C067
3RD3734	BB3D5C9E	9925C067
3RD3747	BBF73B7D	9925C067
3RD3762	BCB308A8	9925C067
3RD233	BCC994B	9925C067
3RD3769	BD63BC30	9925C067
3RD3772	BD975C41	9925C067
3RD3774	BDDD920A	9925C067
3RD3794	BEA9B23E	9925C067
3RD3805	BF4E3985	9925C067
3RD3807	BF77A291	9925C067
3RD3825	C021CC3F	9925C067
3RD3826	C02C7D38	9925C067
3RD3827	C0409F8F	9925C067
3RD3844	C12FF575	9925C067
3RD3868	C258D1B3	9925C067
3RD3872	C2A28224	9925C067
3RD3873	C2B54511	9925C067
3RD3875	C2C0A46F	9925C067
3RD3877	C2DD048A	9925C067
3RD3882	C3284826	9925C067
3RD3894	C3A68296	9925C067
3RD3901	C3CCEC52	9925C067
3RD3903	C3E5EC80	9925C067
3RD3904	C3F72EB7	9925C067
3RD3916	C4A27F7F	9925C067
3RD3917	C4B7E508	9925C067
3RD3931	C5DD915D	9925C067
3RD3946	C6688D92	9925C067
3RD3947	C66B2AE0	9925C067
3RD3956	C6BF8F32	9925C067
3RD3984	C7ED5369	9925C067
3RD4018	C9A35321	9925C067
3RD4027	CA012344	9925C067
3RD4038	CA9CDE79	9925C067
3RD4039	CAB0B4B6	9925C067
3RD4043	CB281C0E	9925C067
3RD4045	CB3A3B67	9925C067
3RD4084	CDB94243	9925C067
3RD4088	CDD54273	9925C067
3RD4094	CE21CAAD	9925C067
3RD262	CEC0F12	9925C067
3RD4118	CF46C380	9925C067
3RD4126	D03996B1	9925C067
3RD4134	D081FED0	9925C067
3RD267	D09F033	9925C067
3RD4141	D119E1DA	9925C067
3RD4146	D1538395	9925C067
3RD4158	D22BA60A	9925C067
3RD4159	D24AF091	9925C067
3RD272	D28B409	9925C067
3RD4195	D40A9D4C	9925C067
3RD4198	D42E291D	9925C067
3RD4202	D450C3E4	9925C067
3RD4206	D4740F0B	9925C067
3RD4224	D5613080	9925C067
3RD4226	D571262B	9925C067
3RD4252	D686CBFB	9925C067
3RD4260	D781FAD3	9925C067
3RD4262	D79AB4D7	9925C067
3RD4266	D7BAA46C	9925C067
3RD4268	D7E8A508	9925C067
3RD4271	D81B7F75	9925C067
3RD280	D81B8D0	9925C067
3RD4274	D835735E	9925C067
3RD4288	D93AC1B7	9925C067
3RD4289	D950987C	9925C067
3RD4302	D9FF58F5	9925C067
3RD4317	DAAF54B3	9925C067
3RD4318	DAC8F07A	9925C067
3RD4325	DB153A4D	9925C067
3RD4333	DB69F6AE	9925C067
3RD4337	DB7CD18A	9925C067
3RD4347	DBE6FACD	9925C067
3RD4352	DC08AE4F	9925C067
3RD4377	DD41B0A9	9925C067
3RD4385	DD7806EB	9925C067
3RD4387	DD880AD4	9925C067
3RD4388	DD8E7EAB	9925C067
3RD4395	DDCC6DA6	9925C067
3RD4410	DE65E1BE	9925C067
3RD4437	DFD46E12	9925C067
3RD4438	E00DE6EC	9925C067
3RD4440	E012E6EE	9925C067
3RD4451	E0A90E53	9925C067
3RD292	E1C1780	9925C067
3RD4480	E1DB8CF6	9925C067
3RD4482	E1E44489	9925C067
3RD4484	E1F26D57	9925C067
3RD4485	E1F8E1FB	9925C067
3RD4488	E220AA64	9925C067
3RD293	E28A363	9925C067
3RD4508	E2FF15F8	9925C067
3RD4515	E3470A1C	9925C067
3RD4516	E36209B7	9925C067
3RD4531	E462CCE8	9925C067
3RD4534	E482BC1A	9925C067
3RD4544	E500BFF3	9925C067
3RD4555	E5DD00A4	9925C067
3RD298	E74E9EA	9925C067
3RD299	E795CCC	9925C067
3RD4585	E7AD895C	9925C067
3RD4594	E8424BCD	9925C067
3RD4618	E96FAF79	9925C067
3RD4626	E9B7C9AD	9925C067
3RD4630	E9ECCDB4	9925C067
3RD303	E9EE644	9925C067
3RD4640	EA8C645A	9925C067
3RD4644	EAAC83C2	9925C067
3RD4645	EAB8EBB4	9925C067
3RD4652	EB388B5F	9925C067
3RD4656	EB59DDC2	9925C067
3RD4659	EB758558	9925C067
3RD4684	ECC7107D	9925C067
3RD308	ED50AF2	9925C067
3RD4704	EDFE1BD6	9925C067
3RD4718	EE83532C	9925C067
3RD312	EEF39CE	9925C067
3RD4739	EF4AAE59	9925C067
3RD4740	EF4C33E2	9925C067
3RD4753	EFE254FB	9925C067
3RD4762	F097AFF3	9925C067
3RD4769	F0EAFC66	9925C067
3RD4770	F0F94815	9925C067
3RD4776	F1446BFD	9925C067
3RD316	F2C40F1	9925C067
3RD4812	F32AA9E3	9925C067
3RD4815	F345ECC8	9925C067
3RD320	F44CE02	9925C067
3RD4831	F4A3AC3A	9925C067
3RD4833	F4B32ABE	9925C067
3RD4834	F4B745FC	9925C067
3RD4836	F4D8668F	9925C067
3RD4860	F64B8BF3	9925C067
3RD4869	F6C01EED	9925C067
3RD4875	F6F1E421	9925C067
3RD4891	F797F352	9925C067
3RD4892	F79A4308	9925C067
3RD4897	F7C66967	9925C067
3RD4901	F80B391D	9925C067
3RD4908	F850390F	9925C067
3RD4929	F91B1BCC	9925C067
3RD4935	F98B2804	9925C067
3RD4945	F9DED181	9925C067
3RD4949	F9FEF9BB	9925C067
3RD4950	FA03EF50	9925C067
3RD4979	FB3DD217	9925C067
3RD4982	FB5E9151	9925C067
3RD4984	FB661084	9925C067
3RD4990	FBAFA80E	9925C067
3RD4996	FC23C548	9925C067
3RD5000	FC582719	9925C067
3RD5008	FCB01550	9925C067
3RD5014	FD1ACF7F	9925C067
3RD5021	FD575E34	9925C067
3RD5030	FDBBFB2A	9925C067
3RD5034	FDEC9F7A	9925C067
3RD5053	FECE63BF	9925C067
3RD5056	FEF3B4D6	9925C067
3RD5059	FF16053E	9925C067
3RD5065	FF5FFF80	9925C067
3RD5071	FFD5BF85	9925C067
3RD330	100A188C	9B2C8B89
3RD331	100FA02B	9B2C8B89
3RD389	12D50473	9B2C8B89
3RD433	15D4A0C5	9B2C8B89
3RD478	17B87F05	9B2C8B89
3RD507	18FEAD3B	9B2C8B89
3RD531	1ACDAE0F	9B2C8B89
3RD572	1CD5613E	9B2C8B89
3RD605	1EC38CCC	9B2C8B89
3RD642	20A31050	9B2C8B89
3RD665	21DDD4C2	9B2C8B89
3RD673	225944BE	9B2C8B89
3RD749	266B2B9F	9B2C8B89
3RD809	293B4AEA	9B2C8B89
3RD810	293DBFA2	9B2C8B89
3RD833	2A845046	9B2C8B89
3RD859	2BCFA737	9B2C8B89
3RD969	3185725C	9B2C8B89
3RD1143	3A1443C0	9B2C8B89
3RD1170	3B774633	9B2C8B89
3RD64	3F4F3CC	9B2C8B89
3RD1359	449B5878	9B2C8B89
3RD1420	46E3478E	9B2C8B89
3RD1463	49418AFA	9B2C8B89
3RD1465	4953A6CA	9B2C8B89
3RD1546	4D11E92D	9B2C8B89
3RD1547	4D2686CA	9B2C8B89
3RD1594	4F5A6E4C	9B2C8B89
3RD1749	57E1FF05	9B2C8B89
3RD96	58E8391	9B2C8B89
3RD1792	5A1712FE	9B2C8B89
3RD1840	5C788179	9B2C8B89
3RD1857	5DC78A98	9B2C8B89
3RD1870	5E6DB552	9B2C8B89
3RD2040	668FC85C	9B2C8B89
3RD2162	6C9851A7	9B2C8B89
3RD2248	71AE3810	9B2C8B89
3RD2375	7758E724	9B2C8B89
3RD2456	7C0E7827	9B2C8B89
3RD2462	7CA71B8C	9B2C8B89
3RD2571	80D0C002	9B2C8B89
3RD2593	81C97C09	9B2C8B89
3RD2735	89569C23	9B2C8B89
3RD2762	8AE2B803	9B2C8B89
3RD2793	8CF778BE	9B2C8B89
3RD2845	8EC41D92	9B2C8B89
3RD184	9933ABA	9B2C8B89
3RD3120	9C922508	9B2C8B89
3RD200	A0E0F5A	9B2C8B89
3RD3291	A53492F0	9B2C8B89
3RD3301	A6298538	9B2C8B89
3RD3317	A716A2E4	9B2C8B89
3RD3336	A8283D75	9B2C8B89
3RD3343	A88AE21A	9B2C8B89
3RD3402	AACC2A4B	9B2C8B89
3RD3432	ACAB68A6	9B2C8B89
3RD3516	B0F11B57	9B2C8B89
3RD3560	B2DE8D5A	9B2C8B89
3RD3637	B6EB365D	9B2C8B89
3RD3690	B90BABF1	9B2C8B89
3RD3725	BAC48691	9B2C8B89
3RD3760	BCA908A1	9B2C8B89
3RD3836	C09C28D5	9B2C8B89
3RD4060	CC6D55EE	9B2C8B89
3RD4062	CC7D2841	9B2C8B89
3RD4103	CE6EAC2C	9B2C8B89
3RD4136	D0C27637	9B2C8B89
3RD4152	D1C36C0D	9B2C8B89
3RD269	D1E5415	9B2C8B89
3RD4162	D2764721	9B2C8B89
3RD4270	D8197F82	9B2C8B89
3RD4285	D907C15E	9B2C8B89
3RD4300	D9EE7744	9B2C8B89
3RD4416	DEBECCC4	9B2C8B89
3RD4426	DF574FB6	9B2C8B89
3RD4436	DFC9B76A	9B2C8B89
3RD290	E09EB59	9B2C8B89
3RD4460	E13AE4AA	9B2C8B89
3RD4477	E1D392F6	9B2C8B89
3RD294	E2E9081	9B2C8B89
3RD4511	E31F1584	9B2C8B89
3RD4603	E89FE086	9B2C8B89
3RD4636	EA7E4224	9B2C8B89
3RD4708	EE2FC842	9B2C8B89
3RD4786	F19A9D0E	9B2C8B89
3RD318	F3E6DCB	9B2C8B89
3RD4855	F5C0FAD0	9B2C8B89
3RD4965	FADC8503	9B2C8B89
3RD4992	FBE1E4EB	9B2C8B89
3RD5013	FD0BC966	9B2C8B89
3RD354	117BBF76	A0E3AB7F
3RD397	1380CB2C	A0E3AB7F
3RD414	1451ED56	A0E3AB7F
3RD431	15CB8692	A0E3AB7F
3RD455	16AF8E99	A0E3AB7F
3RD703	247C9A37	A0E3AB7F
3RD748	265AF0E0	A0E3AB7F
3RD750	266D4B8A	A0E3AB7F
3RD764	271952E9	A0E3AB7F
3RD774	27B2AA60	A0E3AB7F
3RD49	28C49CB	A0E3AB7F
3RD886	2D02376B	A0E3AB7F
3RD887	2D1776AD	A0E3AB7F
3RD888	2D22A6B2	A0E3AB7F
3RD1141	3A10D55B	A0E3AB7F
3RD1179	3BDAF0E9	A0E3AB7F
3RD1181	3BEC2CAB	A0E3AB7F
3RD1183	3C13D118	A0E3AB7F
3RD1231	3EE2A1EF	A0E3AB7F
3RD1233	3EFA5F26	A0E3AB7F
3RD1254	403203AA	A0E3AB7F
3RD1278	413C63AA	A0E3AB7F
3RD1314	42DED22A	A0E3AB7F
3RD1339	43A30A9C	A0E3AB7F
3RD4	481D0F	A0E3AB7F
3RD1447	483D89AA	A0E3AB7F
3RD82	49FEA7A	A0E3AB7F
3RD1502	4AEEF1AC	A0E3AB7F
3RD1513	4B75DB9D	A0E3AB7F
3RD1531	4C55F9E5	A0E3AB7F
3RD1625	51E0A707	A0E3AB7F
3RD90	53C636A	A0E3AB7F
3RD1738	573C64BB	A0E3AB7F
3RD1766	5893FD94	A0E3AB7F
3RD1797	5A4458B2	A0E3AB7F
3RD1848	5D277F00	A0E3AB7F
3RD1868	5E598923	A0E3AB7F
3RD1892	5F3B9FB0	A0E3AB7F
3RD1897	5F7B73C9	A0E3AB7F
3RD1932	6143A3C0	A0E3AB7F
3RD1953	622F1F40	A0E3AB7F
3RD113	63C414C	A0E3AB7F
3RD2006	648E23FE	A0E3AB7F
3RD2061	67FDA7CF	A0E3AB7F
3RD2074	687E85D3	A0E3AB7F
3RD2105	69DC570E	A0E3AB7F
3RD2213	6F5B290E	A0E3AB7F
3RD2295	739D33AA	A0E3AB7F
3RD2342	75C96ED8	A0E3AB7F
3RD2349	7654217E	A0E3AB7F
3RD2620	83814B97	A0E3AB7F
3RD2653	8537A6CC	A0E3AB7F
3RD2684	86B790C4	A0E3AB7F
3RD159	86DB506	A0E3AB7F
3RD2733	8931FB2C	A0E3AB7F
3RD2841	8EA2F827	A0E3AB7F
3RD2891	91671BFC	A0E3AB7F
3RD3002	96C1C9FC	A0E3AB7F
3RD3024	983233B9	A0E3AB7F
3RD197	9F56058	A0E3AB7F
3RD3244	A2FDBF29	A0E3AB7F
3RD3246	A3049EFC	A0E3AB7F
3RD3289	A517C35D	A0E3AB7F
3RD3313	A6E19277	A0E3AB7F
3RD3364	A99A2E19	A0E3AB7F
3RD3368	A9BB0847	A0E3AB7F
3RD3410	AB175983	A0E3AB7F
3RD3422	ABCBF410	A0E3AB7F
3RD3511	B0B83A63	A0E3AB7F
3RD3541	B22B80D7	A0E3AB7F
3RD225	B52249F	A0E3AB7F
3RD3622	B66165F0	A0E3AB7F
3RD3677	B87C25C9	A0E3AB7F
3RD3681	B899BDA2	A0E3AB7F
3RD3767	BD0CFD6E	A0E3AB7F
3RD3822	C009D906	A0E3AB7F
3RD3855	C1CE27C8	A0E3AB7F
3RD245	C26F349	A0E3AB7F
3RD3870	C27B462C	A0E3AB7F
3RD3992	C822ACC5	A0E3AB7F
3RD3994	C8330993	A0E3AB7F
3RD4100	CE40F574	A0E3AB7F
3RD4177	D312DAFA	A0E3AB7F
3RD4301	D9FC0CEA	A0E3AB7F
3RD4303	DA07AD3C	A0E3AB7F
3RD4320	DAE010BC	A0E3AB7F
3RD4322	DAF2DA11	A0E3AB7F
3RD4390	DD9FFFF3	A0E3AB7F
3RD4404	DE1E80F0	A0E3AB7F
3RD4429	DF600B2E	A0E3AB7F
3RD4434	DFA0DBC1	A0E3AB7F
3RD4449	E0A0F616	A0E3AB7F
3RD4588	E7C1A875	A0E3AB7F
3RD4680	EC8DB417	A0E3AB7F
3RD4681	ECB07D8C	A0E3AB7F
3RD4751	EFCD244D	A0E3AB7F
3RD4813	F33DC7B6	A0E3AB7F
3RD4888	F76FC7D1	A0E3AB7F
3RD4902	F8251475	A0E3AB7F
3RD4961	FAA29810	A0E3AB7F
3RD4966	FAE1C231	A0E3AB7F
3RD5047	FE90F64E	A0E3AB7F
3RD336	103F75E6	A6D134C6
3RD382	1287221A	A6D134C6
3RD424	154E77B8	A6D134C6
3RD522	19E84256	A6D134C6
3RD33	1A289E2	A6D134C6
3RD630	20106F59	A6D134C6
3RD646	20CBA7E7	A6D134C6
3RD657	214BD73B	A6D134C6
3RD674	2261948E	A6D134C6
3RD740	261A0DB4	A6D134C6
3RD816	299459C5	A6D134C6
3RD818	29B1E1E9	A6D134C6
3RD904	2E4B59AA	A6D134C6
3RD927	2F6E6579	A6D134C6
3RD939	2FEA3A21	A6D134C6
3RD952	30765097	A6D134C6
3RD958	30F71CF2	A6D134C6
3RD1127	39784D3D	A6D134C6
3RD1239	3F57F07D	A6D134C6
3RD1242	3F6C0D5D	A6D134C6
3RD3	420F12	A6D134C6
3RD1318	430D66D0	A6D134C6
3RD1325	433A60C1	A6D134C6
3RD81	49B3783	A6D134C6
3RD1480	49E910E5	A6D134C6
3RD1491	4A305724	A6D134C6
3RD1495	4A79FB43	A6D134C6
3RD1511	4B5C2B53	A6D134C6
3RD1590	4F41251E	A6D134C6
3RD1736	5733E318	A6D134C6
3RD1762	58729734	A6D134C6
3RD1823	5B82B418	A6D134C6
3RD1859	5E0B965B	A6D134C6
3RD1896	5F71A412	A6D134C6
3RD1995	64264EE8	A6D134C6
3RD2042	67053459	A6D134C6
3RD2049	6759A8F7	A6D134C6
3RD2088	69194F45	A6D134C6
3RD2121	6A5C0FBF	A6D134C6
3RD2233	70EFF064	A6D134C6
3RD2244	717C9DAA	A6D134C6
3RD2249	71B149B1	A6D134C6
3RD2277	72B2EC01	A6D134C6
3RD2308	7420395A	A6D134C6
3RD2389	7805AB12	A6D134C6
3RD2394	786F33A1	A6D134C6
3RD2400	78BB860D	A6D134C6
3RD2404	78E942EC	A6D134C6
3RD2526	7F805944	A6D134C6
3RD2576	80DF4481	A6D134C6
3RD2618	836EED2C	A6D134C6
3RD2624	83D6EF57	A6D134C6
3RD2647	84FF384D	A6D134C6
3RD2719	888D1FA2	A6D134C6
3RD2757	8A96E647	A6D134C6
3RD2789	8CD573EE	A6D134C6
3RD2923	9297B9C5	A6D134C6
3RD2924	92A5680D	A6D134C6
3RD2993	9663BB4F	A6D134C6
3RD3004	970BDC66	A6D134C6
3RD3006	97121FF4	A6D134C6
3RD3012	97672BE0	A6D134C6
3RD3079	9A81C27F	A6D134C6
3RD3095	9B6C8C3E	A6D134C6
3RD3108	9C2BC6DF	A6D134C6
3RD3139	9D504F36	A6D134C6
3RD3217	A183F156	A6D134C6
3RD3281	A4D7BB7F	A6D134C6
3RD3366	A9AB6B28	A6D134C6
3RD3415	AB672C33	A6D134C6
3RD3430	AC71ED79	A6D134C6
3RD3454	ADD31E68	A6D134C6
3RD3485	AF9221E6	A6D134C6
3RD3576	B39B9581	A6D134C6
3RD3577	B39D590A	A6D134C6
3RD3698	B9884ECF	A6D134C6
3RD3720	BA97CF72	A6D134C6
3RD3778	BDE8AA1B	A6D134C6
3RD3788	BE510340	A6D134C6
3RD3790	BE6B6460	A6D134C6
3RD3816	BFD3143B	A6D134C6
3RD3829	C05A7284	A6D134C6
3RD3910	C460E442	A6D134C6
3RD3938	C611E188	A6D134C6
3RD3952	C6B2F3B3	A6D134C6
3RD3954	C6B5C871	A6D134C6
3RD4024	C9EAD697	A6D134C6
3RD4091	CDDD8D8A	A6D134C6
3RD4120	CF76B38E	A6D134C6
3RD4131	D0574EF8	A6D134C6
3RD4171	D2DA2C52	A6D134C6
3RD4287	D92E98A6	A6D134C6
3RD4297	D9CB30A3	A6D134C6
3RD4308	DA5B6300	A6D134C6
3RD4339	DB9D2909	A6D134C6
3RD4341	DBACFA1B	A6D134C6
3RD4397	DDD59113	A6D134C6
3RD289	E05025A	A6D134C6
3RD4500	E2949F6B	A6D134C6
3RD4529	E455DD40	A6D134C6
3RD4550	E57947FF	A6D134C6
3RD4609	E936E0F8	A6D134C6
3RD4620	E97744BD	A6D134C6
3RD4687	ECD707F7	A6D134C6
3RD4721	EEAA32BC	A6D134C6
3RD4808	F2AAA81A	A6D134C6
3RD4876	F7026B11	A6D134C6
3RD4882	F731E032	A6D134C6
3RD345	1100ADAA	AF14310B
3RD411	14382312	AF14310B
3RD827	2A0F3B63	AF14310B
3RD863	2C03E39C	AF14310B
3RD874	2C9464D1	AF14310B
3RD957	30C95C34	AF14310B
3RD1070	368567AC	AF14310B
3RD1092	37925947	AF14310B
3RD1186	3C40DFC6	AF14310B
3RD1385	4589F258	AF14310B
3RD1392	45E475EB	AF14310B
3RD8	518C38	AF14310B
3RD1752	58072B9B	AF14310B
3RD1940	61AD6074	AF14310B
3RD117	665876D	AF14310B
3RD2114	6A1CCEDA	AF14310B
3RD2265	72547054	AF14310B
3RD2270	728F012B	AF14310B
3RD2306	74068FA7	AF14310B
3RD2380	779C69D9	AF14310B
3RD2409	79500FB5	AF14310B
3RD2463	7CB6E38F	AF14310B
3RD2873	906A8AF6	AF14310B
3RD2919	926A0C1B	AF14310B
3RD172	92D20F9	AF14310B
3RD2969	94EEC6F2	AF14310B
3RD3138	9D5021E7	AF14310B
3RD3153	9E5EA9D9	AF14310B
3RD3155	9E75A70C	AF14310B
3RD13	A3688C	AF14310B
3RD3319	A72CEB6E	AF14310B
3RD3394	AA834FB2	AF14310B
3RD3743	BBD55EF5	AF14310B
3RD3820	C0039D23	AF14310B
3RD3862	C1F96E13	AF14310B
3RD3865	C224A165	AF14310B
3RD4030	CA171FD8	AF14310B
3RD4075	CD6C157B	AF14310B
3RD270	D20375B	AF14310B
3RD4164	D2873448	AF14310B
3RD4254	D6BCB923	AF14310B
3RD4265	D7B396AD	AF14310B
3RD4324	DB10B0C4	AF14310B
3RD4349	DBF054FC	AF14310B
3RD4419	DEFA28AE	AF14310B
3RD4591	E7EC371E	AF14310B
3RD4643	EAA43F6C	AF14310B
3RD4688	ECDAC3D9	AF14310B
3RD4697	EDAA7870	AF14310B
3RD4801	F249703C	AF14310B
3RD4852	F5A65484	AF14310B
3RD4985	FB6D60FE	AF14310B
3RD5016	FD2E8606	AF14310B
3RD538	1B088705	B3966C9
3RD861	2BE27CC4	B3966C9
3RD870	2C4FE0C5	B3966C9
3RD1053	35A7C9FB	B3966C9
3RD1079	3708268F	B3966C9
3RD1455	489AFE52	B3966C9
3RD1518	4BAD90BA	B3966C9
3RD1715	56617DB6	B3966C9
3RD1771	58D8EA30	B3966C9
3RD1816	5B4E1547	B3966C9
3RD1933	6152BC04	B3966C9
3RD1994	64181923	B3966C9
3RD2151	6C25B6F6	B3966C9
3RD2237	7145337D	B3966C9
3RD2420	79D35251	B3966C9
3RD2549	8002D0F8	B3966C9
3RD2574	80DB09DE	B3966C9
3RD2601	8223BCC5	B3966C9
3RD2694	87363366	B3966C9
3RD2816	8DCF7A49	B3966C9
3RD2922	928DAD43	B3966C9
3RD2942	93925FA2	B3966C9
3RD2963	94778799	B3966C9
3RD3046	98FEAB5B	B3966C9
3RD3221	A1AEFBDB	B3966C9
3RD221	B1D3B3A	B3966C9
3RD3549	B2850A03	B3966C9
3RD3795	BEB8F6CF	B3966C9
3RD3828	C05A25AD	B3966C9
3RD3856	C1CF0BC1	B3966C9
3RD4138	D0C5A9AE	B3966C9
3RD4277	D878696D	B3966C9
3RD285	DC86C81	B3966C9
3RD4499	E28C4D3B	B3966C9
3RD295	E36416C	B3966C9
3RD427	15A5F1FB	B6B6122D
3RD465	1729430B	B6B6122D
3RD467	17589C16	B6B6122D
3RD514	194EEF2B	B6B6122D
3RD544	1B4BBF0C	B6B6122D
3RD602	1E93B55B	B6B6122D
3RD641	209F1B05	B6B6122D
3RD661	21863B44	B6B6122D
3RD786	284DE554	B6B6122D
3RD799	28BB59EB	B6B6122D
3RD52	2BC9A32	B6B6122D
3RD858	2BCB1423	B6B6122D
3RD930	2F79B8BA	B6B6122D
3RD949	305DD8F3	B6B6122D
3RD959	3106DA41	B6B6122D
3RD976	31F25877	B6B6122D
3RD993	329F6CF9	B6B6122D
3RD1004	32F8BFB4	B6B6122D
3RD1035	34A20748	B6B6122D
3RD1046	354C7DCF	B6B6122D
3RD1208	3D9E37C9	B6B6122D
3RD1234	3EFCF91A	B6B6122D
3RD1262	40AE6741	B6B6122D
3RD1313	42DC3FF2	B6B6122D
3RD1319	43167E60	B6B6122D
3RD1330	4358A4B5	B6B6122D
3RD1426	470F25AF	B6B6122D
3RD1481	49F228A0	B6B6122D
3RD1487	4A19853D	B6B6122D
3RD1560	4DA81651	B6B6122D
3RD88	50D9290	B6B6122D
3RD1628	52186ADF	B6B6122D
3RD1636	5268C2D5	B6B6122D
3RD1700	55A4C2DA	B6B6122D
3RD1774	5900C6E0	B6B6122D
3RD1821	5B759ECA	B6B6122D
3RD103	5C17AEF	B6B6122D
3RD1834	5C44A993	B6B6122D
3RD106	5E35276	B6B6122D
3RD1999	64406011	B6B6122D
3RD2047	6747636D	B6B6122D
3RD2077	688F4C5E	B6B6122D
3RD2112	6A133C05	B6B6122D
3RD2202	6E7E4E06	B6B6122D
3RD2230	70E76E86	B6B6122D
3RD2261	7236DF6E	B6B6122D
3RD2360	76D0E8E1	B6B6122D
3RD2471	7CFC722F	B6B6122D
3RD2492	7DEC63B7	B6B6122D
3RD2541	7FE17AC3	B6B6122D
3RD2553	80488904	B6B6122D
3RD153	81398B4	B6B6122D
3RD2602	824517BF	B6B6122D
3RD2606	827B19B5	B6B6122D
3RD2629	84236208	B6B6122D
3RD2712	8838982E	B6B6122D
3RD2867	8FFDB330	B6B6122D
3RD2876	90875B47	B6B6122D
3RD2945	93B4BC28	B6B6122D
3RD3163	9EF6C5AA	B6B6122D
3RD3191	A0435564	B6B6122D
3RD3256	A3950152	B6B6122D
3RD3297	A5B7DEA4	B6B6122D
3RD3361	A981CE43	B6B6122D
3RD3468	AE85F1E9	B6B6122D
3RD3491	AFBC72AD	B6B6122D
3RD3508	B07E686B	B6B6122D
3RD3624	B6732CBB	B6B6122D
3RD3639	B6F00BE2	B6B6122D
3RD3693	B93885A9	B6B6122D
3RD3736	BB590B6C	B6B6122D
3RD3797	BEC98609	B6B6122D
3RD3864	C21E003C	B6B6122D
3RD3902	C3DCD42B	B6B6122D
3RD3919	C4CB7A9B	B6B6122D
3RD3962	C6F72126	B6B6122D
3RD4021	C9C8FB6F	B6B6122D
3RD4078	CD82AFBF	B6B6122D
3RD4097	CE3A24EA	B6B6122D
3RD4155	D2127096	B6B6122D
3RD4238	D5DDA3F0	B6B6122D
3RD4246	D64FE6C7	B6B6122D
3RD283	DB39688	B6B6122D
3RD4348	DBECC04F	B6B6122D
3RD4367	DCBD4CB2	B6B6122D
3RD4403	DE1250DE	B6B6122D
3RD4435	DFAA8BC6	B6B6122D
3RD4487	E1FF808D	B6B6122D
3RD4538	E4C2D141	B6B6122D
3RD4582	E7864741	B6B6122D
3RD4637	EA80E839	B6B6122D
3RD4804	F28DED91	B6B6122D
3RD4837	F4F3B658	B6B6122D
3RD4861	F65AE4EA	B6B6122D
3RD4898	F7D6B65D	B6B6122D
3RD4972	FB018D95	B6B6122D
3RD343	10D35669	E06D30CE
3RD362	11C534F5	E06D30CE
3RD366	11F2D928	E06D30CE
3RD368	11F694A8	E06D30CE
3RD370	1202EE98	E06D30CE
3RD22	1216662	E06D30CE
3RD380	12655EF0	E06D30CE
3RD23	12B374D	E06D30CE
3RD385	12C15FB8	E06D30CE
3RD399	13B3E696	E06D30CE
3RD400	13B6851A	E06D30CE
3RD403	13EC8F83	E06D30CE
3RD419	14893CB1	E06D30CE
3RD438	160AE0F0	E06D30CE
3RD443	16425763	E06D30CE
3RD453	169CD916	E06D30CE
3RD468	175B3B8F	E06D30CE
3RD472	177CC536	E06D30CE
3RD491	183887BF	E06D30CE
3RD30	188B7EC	E06D30CE
3RD510	19350D38	E06D30CE
3RD534	1AEB99F2	E06D30CE
3RD541	1B2B0AFE	E06D30CE
3RD551	1B92D463	E06D30CE
3RD562	1C42BDC3	E06D30CE
3RD583	1D85581A	E06D30CE
3RD590	1E0250EA	E06D30CE
3RD610	1F433A6B	E06D30CE
3RD616	1F7DD066	E06D30CE
3RD617	1F89F3D6	E06D30CE
3RD634	2023FA6D	E06D30CE
3RD654	21312A0C	E06D30CE
3RD686	233D3735	E06D30CE
3RD690	237A4419	E06D30CE
3RD705	247FE521	E06D30CE
3RD708	248DFE12	E06D30CE
3RD722	253E04B1	E06D30CE
3RD728	2582BB98	E06D30CE
3RD734	25BE61B9	E06D30CE
3RD736	25E14B37	E06D30CE
3RD738	26004FCD	E06D30CE
3RD758	26C3120C	E06D30CE
3RD759	26C355A8	E06D30CE
3RD777	27D67A8B	E06D30CE
3RD778	27DA6CA1	E06D30CE
3RD792	288D065C	E06D30CE
3RD825	2A03AED5	E06D30CE
3RD884	2CDDAE63	E06D30CE
3RD890	2D372660	E06D30CE
3RD934	2FB93524	E06D30CE
3RD947	304115C8	E06D30CE
3RD961	311D3739	E06D30CE
3RD988	32581090	E06D30CE
3RD1006	3303A03C	E06D30CE
3RD1018	33C84719	E06D30CE
3RD1033	3468C39F	E06D30CE
3RD1034	3487C5A7	E06D30CE
3RD1045	353988C6	E06D30CE
3RD1063	36306985	E06D30CE
3RD1083	37455F1D	E06D30CE
3RD1086	375C4C65	E06D30CE
3RD1113	39097A34	E06D30CE
3RD1114	3916B6B3	E06D30CE
3RD1122	39495E43	E06D30CE
3RD1177	3BCC146C	E06D30CE
3RD1189	3C5BF49C	E06D30CE
3RD1196	3CDEAE87	E06D30CE
3RD1205	3D80B047	E06D30CE
3RD1218	3DF55092	E06D30CE
3RD1236	3F0F9A40	E06D30CE
3RD1266	40CE722F	E06D30CE
3RD1303	4295010E	E06D30CE
3RD1328	43489B76	E06D30CE
3RD1366	44D19FE3	E06D30CE
3RD1373	450967BF	E06D30CE
3RD1375	4515F1D5	E06D30CE
3RD1398	461A6702	E06D30CE
3RD1413	468FEAC8	E06D30CE
3RD1414	469686E5	E06D30CE
3RD1425	46FB2C49	E06D30CE
3RD1438	478DFACC	E06D30CE
3RD1442	4815F446	E06D30CE
3RD79	495C239	E06D30CE
3RD1469	498CCD4E	E06D30CE
3RD1486	4A16B101	E06D30CE
3RD1505	4B0911FA	E06D30CE
3RD1508	4B3C4BBE	E06D30CE
3RD1530	4C39F2C0	E06D30CE
3RD1562	4DBA503E	E06D30CE
3RD1583	4EE0FA59	E06D30CE
3RD1600	4FF61D10	E06D30CE
3RD1610	50DE3DDD	E06D30CE
3RD1612	50E737DB	E06D30CE
3RD1631	521C3A78	E06D30CE
3RD1641	52C522AE	E06D30CE
3RD1643	52DBADD8	E06D30CE
3RD1646	532A16EA	E06D30CE
3RD1658	53B43C4D	E06D30CE
3RD1662	53C18B9D	E06D30CE
3RD1683	54F0A5C5	E06D30CE
3RD1711	560497BD	E06D30CE
3RD1714	5655418F	E06D30CE
3RD1730	56DF036F	E06D30CE
3RD1740	575B423C	E06D30CE
3RD1751	57FA8C8C	E06D30CE
3RD1772	58EB8661	E06D30CE
3RD1798	5A476EC3	E06D30CE
3RD1802	5A6A9C7E	E06D30CE
3RD1818	5B677B54	E06D30CE
3RD1828	5BBD539B	E06D30CE
3RD1835	5C46B475	E06D30CE
3RD1836	5C4C2A8E	E06D30CE
3RD1849	5D2C5098	E06D30CE
3RD1860	5E13D8FB	E06D30CE
3RD1861	5E18D27D	E06D30CE
3RD1890	5F1EF307	E06D30CE
3RD1949	620C1009	E06D30CE
3RD111	629293F	E06D30CE
3RD1960	629889B6	E06D30CE
3RD1964	62E2820A	E06D30CE
3RD1983	63BE3330	E06D30CE
3RD1991	64037B75	E06D30CE
3RD2022	65A32F60	E06D30CE
3RD2054	67A50B97	E06D30CE
3RD2078	689F38E7	E06D30CE
3RD2086	68F0A792	E06D30CE
3RD2089	691D2ED1	E06D30CE
3RD2106	69F82B3D	E06D30CE
3RD2154	6C59F587	E06D30CE
3RD2158	6C75D60F	E06D30CE
3RD2181	6D82F726	E06D30CE
3RD2205	6E93F367	E06D30CE
3RD2214	6F916F4A	E06D30CE
3RD2240	715C5E9C	E06D30CE
3RD2242	715FD22E	E06D30CE
3RD130	719F9BD	E06D30CE
3RD2269	7289B99D	E06D30CE
3RD2276	72AF4757	E06D30CE
3RD2291	736B9D80	E06D30CE
3RD2305	740613E3	E06D30CE
3RD2317	74977E13	E06D30CE
3RD2318	749F8612	E06D30CE
3RD2328	74EEB5CE	E06D30CE
3RD2355	769E821E	E06D30CE
3RD2366	76FFA1F8	E06D30CE
3RD2378	779743D5	E06D30CE
3RD2384	77CFB0CF	E06D30CE
3RD140	79A440F	E06D30CE
3RD2415	79A8AF96	E06D30CE
3RD2426	7A2FCA10	E06D30CE
3RD2433	7AADCCA8	E06D30CE
3RD2454	7BF63439	E06D30CE
3RD2455	7BFCE88F	E06D30CE
3RD2461	7C9CCD8A	E06D30CE
3RD145	7CD643F	E06D30CE
3RD2477	7D3C2C21	E06D30CE
3RD2484	7DAF83BF	E06D30CE
3RD2489	7DBD6323	E06D30CE
3RD2501	7E4AE849	E06D30CE
3RD2517	7F18532A	E06D30CE
3RD2522	7F37FB93	E06D30CE
3RD2529	7F8ED4CF	E06D30CE
3RD2530	7F91CB14	E06D30CE
3RD2548	7FF85C83	E06D30CE
3RD2584	815CE6D3	E06D30CE
3RD156	82A253A	E06D30CE
3RD2612	82DE228F	E06D30CE
3RD2616	834FC2EC	E06D30CE
3RD2630	843AB44C	E06D30CE
3RD2636	847C4B63	E06D30CE
3RD2669	85EEE32A	E06D30CE
3RD2670	85F06877	E06D30CE
3RD2687	86E6388B	E06D30CE
3RD2692	872D62E4	E06D30CE
3RD2702	879E0C5F	E06D30CE
3RD2703	879F246D	E06D30CE
3RD2715	8852D52A	E06D30CE
3RD2736	8960E768	E06D30CE
3RD2738	8981B155	E06D30CE
3RD2740	8995545A	E06D30CE
3RD2741	899D26BF	E06D30CE
3RD2743	89D5703D	E06D30CE
3RD165	8B4C660	E06D30CE
3RD2775	8BD033C8	E06D30CE
3RD2783	8C6E6E8D	E06D30CE
3RD2798	8D1B4F77	E06D30CE
3RD2807	8D85AB32	E06D30CE
3RD2817	8DEB8C6C	E06D30CE
3RD2846	8EEDCF84	E06D30CE
3RD2899	91AAA245	E06D30CE
3RD2905	91BF6F6F	E06D30CE
3RD2909	91E0E521	E06D30CE
3RD2921	92744FC1	E06D30CE
3RD2939	934AAEF5	E06D30CE
3RD174	938A8AE	E06D30CE
3RD2968	94EE066E	E06D30CE
3RD2972	955466ED	E06D30CE
3RD3043	98E22B7B	E06D30CE
3RD3060	99A5A3E0	E06D30CE
3RD3069	9A4052D2	E06D30CE
3RD3070	9A42694D	E06D30CE
3RD187	9B5A38C	E06D30CE
3RD3093	9B5BEBF8	E06D30CE
3RD3096	9B8102F6	E06D30CE
3RD3111	9C4079B0	E06D30CE
3RD3166	9F184E57	E06D30CE
3RD196	9F47196	E06D30CE
3RD3187	A001516B	E06D30CE
3RD3200	A0A282A4	E06D30CE
3RD3207	A0F04A40	E06D30CE
3RD3211	A12F86E3	E06D30CE
3RD3216	A180AAB1	E06D30CE
3RD3220	A199EA7A	E06D30CE
3RD3223	A1CF6F75	E06D30CE
3RD3225	A1D85898	E06D30CE
3RD3234	A28A9A0E	E06D30CE
3RD3262	A3E846C0	E06D30CE
3RD3272	A449D9F4	E06D30CE
3RD3300	A5EBB594	E06D30CE
3RD3357	A95290A4	E06D30CE
3RD3362	A98BE478	E06D30CE
3RD3370	A9C60868	E06D30CE
3RD3375	A9E252A8	E06D30CE
3RD3425	AC282BD2	E06D30CE
3RD3426	AC2CF6AB	E06D30CE
3RD3438	AD33A65B	E06D30CE
3RD3457	AE131D55	E06D30CE
3RD3466	AE8287E1	E06D30CE
3RD3467	AE8558F1	E06D30CE
3RD3480	AF523B36	E06D30CE
3RD3521	B153B7A0	E06D30CE
3RD3527	B16272EB	E06D30CE
3RD3608	B593AC86	E06D30CE
3RD3610	B5B67CD5	E06D30CE
3RD3612	B5CFC041	E06D30CE
3RD3616	B6176B1E	E06D30CE
3RD3620	B649418B	E06D30CE
3RD3621	B6506A38	E06D30CE
3RD3623	B66BD0F0	E06D30CE
3RD3634	B6D50BFB	E06D30CE
3RD3635	B6DCD569	E06D30CE
3RD3654	B79F241A	E06D30CE
3RD3655	B7CC80FD	E06D30CE
3RD3662	B80ACDC4	E06D30CE
3RD3666	B841A57B	E06D30CE
3RD3676	B870BD7A	E06D30CE
3RD3683	B8C3F06B	E06D30CE
3RD3689	B903EF2A	E06D30CE
3RD3710	B9F3DF9A	E06D30CE
3RD3727	BAD51E67	E06D30CE
3RD3777	BDE2B992	E06D30CE
3RD236	BEBB3F9	E06D30CE
3RD3802	BF0728EA	E06D30CE
3RD3833	C075BD2F	E06D30CE
3RD3840	C0AE117E	E06D30CE
3RD3848	C17A97E0	E06D30CE
3RD3850	C19A3878	E06D30CE
3RD3886	C3524803	E06D30CE
3RD3907	C4423462	E06D30CE
3RD3909	C4523384	E06D30CE
3RD3920	C4EC7188	E06D30CE
3RD3921	C4F49B55	E06D30CE
3RD3926	C5588A11	E06D30CE
3RD3939	C63C48BC	E06D30CE
3RD3981	C7C4ADDA	E06D30CE
3RD3988	C808186F	E06D30CE
3RD3993	C82A746D	E06D30CE
3RD3995	C84E0F8B	E06D30CE
3RD4002	C8DC0DBE	E06D30CE
3RD4011	C94D673C	E06D30CE
3RD4019	C9BD7DDD	E06D30CE
3RD4033	CA3825DC	E06D30CE
3RD4105	CE8E1BFF	E06D30CE
3RD4113	CEF66270	E06D30CE
3RD4122	CFBCDCAF	E06D30CE
3RD4149	D18C6447	E06D30CE
3RD4172	D2E1B5E5	E06D30CE
3RD4187	D3B9FC41	E06D30CE
3RD4191	D3EB0BF6	E06D30CE
3RD275	D42F554	E06D30CE
3RD4213	D4D17E9B	E06D30CE
3RD4253	D6BB5948	E06D30CE
3RD4279	D8C8DC6D	E06D30CE
3RD4334	DB7AE1D1	E06D30CE
3RD4342	DBAFA2E9	E06D30CE
3RD4363	DC7F96AD	E06D30CE
3RD4373	DCF0EEBD	E06D30CE
3RD4380	DD5EB9A0	E06D30CE
3RD4389	DD94D74C	E06D30CE
3RD4408	DE57450D	E06D30CE
3RD4418	DEF398B6	E06D30CE
3RD287	DF917D7	E06D30CE
3RD4463	E1425064	E06D30CE
3RD4497	E27990F2	E06D30CE
3RD4504	E2E6641D	E06D30CE
3RD4510	E31B59D6	E06D30CE
3RD4519	E38A1BB9	E06D30CE
3RD4522	E3C60C13	E06D30CE
3RD4525	E40FD841	E06D30CE
3RD4556	E5E2A973	E06D30CE
3RD304	E9F4711	E06D30CE
3RD4649	EB109047	E06D30CE
3RD4655	EB548286	E06D30CE
3RD4669	EBEDE03A	E06D30CE
3RD307	EC4BBE1	E06D30CE
3RD4705	EE0B209D	E06D30CE
3RD4733	EF215D25	E06D30CE
3RD4763	F09E3C0B	E06D30CE
3RD4796	F22AE177	E06D30CE
3RD4810	F2CF1A95	E06D30CE
3RD4816	F34D9B76	E06D30CE
3RD4832	F4B0355F	E06D30CE
3RD4850	F58B8804	E06D30CE
3RD4859	F64188A5	E06D30CE
3RD4890	F78E7F3E	E06D30CE
3RD4896	F7C606AD	E06D30CE
3RD4920	F8D35D30	E06D30CE
3RD4936	F99C9E18	E06D30CE
3RD4944	F9CB2FD9	E06D30CE
3RD4953	FA315597	E06D30CE
3RD4970	FAF80C2D	E06D30CE
3RD4977	FB2C511B	E06D30CE
3RD4987	FB7D51C9	E06D30CE
3RD4998	FC390D58	E06D30CE
3RD5010	FCD233CA	E06D30CE
3RD5012	FD052F4D	E06D30CE
3RD5015	FD27262B	E06D30CE
3RD5025	FD8658BA	E06D30CE
3RD723	25468DBA	EA24B45E
3RD1019	33CD2AC7	EA24B45E
3RD1085	375030AD	EA24B45E
3RD1954	6239867F	EA24B45E
3RD2623	83BECAA9	EA24B45E
3RD2700	877DD107	EA24B45E
3RD2914	921BE763	EA24B45E
3RD2961	9466EAD9	EA24B45E
3RD3351	A9131431	EA24B45E
3RD3449	AD96379C	EA24B45E
3RD3607	B580AE2C	EA24B45E
3RD3660	B7FD4C6A	EA24B45E
3RD3705	B9D4B5B4	EA24B45E
3RD3937	C60AE885	EA24B45E
3RD4083	CDAFDD6A	EA24B45E
3RD4368	DCBE7B87	EA24B45E
3RD4455	E0EE03E6	EA24B45E
3RD4752	EFCDBC06	EA24B45E
3RD381	126DC683	EABE0032
3RD392	1328F2AA	EABE0032
3RD408	141973E5	EABE0032
3RD445	165A4B9E	EABE0032
3RD527	1A423C8D	EABE0032
3RD585	1D8BDEE4	EABE0032
3RD594	1E2087F7	EABE0032
3RD607	1EDDE714	EABE0032
3RD608	1F0292CA	EABE0032
3RD632	20180C98	EABE0032
3RD666	21DE98A9	EABE0032
3RD684	232BB82B	EABE0032
3RD695	24150CAA	EABE0032
3RD741	26293510	EABE0032
3RD745	263E22E1	EABE0032
3RD800	28CE3451	EABE0032
3RD835	2A9AF2AB	EABE0032
3RD855	2BAA230A	EABE0032
3RD866	2C1A603D	EABE0032
3RD912	2EBFF2B6	EABE0032
3RD935	2FC6ABF5	EABE0032
3RD974	31DEF9EA	EABE0032
3RD1007	3315BB17	EABE0032
3RD1022	33D44A78	EABE0032
3RD1078	36F8F702	EABE0032
3RD1088	378243F0	EABE0032
3RD1134	39C5974F	EABE0032
3RD1201	3D3C213B	EABE0032
3RD1206	3D951CD1	EABE0032
3RD1237	3F1D5D03	EABE0032
3RD1257	406A9705	EABE0032
3RD66	411270C	EABE0032
3RD1288	41C30B92	EABE0032
3RD1309	42BC5A3D	EABE0032
3RD1358	44973F0F	EABE0032
3RD1402	4630D817	EABE0032
3RD1411	467161CE	EABE0032
3RD1436	477E30A3	EABE0032
3RD1460	48F6C7CE	EABE0032
3RD1504	4B0734F7	EABE0032
3RD1514	4B81BAC7	EABE0032
3RD85	4D75607	EABE0032
3RD1577	4E933356	EABE0032
3RD1613	50EE76A1	EABE0032
3RD1616	51475F13	EABE0032
3RD1644	5313600C	EABE0032
3RD1671	54323070	EABE0032
3RD1685	54F69019	EABE0032
3RD1705	55D71202	EABE0032
3RD1709	55ED80A3	EABE0032
3RD1746	57B6654D	EABE0032
3RD1814	5B004C30	EABE0032
3RD1815	5B4BDA67	EABE0032
3RD1853	5D985CD7	EABE0032
3RD1900	5FBEEB9F	EABE0032
3RD1979	63A5AD77	EABE0032
3RD2038	6675D4F7	EABE0032
3RD2048	67597059	EABE0032
3RD2060	67FA73B8	EABE0032
3RD2063	682DB6AF	EABE0032
3RD2085	68E86F45	EABE0032
3RD2091	692FE88F	EABE0032
3RD2101	69AC4547	EABE0032
3RD2174	6D327E34	EABE0032
3RD2179	6D58AF9C	EABE0032
3RD2282	72D91B96	EABE0032
3RD2333	7555BF86	EABE0032
3RD2359	76CD75A6	EABE0032
3RD2381	77B89340	EABE0032
3RD2387	77E4E1B8	EABE0032
3RD2416	79BC8313	EABE0032
3RD141	7A0AF77	EABE0032
3RD2427	7A584978	EABE0032
3RD2440	7AF0186A	EABE0032
3RD2444	7B2B17FC	EABE0032
3RD2446	7B46DCB9	EABE0032
3RD2525	7F601C34	EABE0032
3RD2534	7FBB5461	EABE0032
3RD2563	80A51779	EABE0032
3RD152	8129E92	EABE0032
3RD2614	8312528B	EABE0032
3RD2644	84E72B74	EABE0032
3RD2661	85912057	EABE0032
3RD2677	865D7976	EABE0032
3RD2704	87AF6426	EABE0032
3RD2731	89147854	EABE0032
3RD2747	8A1837FF	EABE0032
3RD2758	8A97297E	EABE0032
3RD2770	8B338322	EABE0032
3RD2812	8DAAB8C9	EABE0032
3RD167	8DD99C4	EABE0032
3RD2829	8E72AC7F	EABE0032
3RD2842	8EB9B3A2	EABE0032
3RD2861	8F86F3F8	EABE0032
3RD2869	902E6B49	EABE0032
3RD2913	921B0046	EABE0032
3RD2938	93325C48	EABE0032
3RD2966	94A10BF9	EABE0032
3RD2996	968DCEC1	EABE0032
3RD183	978FFAB	EABE0032
3RD3084	9AEACC04	EABE0032
3RD3105	9BEF5472	EABE0032
3RD3110	9C3FD5F3	EABE0032
3RD3121	9CA748E8	EABE0032
3RD3122	9CB59754	EABE0032
3RD3193	A054E24F	EABE0032
3RD3210	A1140E82	EABE0032
3RD3267	A4123A16	EABE0032
3RD3275	A490FF05	EABE0032
3RD3331	A7F3A3AD	EABE0032
3RD3377	AA05717E	EABE0032
3RD3381	AA1536F8	EABE0032
3RD3447	AD877043	EABE0032
3RD3453	ADBF4839	EABE0032
3RD3471	AEC509DE	EABE0032
3RD3474	AED9AA0D	EABE0032
3RD3481	AF56E6B8	EABE0032
3RD3483	AF6C2A8C	EABE0032
3RD3488	AFA82CBD	EABE0032
3RD3494	B005C2C2	EABE0032
3RD3554	B2B5575C	EABE0032
3RD3559	B2D67546	EABE0032
3RD3707	B9E3D9F2	EABE0032
3RD231	BC262F7	EABE0032
3RD3752	BC418DBB	EABE0032
3RD3810	BF9DF12D	EABE0032
3RD3819	C002ECC0	EABE0032
3RD3846	C14CD28B	EABE0032
3RD3866	C2379A9D	EABE0032
3RD3918	C4C6EBE8	EABE0032
3RD3940	C64AEF4C	EABE0032
3RD3959	C6E59D64	EABE0032
3RD3972	C760840E	EABE0032
3RD3990	C819F65E	EABE0032
3RD4037	CA9AB424	EABE0032
3RD4041	CB17B51A	EABE0032
3RD4101	CE640EB9	EABE0032
3RD4124	D01F440C	EABE0032
3RD4174	D2F492A3	EABE0032
3RD4199	D4399529	EABE0032
3RD4214	D4DB29CC	EABE0032
3RD4218	D51839C9	EABE0032
3RD278	D527D5A	EABE0032
3RD4240	D607FC7C	EABE0032
3RD4244	D61700F4	EABE0032
3RD4267	D7C244BC	EABE0032
3RD4328	DB37A860	EABE0032
3RD4336	DB7C99AF	EABE0032
3RD4364	DC92D810	EABE0032
3RD4371	DCD9D8A2	EABE0032
3RD4381	DD621992	EABE0032
3RD4393	DDBD58F1	EABE0032
3RD4442	E0375017	EABE0032
3RD4466	E156CAB7	EABE0032
3RD4479	E1D8A667	EABE0032
3RD4535	E4849298	EABE0032
3RD4543	E4FB36B0	EABE0032
3RD4552	E5AC9BC9	EABE0032
3RD4608	E9271E01	EABE0032
3RD4612	E9472777	EABE0032
3RD4619	E9719F3C	EABE0032
3RD4629	E9D8C5A2	EABE0032
3RD4631	E9F2691C	EABE0032
3RD4735	EF2FBD2D	EABE0032
3RD4745	EF8B7E01	EABE0032
3RD4778	F15A70F5	EABE0032
3RD4788	F1CD8285	EABE0032
3RD4847	F5623F8A	EABE0032
3RD4874	F6F17D8B	EABE0032
3RD4878	F70F50D4	EABE0032
3RD4881	F7255B04	EABE0032
3RD4895	F7BC3BD1	EABE0032
3RD324	F7F3C74	EABE0032
3RD4916	F89FBCF2	EABE0032
3RD4947	F9E4113E	EABE0032
3RD4986	FB78068C	EABE0032
3RD5037	FE34E293	EABE0032
3RD5038	FE390F17	EABE0032
3RD5052	FEC34939	EABE0032
3RD1253	402D4AB2	F1542D11
3RD1596	4F6BE92F	F1542D11
3RD2075	687F1B55	F1542D11
3RD2414	79A1BD9A	F1542D11
3RD2476	7D3844C7	F1542D11
3RD3900	C3CA51DE	F1542D11
3RD611	1F528866	F16A1D23
3RD896	2D83A4C8	F16A1D23
3RD1194	3CCE435D	F16A1D23
3RD1445	48365A31	F16A1D23
3RD1716	5664768D	F16A1D23
3RD2902	91AFED23	F16A1D23
3RD4854	F5BEF9CD	F16A1D23
3RD347	1133A823	FAE9107F
3RD379	124F10EC	FAE9107F
3RD412	1447205B	FAE9107F
3RD501	18AB44CC	FAE9107F
3RD509	192B0287	FAE9107F
3RD564	1C736119	FAE9107F
3RD574	1CE1D203	FAE9107F
3RD37	1D43574	FAE9107F
3RD591	1E09C6CC	FAE9107F
3RD692	238B114E	FAE9107F
3RD702	247C6E80	FAE9107F
3RD719	24FA98B4	FAE9107F
3RD762	270442E4	FAE9107F
3RD765	271AC864	FAE9107F
3RD787	285CFC11	FAE9107F
3RD819	29BBD9A9	FAE9107F
3RD832	2A768BBF	FAE9107F
3RD837	2AAC7E07	FAE9107F
3RD865	2C102FB2	FAE9107F
3RD53	2E72099	FAE9107F
3RD926	2F5F76FE	FAE9107F
3RD979	320FB40F	FAE9107F
3RD983	322569C2	FAE9107F
3RD1012	3377D815	FAE9107F
3RD1074	36D04011	FAE9107F
3RD59	37D993E	FAE9107F
3RD1107	38AB7EA6	FAE9107F
3RD1139	39F6A373	FAE9107F
3RD1188	3C4A4108	FAE9107F
3RD1191	3C6C1AD9	FAE9107F
3RD1197	3CE3FD4B	FAE9107F
3RD1244	3F9D2C23	FAE9107F
3RD1287	41971B6D	FAE9107F
3RD1298	42442575	FAE9107F
3RD1338	439E1D0D	FAE9107F
3RD1343	43F01DD6	FAE9107F
3RD1386	4592F159	FAE9107F
3RD1407	465177F6	FAE9107F
3RD72	46791E8	FAE9107F
3RD1418	46D7381C	FAE9107F
3RD1434	47794DA0	FAE9107F
3RD1446	4839939E	FAE9107F
3RD1457	48E34391	FAE9107F
3RD1493	4A5C672E	FAE9107F
3RD1533	4C80CB7D	FAE9107F
3RD1536	4C9ACEC6	FAE9107F
3RD1545	4D06F865	FAE9107F
3RD1564	4DD258F8	FAE9107F
3RD1569	4E4130A7	FAE9107F
3RD1647	532AD33E	FAE9107F
3RD1650	5354AC98	FAE9107F
3RD1652	5360AC07	FAE9107F
3RD1663	53D91C61	FAE9107F
3RD1664	53D9BFF2	FAE9107F
3RD1673	54558EE2	FAE9107F
3RD1808	5ADADA95	FAE9107F
3RD1838	5C525539	FAE9107F
3RD1874	5E8CD55A	FAE9107F
3RD1895	5F66FA17	FAE9107F
3RD1945	61E470B1	FAE9107F
3RD1948	620B2A4D	FAE9107F
3RD1986	63D915DD	FAE9107F
3RD1988	63E79356	FAE9107F
3RD2007	64926B3C	FAE9107F
3RD2027	65C8F8AF	FAE9107F
3RD2030	6618E470	FAE9107F
3RD118	669EF29	FAE9107F
3RD2041	66A1C0DD	FAE9107F
3RD2043	67270024	FAE9107F
3RD2046	6745BD2D	FAE9107F
3RD121	681BE0D	FAE9107F
3RD2097	697AE58F	FAE9107F
3RD2123	6A743CAB	FAE9107F
3RD2190	6E044D29	FAE9107F
3RD2201	6E7CCEF2	FAE9107F
3RD2217	70237495	FAE9107F
3RD2222	7083473D	FAE9107F
3RD2251	71C11DC9	FAE9107F
3RD2253	71D3B94E	FAE9107F
3RD2294	7383DDCE	FAE9107F
3RD2299	73BFEE5A	FAE9107F
3RD2311	744AC084	FAE9107F
3RD135	74E9392	FAE9107F
3RD2352	7685B653	FAE9107F
3RD2392	785E88FB	FAE9107F
3RD2493	7DEC9A94	FAE9107F
3RD2504	7E8FE356	FAE9107F
3RD2505	7EA2C613	FAE9107F
3RD2544	7FE8B2EA	FAE9107F
3RD2551	80264EA9	FAE9107F
3RD2565	80B791ED	FAE9107F
3RD2609	82B0EE44	FAE9107F
3RD2628	8419942F	FAE9107F
3RD2663	8593CB12	FAE9107F
3RD2688	871764C3	FAE9107F
3RD2697	87489966	FAE9107F
3RD2714	884CD09F	FAE9107F
3RD2806	8D8454B8	FAE9107F
3RD2823	8E196FD4	FAE9107F
3RD2853	8F289D97	FAE9107F
3RD2863	8FB3908B	FAE9107F
3RD2865	8FC6C98C	FAE9107F
3RD2881	90E2A999	FAE9107F
3RD2898	91A858D2	FAE9107F
3RD2907	91C60625	FAE9107F
3RD2947	93C85F18	FAE9107F
3RD2955	9422709B	FAE9107F
3RD2978	958EA1C2	FAE9107F
3RD2985	95DF5D94	FAE9107F
3RD3026	9843C7BB	FAE9107F
3RD3029	985E50C4	FAE9107F
3RD3044	98E6F552	FAE9107F
3RD3067	9A114675	FAE9107F
3RD3080	9A961DE0	FAE9107F
3RD3107	9C279DA9	FAE9107F
3RD3109	9C3F6CCC	FAE9107F
3RD3152	9E59CC88	FAE9107F
3RD3161	9ED6C762	FAE9107F
3RD3188	A00EC847	FAE9107F
3RD3239	A2C0B3FF	FAE9107F
3RD3245	A30373DF	FAE9107F
3RD3280	A4D1FB79	FAE9107F
3RD3283	A4E88EF4	FAE9107F
3RD3330	A7C4F60C	FAE9107F
3RD3341	A8691739	FAE9107F
3RD3358	A9537F0F	FAE9107F
3RD3369	A9BCB9A7	FAE9107F
3RD3378	AA0A7B13	FAE9107F
3RD210	AA3AD87	FAE9107F
3RD3387	AA6BAFA0	FAE9107F
3RD3390	AA738A50	FAE9107F
3RD3479	AF4DF6D9	FAE9107F
3RD3504	B059E0E8	FAE9107F
3RD3515	B0EA569A	FAE9107F
3RD3528	B16714A3	FAE9107F
3RD3542	B22E80EF	FAE9107F
3RD3551	B2A5E0F6	FAE9107F
3RD3565	B3123850	FAE9107F
3RD3589	B404E0EC	FAE9107F
3RD3614	B60AC627	FAE9107F
3RD3633	B6D024CB	FAE9107F
3RD3636	B6DDD124	FAE9107F
3RD3642	B70CB8FB	FAE9107F
3RD3652	B796B465	FAE9107F
3RD3685	B8CEDAE7	FAE9107F
3RD3716	BA5B63F9	FAE9107F
3RD3746	BBE1E85A	FAE9107F
3RD3749	BC1D49C9	FAE9107F
3RD3766	BD077827	FAE9107F
3RD234	BDC21AA	FAE9107F
3RD3780	BDF04B6F	FAE9107F
3RD3799	BEF564BF	FAE9107F
3RD238	BF631C1	FAE9107F
3RD3814	BFC7862C	FAE9107F
3RD3889	C3780D43	FAE9107F
3RD3969	C7315973	FAE9107F
3RD4016	C983BDBD	FAE9107F
3RD4112	CEE6931E	FAE9107F
3RD4151	D1A29F17	FAE9107F
3RD4183	D36A93AC	FAE9107F
3RD4185	D39D3BD7	FAE9107F
3RD4196	D41C3CE3	FAE9107F
3RD4208	D483AC43	FAE9107F
3RD4209	D4900F4D	FAE9107F
3RD4225	D5652B47	FAE9107F
3RD4248	D6536CE5	FAE9107F
3RD4382	DD6292BC	FAE9107F
3RD4383	DD6CF93B	FAE9107F
3RD4453	E0D49C43	FAE9107F
3RD4505	E2E7ABFC	FAE9107F
3RD4549	E56B7C9F	FAE9107F
3RD4559	E619646F	FAE9107F
3RD4560	E6340F43	FAE9107F
3RD4575	E70266D4	FAE9107F
3RD4593	E812CCDF	FAE9107F
3RD4610	E9374F9A	FAE9107F
3RD4639	EA896B1A	FAE9107F
3RD4648	EB06C73F	FAE9107F
3RD313	EFAA67C	FAE9107F
3RD4757	F014C656	FAE9107F
3RD4774	F1341193	FAE9107F
3RD4799	F237D4C8	FAE9107F
3RD317	F2DD027	FAE9107F
3RD4820	F38618D8	FAE9107F
3RD4883	F736EFD2	FAE9107F
3RD4903	F82C1AF9	FAE9107F
3RD4942	F9C8AF65	FAE9107F
3RD4955	FA4E1BFD	FAE9107F
3RD4976	FB2B2EBD	FAE9107F
3RD4978	FB32127E	FAE9107F
3RD5019	FD4B3D92	FAE9107F
