MP361,123BDDCB,18729F39
MP402,142D2BE8,18729F39
MP418,15076986,18729F39
MP472,17346DD4,18729F39
MP519,19E1EC40,18729F39
MP532,1A7F9150,18729F39
MP570,1CA207BD,18729F39
MP606,1E2FFEAB,18729F39
MP623,1EDE4AC0,18729F39
MP639,1F7752AF,18729F39
MP642,1F801AA6,18729F39
MP654,200A7968,18729F39
MP824,289AC544,18729F39
MP843,29734E3F,18729F39
MP907,2D1A92B1,18729F39
MP936,2E85B95C,18729F39
MP946,2ECFEAA3,18729F39
MP958,2F709755,18729F39
MP982,304FF460,18729F39
MP1000,3144C7E2,18729F39
MP1068,34B7E7AC,18729F39
MP1119,370C4A69,18729F39
MP1153,390F2B71,18729F39
MP1191,3B330A2A,18729F39
MP1207,3BB959DE,18729F39
MP1208,3BC03131,18729F39
MP1212,3C29D3F9,18729F39
MP1242,3DC4EF98,18729F39
MP1265,3EFA634D,18729F39
MP76,4176480,18729F39
MP77,42FC0DC,18729F39
MP1350,4329BECF,18729F39
MP1387,453858E9,18729F39
MP1401,45D89FE2,18729F39
MP1440,47929C28,18729F39
MP1471,48924AD5,18729F39
MP89,4A5C8B7,18729F39
MP1531,4C00FA6D,18729F39
MP1534,4C469C1A,18729F39
MP1539,4CA2AD09,18729F39
MP1542,4CCB75E7,18729F39
MP1548,4D58A7B4,18729F39
MP1575,4EF78056,18729F39
MP1584,4F66D869,18729F39
MP1597,5000826C,18729F39
MP1622,5146FE33,18729F39
MP1628,51775B6A,18729F39
MP1656,529D99AD,18729F39
MP1742,57A6C311,18729F39
MP1793,5A5BEE68,18729F39
MP1870,5DA17495,18729F39
MP118,5EB8F65,18729F39
MP7,690DD6,18729F39
MP2088,69392ECA,18729F39
MP2109,69E5678E,18729F39
MP134,6B76FD3,18729F39
MP2140,6B93BC87,18729F39
MP138,6D74760,18729F39
MP2188,6DF05052,18729F39
MP2202,6EBF73C2,18729F39
MP2286,7399984D,18729F39
MP2295,74214AA9,18729F39
MP2324,75C5788D,18729F39
MP2549,82501863,18729F39
MP2598,84CE7E0E,18729F39
MP2602,8546ECF4,18729F39
MP2619,85D7EE1A,18729F39
MP2630,86BB8180,18729F39
MP2724,8B7A7474,18729F39
MP175,8C67749,18729F39
MP176,8C76008,18729F39
MP179,8DB6D5D,18729F39
MP2942,9720EDAB,18729F39
MP3019,9B6CCBC5,18729F39
MP3086,9EDCD17C,18729F39
MP3215,A471EDFA,18729F39
MP3219,A49124CA,18729F39
MP3220,A49CC454,18729F39
MP3289,A884DE6F,18729F39
MP3292,A8BE89FB,18729F39
MP3301,A93D37D5,18729F39
MP3342,AACBB7FD,18729F39
MP3423,AF379822,18729F39
MP3443,B0277411,18729F39
MP228,B24CFF7,18729F39
MP3525,B45FEC07,18729F39
MP3533,B513DE30,18729F39
MP3544,B5C646E8,18729F39
MP3672,BCD2DF04,18729F39
MP3686,BD9D3AA3,18729F39
MP243,BE47D22,18729F39
MP3759,C1473C41,18729F39
MP3799,C32F6BB9,18729F39
MP3978,CCEF1D69,18729F39
MP4018,CF55DE14,18729F39
MP4061,D1E18015,18729F39
MP4132,D651A0B3,18729F39
MP4139,D6A888F8,18729F39
MP4154,D7A80BA6,18729F39
MP4165,D83ABDDA,18729F39
MP4171,D887EDAA,18729F39
MP4184,D968982B,18729F39
MP4209,DB04B994,18729F39
MP4290,DF5A7E1D,18729F39
MP4366,E3A4239A,18729F39
MP4374,E43C96F3,18729F39
MP4388,E51403DA,18729F39
MP4430,E6E8864E,18729F39
MP4436,E7327B53,18729F39
MP4458,E83B5553,18729F39
MP4460,E83ED40C,18729F39
MP4463,E853D432,18729F39
MP4494,E983927F,18729F39
MP4533,EB8E1070,18729F39
MP4577,EDEAB77C,18729F39
MP4612,EF6CAD53,18729F39
MP4675,F29B18C9,18729F39
MP4681,F30441AF,18729F39
MP4700,F3ED74DB,18729F39
MP4728,F50AA3C7,18729F39
MP4734,F57F237B,18729F39
MP4740,F601515C,18729F39
MP4750,F6797081,18729F39
MP4754,F69270AF,18729F39
MP4849,FB85B05F,18729F39
MP4851,FBBF36F6,18729F39
MP4921,FEFE4C76,18729F39
MP316,FF093F0,18729F39
MP17,10051C7,1D4C528A
MP331,106E3B84,1D4C528A
MP334,10A11A3D,1D4C528A
MP348,11354899,1D4C528A
MP21,1139CCF,1D4C528A
MP375,12D463B0,1D4C528A
MP382,1331FADE,1D4C528A
MP393,1395EFA0,1D4C528A
MP394,139A7863,1D4C528A
MP421,1526EAB7,1D4C528A
MP427,156C6CAE,1D4C528A
MP447,165A9CDF,1D4C528A
MP453,169E4BBE,1D4C528A
MP468,1700ADD7,1D4C528A
MP29,17343A4,1D4C528A
MP517,19CB5254,1D4C528A
MP523,1A0CD667,1D4C528A
MP530,1A6D27DD,1D4C528A
MP534,1A97ED82,1D4C528A
MP33,1AE548B,1D4C528A
MP545,1B9F91CD,1D4C528A
MP38,1D85F2D,1D4C528A
MP591,1D8ADDD1,1D4C528A
MP594,1D9655D4,1D4C528A
MP598,1DDA04F5,1D4C528A
MP619,1ED336A1,1D4C528A
MP628,1EF36415,1D4C528A
MP647,1FBA61B6,1D4C528A
MP658,2049FDC5,1D4C528A
MP659,205D1C26,1D4C528A
MP681,213C96BF,1D4C528A
MP682,216612F0,1D4C528A
MP693,21FCD89B,1D4C528A
MP697,2227ABC5,1D4C528A
MP704,225EEA60,1D4C528A
MP714,22E7E81D,1D4C528A
MP719,2324081D,1D4C528A
MP723,236A6C2B,1D4C528A
MP774,262B1D80,1D4C528A
MP776,2632C994,1D4C528A
MP790,27043E32,1D4C528A
MP812,2800212A,1D4C528A
MP833,28EC8349,1D4C528A
MP836,291B0190,1D4C528A
MP842,2965D2A1,1D4C528A
MP854,2A14E8CF,1D4C528A
MP868,2B049455,1D4C528A
MP873,2B41793E,1D4C528A
MP876,2B59F15B,1D4C528A
MP877,2B676B3E,1D4C528A
MP878,2B7A1F6C,1D4C528A
MP886,2C2BA198,1D4C528A
MP893,2C92A26A,1D4C528A
MP929,2E14D948,1D4C528A
MP962,2F94748C,1D4C528A
MP965,2FB3C6E1,1D4C528A
MP974,2FF67EAA,1D4C528A
MP984,30616F46,1D4C528A
MP991,30E2BC53,1D4C528A
MP998,31332CA8,1D4C528A
MP1030,32C2E2A4,1D4C528A
MP1037,332F851C,1D4C528A
MP1044,3383A8DC,1D4C528A
MP1049,33C27C26,1D4C528A
MP1053,33FE4F72,1D4C528A
MP1089,35F9C75F,1D4C528A
MP1105,3682AB51,1D4C528A
MP1106,36856A39,1D4C528A
MP1146,389AB19E,1D4C528A
MP1159,39BE63A6,1D4C528A
MP1172,3A99C65D,1D4C528A
MP1174,3AACBDD1,1D4C528A
MP1181,3ADD9BE9,1D4C528A
MP1183,3AE1A51D,1D4C528A
MP1201,3B72992C,1D4C528A
MP68,3B97799,1D4C528A
MP1213,3C2A4C9A,1D4C528A
MP70,3C9ADC2,1D4C528A
MP1223,3CA438C1,1D4C528A
MP1239,3D9D386B,1D4C528A
MP1298,407FBAAC,1D4C528A
MP1308,418521C7,1D4C528A
MP1337,4282934C,1D4C528A
MP1373,448B35E4,1D4C528A
MP1377,44C39E2C,1D4C528A
MP79,4510878,1D4C528A
MP1392,4573ED80,1D4C528A
MP1450,47F9586A,1D4C528A
MP88,4890631,1D4C528A
MP1477,48D1B3F0,1D4C528A
MP1497,4A8ADF9A,1D4C528A
MP1500,4AAB1335,1D4C528A
MP1512,4B09D014,1D4C528A
MP1546,4D348A92,1D4C528A
MP1549,4D6D7568,1D4C528A
MP1552,4D9E3D83,1D4C528A
MP1568,4E48DCFA,1D4C528A
MP1571,4EA4F8B5,1D4C528A
MP1596,4FFCB9BE,1D4C528A
MP1603,5043625B,1D4C528A
MP1614,50F2C0A2,1D4C528A
MP1616,50F58641,1D4C528A
MP1623,5151D24C,1D4C528A
MP1654,528D6366,1D4C528A
MP1681,53B53C0F,1D4C528A
MP1705,5589DA6D,1D4C528A
MP1719,565DC762,1D4C528A
MP103,56B5F51,1D4C528A
MP1757,58584555,1D4C528A
MP1758,58783F1D,1D4C528A
MP1767,58E11937,1D4C528A
MP1778,59812C00,1D4C528A
MP1801,5ADCEFBA,1D4C528A
MP1806,5B1BE5E4,1D4C528A
MP1826,5BF04C5B,1D4C528A
MP1856,5D288492,1D4C528A
MP1873,5DCAD55A,1D4C528A
MP1906,5F622EED,1D4C528A
MP1918,60451FCC,1D4C528A
MP1920,607CC3F1,1D4C528A
MP1978,63BE55A9,1D4C528A
MP1983,642362ED,1D4C528A
MP1985,644C06E3,1D4C528A
MP1994,64E75E3D,1D4C528A
MP1999,650B4310,1D4C528A
MP2024,664430DA,1D4C528A
MP2027,665A0AFE,1D4C528A
MP2055,67A0299F,1D4C528A
MP2063,67FD8E01,1D4C528A
MP127,68521B0,1D4C528A
MP2076,689F80EF,1D4C528A
MP2078,68AB109A,1D4C528A
MP2125,6AF336D7,1D4C528A
MP2128,6B16CF2B,1D4C528A
MP2133,6B4C2C8C,1D4C528A
MP2181,6DADEFD6,1D4C528A
MP2225,7011504B,1D4C528A
MP2244,70FCF026,1D4C528A
MP2275,730A7AB9,1D4C528A
MP2287,73A0FBB0,1D4C528A
MP2299,7449D008,1D4C528A
MP2311,74D95CB8,1D4C528A
MP146,7514F0C,1D4C528A
MP2327,76432A8C,1D4C528A
MP2350,774537CE,1D4C528A
MP2373,78A84CC7,1D4C528A
MP2390,79446B86,1D4C528A
MP2419,7AA50F12,1D4C528A
MP2440,7BBFF750,1D4C528A
MP2471,7DA5A6D8,1D4C528A
MP2477,7DF9BDC7,1D4C528A
MP2487,7E8FACCF,1D4C528A
MP2498,7F0CD8A6,1D4C528A
MP2504,7F54A0ED,1D4C528A
MP2557,82BA7E6E,1D4C528A
MP2572,83A0B69A,1D4C528A
MP2590,848A471A,1D4C528A
MP2635,870F7593,1D4C528A
MP2659,885D6446,1D4C528A
MP2661,8876A64B,1D4C528A
MP2674,88F3ABAF,1D4C528A
MP2711,8AE36007,1D4C528A
MP2718,8B4A5FD8,1D4C528A
MP2756,8D2A1A24,1D4C528A
MP2777,8E4346DC,1D4C528A
MP2807,8FE44F78,1D4C528A
MP2825,90E6861E,1D4C528A
MP2865,92C8E397,1D4C528A
MP2888,93C34E17,1D4C528A
MP2928,9631F4DA,1D4C528A
MP2929,9645C657,1D4C528A
MP2931,966EC6A5,1D4C528A
MP2933,9698878F,1D4C528A
MP2951,97B8F8B5,1D4C528A
MP2987,99910D7C,1D4C528A
MP2997,9A456556,1D4C528A
MP2999,9A6BA7DC,1D4C528A
MP3001,9A7A106A,1D4C528A
MP3075,9E636C1F,1D4C528A
MP3081,9EC1DFC9,1D4C528A
MP3095,9EFC74D6,1D4C528A
MP3098,9F192283,1D4C528A
MP3138,A0EF165A,1D4C528A
MP3161,A1E505A1,1D4C528A
MP3167,A22579D1,1D4C528A
MP3192,A34320E0,1D4C528A
MP3202,A3E17772,1D4C528A
MP3208,A4206208,1D4C528A
MP3216,A47762BA,1D4C528A
MP3228,A4DCC6CA,1D4C528A
MP3273,A7A6F2EB,1D4C528A
MP208,A7F56D4,1D4C528A
MP3299,A92781AB,1D4C528A
MP3309,A96B52AE,1D4C528A
MP11,AB17B6,1D4C528A
MP3355,ABCFB315,1D4C528A
MP3370,ACDC2408,1D4C528A
MP3389,ADC0CE86,1D4C528A
MP3395,ADE2EB8B,1D4C528A
MP13,ADF463,1D4C528A
MP3407,AEB18ED1,1D4C528A
MP3435,AF9BA10E,1D4C528A
MP3442,B01C1D77,1D4C528A
MP3475,B22113F1,1D4C528A
MP3478,B253ADEA,1D4C528A
MP3498,B33B0117,1D4C528A
MP3507,B3977466,1D4C528A
MP3516,B3F87D4E,1D4C528A
MP3520,B42899B7,1D4C528A
MP3594,B86D8548,1D4C528A
MP3609,B97D4D58,1D4C528A
MP3622,BA771A46,1D4C528A
MP3625,BA8C46C8,1D4C528A
MP3627,BABD0AD7,1D4C528A
MP3632,BAE61BF0,1D4C528A
MP3640,BB2DF633,1D4C528A
MP3650,BB9D197F,1D4C528A
MP240,BBA0A77,1D4C528A
MP3658,BC220DA5,1D4C528A
MP3664,BC52F1A2,1D4C528A
MP3666,BC762A5A,1D4C528A
MP3671,BCB6DDBE,1D4C528A
MP3723,BFAD3FED,1D4C528A
MP3726,BFC224DC,1D4C528A
MP3728,BFC749DE,1D4C528A
MP3731,BFDB8F7C,1D4C528A
MP3732,C00E495F,1D4C528A
MP3773,C1EA87E3,1D4C528A
MP3778,C21EAA28,1D4C528A
MP3795,C2C9F5B7,1D4C528A
MP3802,C33B60D4,1D4C528A
MP3850,C5D2B149,1D4C528A
MP3855,C6101FCF,1D4C528A
MP3864,C6C421F5,1D4C528A
MP3871,C7653E79,1D4C528A
MP3876,C7D0E9FB,1D4C528A
MP3880,C7E10BFA,1D4C528A
MP3886,C80B363A,1D4C528A
MP3887,C8379176,1D4C528A
MP3894,C88F5B62,1D4C528A
MP3905,C9735379,1D4C528A
MP3945,CB35ABCC,1D4C528A
MP3962,CC30C9CF,1D4C528A
MP3973,CCB6BBB2,1D4C528A
MP3975,CCE2BFF5,1D4C528A
MP3982,CD26D78C,1D4C528A
MP3992,CDC7B43E,1D4C528A
MP3999,CE3D5CE5,1D4C528A
MP4012,CEFD6664,1D4C528A
MP4013,CF071116,1D4C528A
MP4020,CF699C03,1D4C528A
MP4024,CFA4452C,1D4C528A
MP4044,D09CEA7C,1D4C528A
MP4054,D181ED53,1D4C528A
MP4059,D1B7A09F,1D4C528A
MP4070,D25EB482,1D4C528A
MP4095,D3D8BB60,1D4C528A
MP4104,D49C83C8,1D4C528A
MP4108,D4DA3975,1D4C528A
MP4109,D50D1A3D,1D4C528A
MP4112,D56FDA8E,1D4C528A
MP4113,D589240E,1D4C528A
MP4117,D5B1AD00,1D4C528A
MP4128,D6404721,1D4C528A
MP4130,D645D2AF,1D4C528A
MP4135,D681C260,1D4C528A
MP4151,D75D8A30,1D4C528A
MP4183,D9641720,1D4C528A
MP4195,DAADFF9F,1D4C528A
MP4220,DBCEF808,1D4C528A
MP4225,DBFF343B,1D4C528A
MP4266,DE265E8F,1D4C528A
MP4269,DE49F9D2,1D4C528A
MP4278,DF060F3B,1D4C528A
MP4286,DF3B18F9,1D4C528A
MP4297,DFD0BF78,1D4C528A
MP4327,E1B0ABFF,1D4C528A
MP274,E235978,1D4C528A
MP277,E2A41AB,1D4C528A
MP4348,E2B41FC1,1D4C528A
MP4359,E351A218,1D4C528A
MP4362,E37FED23,1D4C528A
MP4369,E3CFC09B,1D4C528A
MP4376,E44DD860,1D4C528A
MP4385,E4F22467,1D4C528A
MP4392,E5278781,1D4C528A
MP4397,E565E56C,1D4C528A
MP4409,E5EB6137,1D4C528A
MP4420,E688DCD2,1D4C528A
MP4444,E792A3A0,1D4C528A
MP4452,E7E5720D,1D4C528A
MP4457,E83A4378,1D4C528A
MP4470,E882C64D,1D4C528A
MP4503,E9F2AE74,1D4C528A
MP282,EB22B92,1D4C528A
MP4528,EB5B2100,1D4C528A
MP4530,EB6FF0A6,1D4C528A
MP4545,EC66FE25,1D4C528A
MP4554,ED01EF60,1D4C528A
MP4617,EFD36FF8,1D4C528A
MP4631,F09E9B3F,1D4C528A
MP4641,F15F8501,1D4C528A
MP4646,F18C8870,1D4C528A
MP4651,F19F23A8,1D4C528A
MP4657,F1F9155F,1D4C528A
MP4660,F21606E8,1D4C528A
MP4662,F23A729F,1D4C528A
MP295,F25B2BB,1D4C528A
MP4671,F282E4DC,1D4C528A
MP4674,F294D831,1D4C528A
MP4717,F4920EC7,1D4C528A
MP300,F4933F6,1D4C528A
MP4724,F4ED4433,1D4C528A
MP4730,F5280C9E,1D4C528A
MP4749,F675AA1D,1D4C528A
MP4751,F67AD498,1D4C528A
MP4801,F8FD2C34,1D4C528A
MP4821,F9CDB0D9,1D4C528A
MP4822,F9D51D01,1D4C528A
MP4856,FBDA0C5A,1D4C528A
MP309,FC6DDDA,1D4C528A
MP4877,FCEE3BB2,1D4C528A
MP4900,FE113A6F,1D4C528A
MP4903,FE23D7BC,1D4C528A
MP4908,FE631136,1D4C528A
MP4922,FF1B7B66,1D4C528A
MP4930,FFA08D6F,1D4C528A
MP4933,FFC3A243,1D4C528A
MP332,1076A2D4,2026C46D
MP337,10B87936,2026C46D
MP341,10DA80F1,2026C46D
MP20,10F143F,2026C46D
MP345,110DED53,2026C46D
MP22,1148337,2026C46D
MP369,12801254,2026C46D
MP370,1281AB3F,2026C46D
MP423,15298CA8,2026C46D
MP26,15BDA7D,2026C46D
MP451,167D36E9,2026C46D
MP452,169437FB,2026C46D
MP454,16AD55DC,2026C46D
MP459,16CD2EAC,2026C46D
MP493,18015DB4,2026C46D
MP551,1BD7A3BD,2026C46D
MP571,1CAD29A4,2026C46D
MP37,1D615E9,2026C46D
MP603,1E108CF0,2026C46D
MP613,1E965075,2026C46D
MP630,1F0C2FE4,2026C46D
MP631,1F373F7C,2026C46D
MP634,1F5FA114,2026C46D
MP653,200976EB,2026C46D
MP657,2037C6AB,2026C46D
MP40,210E2D6,2026C46D
MP2,215112,2026C46D
MP684,216944D4,2026C46D
MP689,21BB7128,2026C46D
MP698,22300420,2026C46D
MP706,2275E0EA,2026C46D
MP715,22FF85EB,2026C46D
MP734,242B2AA7,2026C46D
MP754,25129AA8,2026C46D
MP769,25D9BB59,2026C46D
MP808,27C0F18F,2026C46D
MP827,28BBFD59,2026C46D
MP839,29423FD8,2026C46D
MP856,2A435E6D,2026C46D
MP859,2A77805F,2026C46D
MP872,2B35BCA0,2026C46D
MP885,2C288F19,2026C46D
MP895,2CA82A1F,2026C46D
MP901,2CD2CB71,2026C46D
MP928,2E126260,2026C46D
MP941,2E99BC6F,2026C46D
MP944,2EC3810A,2026C46D
MP964,2FABE159,2026C46D
MP977,302D9931,2026C46D
MP988,30C5F4D4,2026C46D
MP994,3115A1EB,2026C46D
MP1022,325B2832,2026C46D
MP1031,32C5705D,2026C46D
MP1043,33750D01,2026C46D
MP1046,339C7959,2026C46D
MP1048,33B4B5D0,2026C46D
MP56,3433D4B,2026C46D
MP1065,3493A913,2026C46D
MP1071,34F61D28,2026C46D
MP1097,36413D05,2026C46D
MP1137,3826715E,2026C46D
MP1141,3875FAD2,2026C46D
MP1150,39005835,2026C46D
MP1165,3A320688,2026C46D
MP1168,3A5E458B,2026C46D
MP1169,3A67E69B,2026C46D
MP1178,3AC92C5A,2026C46D
MP1206,3BAAE6FB,2026C46D
MP1209,3BCFDFB3,2026C46D
MP1219,3C7C96D9,2026C46D
MP1220,3C7F1F11,2026C46D
MP1230,3D46968B,2026C46D
MP1237,3D931E28,2026C46D
MP1290,3FFA5077,2026C46D
MP1294,402C061F,2026C46D
MP1304,40E7AA58,2026C46D
MP1315,41AD431A,2026C46D
MP1319,41D3A9BE,2026C46D
MP1332,423171B6,2026C46D
MP1349,43270B6C,2026C46D
MP1352,432D9454,2026C46D
MP1359,438CBA55,2026C46D
MP1385,45217063,2026C46D
MP1388,45393823,2026C46D
MP1402,45DD0DBB,2026C46D
MP1420,46824CF0,2026C46D
MP1464,4859827E,2026C46D
MP1467,486AC411,2026C46D
MP1468,486BA2FB,2026C46D
MP87,4888A23,2026C46D
MP1491,4A07D78B,2026C46D
MP90,4A5FB14,2026C46D
MP1502,4AB7BB82,2026C46D
MP91,4AC4CD5,2026C46D
MP1523,4B9D634D,2026C46D
MP96,4D19476,2026C46D
MP1569,4E81F1E7,2026C46D
MP1577,4F04BA07,2026C46D
MP1581,4F487494,2026C46D
MP1586,4FAAA93F,2026C46D
MP1593,4FE9331E,2026C46D
MP1631,5197096A,2026C46D
MP1643,521B2637,2026C46D
MP1646,522BF4DA,2026C46D
MP1669,531FA510,2026C46D
MP1690,546A6894,2026C46D
MP1704,553AAF93,2026C46D
MP1737,5728618C,2026C46D
MP1751,581A73B0,2026C46D
MP1752,581F702A,2026C46D
MP1753,58215FE1,2026C46D
MP1764,589A4D32,2026C46D
MP1802,5AE17823,2026C46D
MP1821,5BA76CCF,2026C46D
MP1823,5BC616C7,2026C46D
MP1843,5C9887AB,2026C46D
MP1844,5C990468,2026C46D
MP1851,5D049010,2026C46D
MP1863,5D67C4B9,2026C46D
MP1889,5E60C797,2026C46D
MP1893,5EA7CF73,2026C46D
MP1896,5EACC277,2026C46D
MP117,5EB429B,2026C46D
MP1908,5F9E7604,2026C46D
MP1912,5FDBD2FF,2026C46D
MP119,6040E46,2026C46D
MP1957,6255AAE7,2026C46D
MP1997,6502C8D6,2026C46D
MP2016,65C1B5F6,2026C46D
MP2062,67F755E9,2026C46D
MP2077,68A0ED3F,2026C46D
MP2091,695EC262,2026C46D
MP2096,698FB25A,2026C46D
MP2113,6A2C1417,2026C46D
MP2114,6A30D662,2026C46D
MP2122,6AA0AB48,2026C46D
MP2124,6AF14335,2026C46D
MP2145,6BB9175D,2026C46D
MP137,6C92991,2026C46D
MP2186,6DDF65A8,2026C46D
MP2194,6E4D22C1,2026C46D
MP2232,7078C72D,2026C46D
MP2237,70A28EF9,2026C46D
MP2242,70E766EC,2026C46D
MP2271,72D26B6B,2026C46D
MP2325,75DBBC81,2026C46D
MP2335,76BD6C4B,2026C46D
MP2356,77D1B31E,2026C46D
MP2360,78055C0F,2026C46D
MP2371,787772EF,2026C46D
MP2379,78D7D8FF,2026C46D
MP2401,79AF331D,2026C46D
MP2412,7A49A247,2026C46D
MP2413,7A4A3FCA,2026C46D
MP2415,7A4F9D2B,2026C46D
MP2421,7AB428A3,2026C46D
MP2466,7D813AED,2026C46D
MP2488,7EAA6390,2026C46D
MP2490,7EB4ED0E,2026C46D
MP2501,7F2B2468,2026C46D
MP2509,7F8E6C6F,2026C46D
MP2566,835499F0,2026C46D
MP2596,84AAD721,2026C46D
MP2607,857BC1BE,2026C46D
MP2620,85E7DA49,2026C46D
MP2640,874FEDDA,2026C46D
MP2664,888A9BE6,2026C46D
MP2687,89D238B3,2026C46D
MP2689,89EC3C64,2026C46D
MP2693,8A017ECB,2026C46D
MP2696,8A371342,2026C46D
MP2697,8A3F84CB,2026C46D
MP2720,8B648137,2026C46D
MP174,8C21B73,2026C46D
MP2737,8C56AE38,2026C46D
MP2749,8CF29C25,2026C46D
MP2758,8D3D1F97,2026C46D
MP2763,8D6EC0EF,2026C46D
MP2770,8DD28B4D,2026C46D
MP2785,8ED468DE,2026C46D
MP2795,8F2DDE46,2026C46D
MP2798,8F5130C5,2026C46D
MP2814,90293ED6,2026C46D
MP2850,92071A86,2026C46D
MP2855,9261D7FE,2026C46D
MP2905,948C1520,2026C46D
MP2907,94B251F0,2026C46D
MP2910,94E93D19,2026C46D
MP2912,94F2891F,2026C46D
MP2916,951C78B2,2026C46D
MP2937,96E11F90,2026C46D
MP2956,97FC3AC9,2026C46D
MP2958,98052056,2026C46D
MP2960,98199D89,2026C46D
MP2968,988D9D2F,2026C46D
MP3016,9B3C38B8,2026C46D
MP3017,9B457A05,2026C46D
MP3021,9B7CBC16,2026C46D
MP3022,9B958340,2026C46D
MP3023,9BB5B63F,2026C46D
MP3045,9CB923E0,2026C46D
MP3051,9CEA7993,2026C46D
MP3111,9F7CDD7D,2026C46D
MP3118,9FEB7311,2026C46D
MP3144,A117DE2C,2026C46D
MP3169,A22C1C33,2026C46D
MP3174,A2669346,2026C46D
MP200,A2D997A,2026C46D
MP3191,A33DB623,2026C46D
MP3199,A3C19D85,2026C46D
MP3218,A481CA13,2026C46D
MP3231,A50D396D,2026C46D
MP3241,A594965E,2026C46D
MP3247,A5C838E6,2026C46D
MP3265,A779B971,2026C46D
MP3275,A7AF77EA,2026C46D
MP3287,A86CE420,2026C46D
MP3366,ACA906A1,2026C46D
MP3394,ADE2DA99,2026C46D
MP3410,AEC24DD0,2026C46D
MP222,AF4034E,2026C46D
MP3433,AF814970,2026C46D
MP3436,AFB17DF2,2026C46D
MP3448,B053892E,2026C46D
MP226,B0DA964,2026C46D
MP3471,B1EA39D6,2026C46D
MP3497,B336F056,2026C46D
MP3504,B3813237,2026C46D
MP3509,B3AC35D1,2026C46D
MP3518,B4105576,2026C46D
MP3532,B4F45023,2026C46D
MP3545,B5D59EE9,2026C46D
MP3552,B64A5CDC,2026C46D
MP3560,B6D76EBE,2026C46D
MP3577,B7B2DF0D,2026C46D
MP3634,BAF7FB0C,2026C46D
MP3660,BC320BA6,2026C46D
MP3673,BCE74847,2026C46D
MP3680,BD2E8531,2026C46D
MP3681,BD591941,2026C46D
MP3709,BF187D04,2026C46D
MP3716,BF6E54DE,2026C46D
MP3735,C022EAB3,2026C46D
MP3741,C07E1CFC,2026C46D
MP3763,C17C81CC,2026C46D
MP3771,C1E3F11D,2026C46D
MP3774,C206229B,2026C46D
MP3776,C2194E17,2026C46D
MP3800,C33176AE,2026C46D
MP3808,C36E3A1A,2026C46D
MP3813,C3B96DAD,2026C46D
MP3820,C414F871,2026C46D
MP3840,C535F673,2026C46D
MP3865,C6DA79C8,2026C46D
MP3881,C7E65B01,2026C46D
MP3885,C806DC22,2026C46D
MP251,CB57BC0,2026C46D
MP3957,CBAF19EB,2026C46D
MP3983,CD2FF061,2026C46D
MP3998,CE370881,2026C46D
MP4032,D025EEC4,2026C46D
MP4051,D105ACDF,2026C46D
MP4068,D23074E1,2026C46D
MP4083,D2E4CE50,2026C46D
MP4088,D336A645,2026C46D
MP4089,D3472561,2026C46D
MP4102,D48A18BB,2026C46D
MP4116,D59BEAE9,2026C46D
MP4120,D5DEA3C3,2026C46D
MP4147,D70A1881,2026C46D
MP4160,D7D74E3D,2026C46D
MP4163,D7F9FB28,2026C46D
MP4185,D96A0150,2026C46D
MP4189,DA35B57A,2026C46D
MP4207,DAFF9855,2026C46D
MP4219,DBB2BDA2,2026C46D
MP4221,DBD527F1,2026C46D
MP4236,DC988465,2026C46D
MP4248,DD331067,2026C46D
MP4258,DDD01366,2026C46D
MP269,DDDD294,2026C46D
MP4259,DDE340E2,2026C46D
MP4268,DE414EC0,2026C46D
MP4287,DF469D42,2026C46D
MP4332,E1E28742,2026C46D
MP4342,E26830E3,2026C46D
MP4356,E31B7BB0,2026C46D
MP4400,E57A970D,2026C46D
MP278,E5DE8CF,2026C46D
MP4410,E5F217F8,2026C46D
MP4411,E5F4BDB2,2026C46D
MP4417,E66B0CC3,2026C46D
MP4434,E71FA619,2026C46D
MP4438,E75F0FFB,2026C46D
MP4451,E7E2B21B,2026C46D
MP4476,E8A1F9CE,2026C46D
MP4480,E8D7BC1C,2026C46D
MP4486,E926C294,2026C46D
MP4498,E9CC5E6C,2026C46D
MP4509,EA394419,2026C46D
MP4516,EACE2B9D,2026C46D
MP4517,EAD120D6,2026C46D
MP4526,EB586184,2026C46D
MP4532,EB87D81E,2026C46D
MP4536,EBFFEA3D,2026C46D
MP4555,ED09C626,2026C46D
MP4573,ED9D39EF,2026C46D
MP4589,EE6C4745,2026C46D
MP287,EEADD86,2026C46D
MP4601,EEDEEAD1,2026C46D
MP288,EEE6159,2026C46D
MP4610,EF57AF33,2026C46D
MP4620,EFF3FBE7,2026C46D
MP4625,F011B7E9,2026C46D
MP4667,F25E9B82,2026C46D
MP296,F275E3B,2026C46D
MP297,F30B082,2026C46D
MP4694,F3AF5927,2026C46D
MP4697,F3C3463B,2026C46D
MP4699,F3E09573,2026C46D
MP4706,F40F041D,2026C46D
MP4721,F4BB3A42,2026C46D
MP4727,F503D594,2026C46D
MP301,F5A1080,2026C46D
MP4739,F5FAD1D6,2026C46D
MP4744,F6283864,2026C46D
MP4764,F6E75B1F,2026C46D
MP4768,F724BA61,2026C46D
MP4783,F83B3063,2026C46D
MP4786,F85B472A,2026C46D
MP4791,F88D471B,2026C46D
MP4794,F8A7B100,2026C46D
MP4846,FB5FBA3C,2026C46D
MP4858,FBF601D3,2026C46D
MP4870,FCA7C563,2026C46D
MP4895,FDA97C61,2026C46D
MP4897,FDB0C247,2026C46D
MP4928,FF91EB36,2026C46D
MP4935,FFD9E648,2026C46D
MP439,15FA70BD,3107499B
MP507,191D455F,3107499B
MP567,1C8CFDEE,3107499B
MP635,1F6783A7,3107499B
MP765,25BF1052,3107499B
MP792,270BE13C,3107499B
MP803,2778E212,3107499B
MP963,2F9801A9,3107499B
MP1026,3286874E,3107499B
MP1231,3D480DB8,3107499B
MP1246,3E0677D4,3107499B
MP1312,419F1629,3107499B
MP1347,430F81E6,3107499B
MP1374,44B24E3C,3107499B
MP1435,4740D471,3107499B
MP1505,4AD7A8D7,3107499B
MP1619,51256722,3107499B
MP1637,51CA37E7,3107499B
MP1668,530AC88E,3107499B
MP1689,5462248B,3107499B
MP1702,551A4C75,3107499B
MP1915,5FFC6239,3107499B
MP1955,6223576E,3107499B
MP2005,65626D3D,3107499B
MP2222,6FD9F29E,3107499B
MP2394,79681518,3107499B
MP164,847FFD8,3107499B
MP2588,84872B56,3107499B
MP2608,857F1E25,3107499B
MP2809,8FF2B2D3,3107499B
MP2866,92DAB8DC,3107499B
MP2903,946FA489,3107499B
MP2969,989EC42B,3107499B
MP3223,A4B40E3E,3107499B
MP3253,A65DC881,3107499B
MP3262,A733F0AF,3107499B
MP3283,A82D6381,3107499B
MP3348,AB54E997,3107499B
MP231,B345B31,3107499B
MP3582,B7DDDE39,3107499B
MP3588,B82B6C1C,3107499B
MP3720,BF8F82B2,3107499B
MP3836,C5069CFA,3107499B
MP3921,CA15F79C,3107499B
MP4328,E1B8565D,3107499B
MP4341,E249C03C,3107499B
MP4427,E6C2924E,3107499B
MP4450,E7DFF11A,3107499B
MP4711,F45A7BA1,3107499B
MP4803,F90EEDC6,3107499B
MP311,FCC1B60,3107499B
MP4906,FE45C160,3107499B
MP317,FFD32EA,3107499B
MP321,101E374E,378AD10C
MP430,158CB7F2,378AD10C
MP490,17E48A5C,378AD10C
MP582,1D1391CB,378AD10C
MP39,1E78F6D,378AD10C
MP626,1EF1D4F5,378AD10C
MP671,20BEAD17,378AD10C
MP806,27A4DC22,378AD10C
MP881,2BADE2F9,378AD10C
MP1033,32E0BD65,378AD10C
MP1095,3625908B,378AD10C
MP1102,36739C03,378AD10C
MP1160,39D2B100,378AD10C
MP1248,3E1D8D10,378AD10C
MP1295,40365810,378AD10C
MP1324,41FB09E2,378AD10C
MP1329,421209B8,378AD10C
MP1378,44C938AE,378AD10C
MP1415,465D3511,378AD10C
MP1442,47A369D9,378AD10C
MP1453,48133466,378AD10C
MP1463,48531C43,378AD10C
MP1473,48A3A1FC,378AD10C
MP1527,4BCC286D,378AD10C
MP1535,4C55A1AB,378AD10C
MP1536,4C5C14D1,378AD10C
MP1555,4DAD06D9,378AD10C
MP1562,4E11220E,378AD10C
MP1639,51EE52F8,378AD10C
MP1648,5248AA25,378AD10C
MP1662,52CC549C,378AD10C
MP1671,53361205,378AD10C
MP1699,54CED1F4,378AD10C
MP1792,5A5A4569,378AD10C
MP1842,5C8FF67A,378AD10C
MP1892,5E9A394D,378AD10C
MP1936,613CF195,378AD10C
MP2034,66B5DE24,378AD10C
MP2067,6817A7D2,378AD10C
MP2080,68C7CDA8,378AD10C
MP2100,69A6DC4D,378AD10C
MP2134,6B50E776,378AD10C
MP2190,6DF5043C,378AD10C
MP2208,6EF1C97C,378AD10C
MP2250,7150F35A,378AD10C
MP2269,729570C7,378AD10C
MP2276,7320223C,378AD10C
MP2336,76C72AE8,378AD10C
MP2342,771A7EE9,378AD10C
MP2432,7AFEF216,378AD10C
MP2433,7B035098,378AD10C
MP2443,7BE9E352,378AD10C
MP2464,7D7AA347,378AD10C
MP2518,8036DB0B,378AD10C
MP2547,8239BA1C,378AD10C
MP2571,839997EF,378AD10C
MP2600,84F3E485,378AD10C
MP2604,8574F682,378AD10C
MP2636,87198A9F,378AD10C
MP2644,876B1FAE,378AD10C
MP2677,89556A4D,378AD10C
MP2679,89601857,378AD10C
MP2728,8B921D0F,378AD10C
MP2732,8BC1469D,378AD10C
MP2735,8C099185,378AD10C
MP2834,91417D14,378AD10C
MP2875,9324DB9E,378AD10C
MP2885,936FAFDE,378AD10C
MP2889,93C69313,378AD10C
MP2890,93C8CFE3,378AD10C
MP2938,970F3409,378AD10C
MP2948,978E6C76,378AD10C
MP3007,9AD0D9E0,378AD10C
MP3018,9B593624,378AD10C
MP3027,9BE9739A,378AD10C
MP3049,9CCAB601,378AD10C
MP3058,9D604053,378AD10C
MP3065,9DD7C74F,378AD10C
MP3131,A0BE4A7B,378AD10C
MP3134,A0D12D3E,378AD10C
MP3143,A11747C5,378AD10C
MP3151,A156BC1F,378AD10C
MP3171,A23ED555,378AD10C
MP3313,A9918F1E,378AD10C
MP3317,A9A2BECB,378AD10C
MP3360,AC2963F2,378AD10C
MP3365,AC877D4D,378AD10C
MP3425,AF4B1442,378AD10C
MP3437,AFCDE52E,378AD10C
MP3453,B0B07238,378AD10C
MP3550,B6316BD4,378AD10C
MP3612,B9C497C7,378AD10C
MP3641,BB432C32,378AD10C
MP3659,BC310F75,378AD10C
MP3721,BF97F8A1,378AD10C
MP3733,C00E8CF7,378AD10C
MP3753,C1130197,378AD10C
MP3789,C2978B19,378AD10C
MP3843,C55F46B9,378AD10C
MP3854,C6077794,378AD10C
MP3930,CA6DABEE,378AD10C
MP4017,CF482B6A,378AD10C
MP4058,D1B722DF,378AD10C
MP4094,D3D6DD59,378AD10C
MP4149,D7506A9B,378AD10C
MP4158,D7CDC6AE,378AD10C
MP4170,D879AA64,378AD10C
MP4174,D89ED98E,378AD10C
MP4235,DC8DA4BA,378AD10C
MP4253,DD95F0D7,378AD10C
MP4295,DFBFB8F4,378AD10C
MP4350,E2BED257,378AD10C
MP4387,E4FF6111,378AD10C
MP4433,E718D713,378AD10C
MP4443,E78826B1,378AD10C
MP4445,E79A7372,378AD10C
MP4570,ED8EDA8E,378AD10C
MP4637,F0FB1DF0,378AD10C
MP4698,F3CE707E,378AD10C
MP4712,F4696EBC,378AD10C
MP4775,F769DA58,378AD10C
MP307,FAEAC26,378AD10C
MP4917,FEB1F6D4,378AD10C
MP4919,FEC87D01,378AD10C
MP436,15CB8E16,3C1A74CD
MP515,19A58ECF,3C1A74CD
MP668,208DA39A,3C1A74CD
MP800,27502A24,3C1A74CD
MP1226,3CDEDC38,3C1A74CD
MP1364,43DBE33B,3C1A74CD
MP2457,7D0FD5A2,3C1A74CD
MP2965,984C091F,3C1A74CD
MP2976,98FC9472,3C1A74CD
MP3272,A7A2AACF,3C1A74CD
MP3335,AA7FAD86,3C1A74CD
MP3514,B3EEC064,3C1A74CD
MP4230,DC2F9ADF,3C1A74CD
MP4642,F16EC55D,3C1A74CD
MP4880,FD04D28F,3C1A74CD
MP4890,FD705669,3C1A74CD
MP650,1FC12C9C,3F7F3587
MP201,A5074E9,3F7F3587
MP323,102714D5,485EE834
MP335,10A20122,485EE834
MP420,1525E68A,485EE834
MP473,1737DA27,485EE834
MP35,1B53FA5,485EE834
MP559,1C493A28,485EE834
MP580,1CEFDC14,485EE834
MP597,1DD8B038,485EE834
MP607,1E442267,485EE834
MP622,1ED62F2B,485EE834
MP652,1FFA3CFC,485EE834
MP705,2265A4A9,485EE834
MP710,22A9C876,485EE834
MP731,2425C557,485EE834
MP733,242A4C73,485EE834
MP738,246900C9,485EE834
MP778,263E7929,485EE834
MP809,27D1820A,485EE834
MP847,29A4B234,485EE834
MP852,29FE9E1E,485EE834
MP860,2A80328B,485EE834
MP906,2D17CBAE,485EE834
MP934,2E7613B4,485EE834
MP940,2E94DEBF,485EE834
MP950,2F150076,485EE834
MP969,2FDAB6E3,485EE834
MP53,3094251,485EE834
MP1014,31F449C7,485EE834
MP1060,343FC85D,485EE834
MP1084,35A5E857,485EE834
MP1118,36F02047,485EE834
MP1121,374E6E38,485EE834
MP1127,379A3955,485EE834
MP1133,381EF1D3,485EE834
MP1149,38F7760D,485EE834
MP1157,39712AD9,485EE834
MP1199,3B671E69,485EE834
MP1232,3D55C4CC,485EE834
MP1254,3E7FF186,485EE834
MP1269,3F1602F1,485EE834
MP1272,3F3D6459,485EE834
MP1405,45FA6BD2,485EE834
MP1452,47FF63F3,485EE834
MP1515,4B3BCE6E,485EE834
MP1554,4DA98FDD,485EE834
MP1578,4F0EB412,485EE834
MP1579,4F1845CB,485EE834
MP1580,4F34FBF4,485EE834
MP1599,502011A2,485EE834
MP1652,52660CB6,485EE834
MP1665,52D8A2BC,485EE834
MP1678,53A0C98D,485EE834
MP1710,55C80238,485EE834
MP1746,57EB0D60,485EE834
MP1761,58852594,485EE834
MP1776,59786AE7,485EE834
MP1781,599DB804,485EE834
MP1782,59A7932C,485EE834
MP1786,59F438AD,485EE834
MP1796,5A8AF22F,485EE834
MP1805,5B0B35B1,485EE834
MP1808,5B2CE8C0,485EE834
MP1822,5BB21D42,485EE834
MP1848,5CECE174,485EE834
MP1875,5DDCE240,485EE834
MP1902,5F201D2A,485EE834
MP1931,60F698A9,485EE834
MP1932,610020EA,485EE834
MP1934,61320C88,485EE834
MP1939,6181208C,485EE834
MP1988,6490310A,485EE834
MP2003,65526CF0,485EE834
MP2007,656E3C3E,485EE834
MP2066,681606F3,485EE834
MP2110,69F8B9CF,485EE834
MP2135,6B61369F,485EE834
MP2149,6BC093BE,485EE834
MP2168,6CB4F3BC,485EE834
MP2215,6F4D5E35,485EE834
MP2218,6F73A90B,485EE834
MP2223,6FDAD43F,485EE834
MP2239,70C7E654,485EE834
MP2247,71349365,485EE834
MP2261,7261171C,485EE834
MP2288,73ABD8B9,485EE834
MP2293,73DC8C16,485EE834
MP2303,74790121,485EE834
MP2306,7484C7F3,485EE834
MP2359,77F0D7CB,485EE834
MP2391,794A2FAD,485EE834
MP2408,7A052AD1,485EE834
MP2428,7AF2E747,485EE834
MP2435,7B3C28D2,485EE834
MP2447,7C4DD625,485EE834
MP2460,7D275A2B,485EE834
MP155,7E20CD0,485EE834
MP158,7FA6EE0,485EE834
MP2517,802A7FEF,485EE834
MP2542,821C2BD2,485EE834
MP2621,85E8E95B,485EE834
MP2624,8649EB7D,485EE834
MP2632,86D6D7D1,485EE834
MP2645,878593CF,485EE834
MP2654,8813F811,485EE834
MP2668,88954D67,485EE834
MP167,89B02B5,485EE834
MP2686,89CE409A,485EE834
MP170,8B03395,485EE834
MP2730,8BBECE44,485EE834
MP2741,8C7BFED5,485EE834
MP2742,8C7E9CFE,485EE834
MP2771,8DD81B4A,485EE834
MP2778,8E561E44,485EE834
MP2789,8EE3FDA4,485EE834
MP2792,8F0C74C0,485EE834
MP2804,8FB013E9,485EE834
MP2838,916788AC,485EE834
MP2870,92FA83EA,485EE834
MP185,93C44E0,485EE834
MP2895,941D725E,485EE834
MP2918,95246232,485EE834
MP2959,980657A6,485EE834
MP2975,98E36C5F,485EE834
MP2983,994EEEDA,485EE834
MP2993,9A208AFC,485EE834
MP3050,9CD85BFB,485EE834
MP3059,9D69A2BC,485EE834
MP3080,9EB05F96,485EE834
MP3130,A0BAF3CF,485EE834
MP3180,A2B3AE98,485EE834
MP10,A3A8E3,485EE834
MP3205,A4120460,485EE834
MP3206,A4122A71,485EE834
MP202,A594B73,485EE834
MP3243,A598F2CB,485EE834
MP3266,A77B5313,485EE834
MP3267,A788CC1B,485EE834
MP3274,A7A8CF36,485EE834
MP3288,A87AD5B9,485EE834
MP213,AAE1D9F,485EE834
MP3404,AE7DFF46,485EE834
MP3458,B10349EF,485EE834
MP3468,B1C91A6C,485EE834
MP3482,B25E9CB2,485EE834
MP3488,B2C4DA12,485EE834
MP3494,B2F1CDBC,485EE834
MP3515,B3F4B0EC,485EE834
MP3522,B43F485E,485EE834
MP235,B667EBC,485EE834
MP3585,B7FB74BA,485EE834
MP238,B9C1B57,485EE834
MP3631,BADE7754,485EE834
MP3669,BCA3F771,485EE834
MP3707,BEDEE5A6,485EE834
MP3744,C09DCB5E,485EE834
MP3754,C116B907,485EE834
MP3792,C2A08961,485EE834
MP3830,C4AD674F,485EE834
MP3837,C50A7E9D,485EE834
MP3848,C5AD8CF2,485EE834
MP3884,C80366AD,485EE834
MP3939,CAFEE020,485EE834
MP3946,CB47F557,485EE834
MP4016,CF3D2221,485EE834
MP257,CF51EB4,485EE834
MP4030,D002A19C,485EE834
MP4050,D0E85435,485EE834
MP4071,D26228E4,485EE834
MP4077,D2C0FC3C,485EE834
MP4079,D2CDE1D7,485EE834
MP4133,D666CF03,485EE834
MP262,D7E80DC,485EE834
MP4193,DA8F269E,485EE834
MP266,DAF9867,485EE834
MP4238,DCAA6BB9,485EE834
MP4282,DF2F427E,485EE834
MP4329,E1B94509,485EE834
MP4361,E37E0D13,485EE834
MP4367,E3B92D52,485EE834
MP4396,E55E4F7F,485EE834
MP4403,E5B38228,485EE834
MP4425,E6AC78F2,485EE834
MP4447,E7CDC11B,485EE834
MP4524,EB360E64,485EE834
MP285,ED0D599,485EE834
MP4616,EFC59BC6,485EE834
MP4623,F009E433,485EE834
MP4634,F0B25E6D,485EE834
MP4673,F2920CC0,485EE834
MP4682,F3046311,485EE834
MP4684,F30FEAE2,485EE834
MP4685,F311E7BA,485EE834
MP4726,F50220C5,485EE834
MP4766,F70A904A,485EE834
MP4828,FA506620,485EE834
MP4830,FA736FA9,485EE834
MP4861,FC41560E,485EE834
MP4879,FCFB31EE,485EE834
MP4915,FEACB6D7,485EE834
MP346,1119A23F,514ADCEA
MP352,1187E8F3,514ADCEA
MP354,119A96B4,514ADCEA
MP374,12D1D3F4,514ADCEA
MP386,1365015F,514ADCEA
MP388,136C8940,514ADCEA
MP432,159E2B4C,514ADCEA
MP486,17C3F18C,514ADCEA
MP549,1BC46C43,514ADCEA
MP574,1CBE8C0C,514ADCEA
MP610,1E7EBC1D,514ADCEA
MP692,21CC599D,514ADCEA
MP749,24C4C999,514ADCEA
MP764,25B32DCD,514ADCEA
MP820,2865BD1B,514ADCEA
MP849,29B82E05,514ADCEA
MP867,2AF92881,514ADCEA
MP869,2B10C271,514ADCEA
MP909,2D221C48,514ADCEA
MP955,2F59D232,514ADCEA
MP1091,36056C1A,514ADCEA
MP1152,390E44AB,514ADCEA
MP1161,39F95659,514ADCEA
MP1190,3B2BB85B,514ADCEA
MP71,3D1A3D0,514ADCEA
MP1260,3EA4BF51,514ADCEA
MP1262,3ED6D842,514ADCEA
MP1310,419DEF8B,514ADCEA
MP1313,41A076BF,514ADCEA
MP1330,42204648,514ADCEA
MP1369,44386AD7,514ADCEA
MP1386,4534E4FE,514ADCEA
MP1409,46285323,514ADCEA
MP1437,4753E136,514ADCEA
MP94,4B9504E,514ADCEA
MP1722,56BCF44C,514ADCEA
MP1749,5806AB0E,514ADCEA
MP1755,58385F40,514ADCEA
MP6,5900C2,514ADCEA
MP1803,5AF4BDBB,514ADCEA
MP1857,5D3AA6C4,514ADCEA
MP1858,5D427FC5,514ADCEA
MP1987,64758FCE,514ADCEA
MP2010,65793E54,514ADCEA
MP2065,680B9706,514ADCEA
MP2292,73D9A9BA,514ADCEA
MP2380,78E5B8BA,514ADCEA
MP2385,790DDA13,514ADCEA
MP2395,796C2791,514ADCEA
MP2426,7AE917C5,514ADCEA
MP2459,7D172FC3,514ADCEA
MP2524,80A29D74,514ADCEA
MP2670,88BBB36A,514ADCEA
MP2750,8D0181FA,514ADCEA
MP2828,90FA68C6,514ADCEA
MP2893,93FF144C,514ADCEA
MP189,98F5523,514ADCEA
MP2984,994F4EB5,514ADCEA
MP3005,9AAAEA0E,514ADCEA
MP3078,9E912519,514ADCEA
MP3099,9F1DDA6A,514ADCEA
MP3159,A1B725D3,514ADCEA
MP3172,A241B0D1,514ADCEA
MP209,A82C9C0,514ADCEA
MP3387,ADA5222C,514ADCEA
MP3400,AE5978E1,514ADCEA
MP3413,AEE69B50,514ADCEA
MP3424,AF39132E,514ADCEA
MP3441,B011799F,514ADCEA
MP3451,B07B48ED,514ADCEA
MP3501,B36888C3,514ADCEA
MP3604,B91BDD5D,514ADCEA
MP3608,B95A0EE2,514ADCEA
MP3762,C17349C8,514ADCEA
MP3769,C1C5A57D,514ADCEA
MP3781,C225EC42,514ADCEA
MP3784,C26BC6DD,514ADCEA
MP3892,C87010ED,514ADCEA
MP3935,CAC031AE,514ADCEA
MP3944,CB25C3F9,514ADCEA
MP3971,CC628512,514ADCEA
MP253,CD10193,514ADCEA
MP4037,D05DC2AD,514ADCEA
MP4069,D244EB6B,514ADCEA
MP4076,D2BADA31,514ADCEA
MP4114,D58BC745,514ADCEA
MP4191,DA81B510,514ADCEA
MP4211,DB19227F,514ADCEA
MP268,DD3627A,514ADCEA
MP4340,E2491F28,514ADCEA
MP4347,E29A17C4,514ADCEA
MP4368,E3CE7C58,514ADCEA
MP4372,E41B0F12,514ADCEA
MP4435,E724EA77,514ADCEA
MP4449,E7DC968D,514ADCEA
MP4519,EAEB4956,514ADCEA
MP4549,ECC4D996,514ADCEA
MP4557,ED0F8EDA,514ADCEA
MP4635,F0B2BBFB,514ADCEA
MP4761,F6C8D9DE,514ADCEA
MP4784,F84CA554,514ADCEA
MP4824,FA29BB27,514ADCEA
MP4863,FC5B4B46,514ADCEA
MP4882,FD2CEDD9,514ADCEA
MP4883,FD339C58,514ADCEA
MP4893,FD80C1D5,514ADCEA
MP4904,FE2FDECF,514ADCEA
MP4938,FFDF7FCB,514ADCEA
MP347,111AFF82,5E47CA6
MP415,14F06EA7,5E47CA6
MP529,1A5EDE5B,5E47CA6
MP752,24FAF393,5E47CA6
MP766,25C51838,5E47CA6
MP795,271E132A,5E47CA6
MP801,2761A139,5E47CA6
MP1098,36451407,5E47CA6
MP1103,36749686,5E47CA6
MP1123,3766BB7B,5E47CA6
MP1205,3BA1A0E0,5E47CA6
MP1275,3F5CC37F,5E47CA6
MP1443,47AF47AC,5E47CA6
MP1520,4B6FDBCD,5E47CA6
MP1641,520C4B95,5E47CA6
MP1766,58B7F65D,5E47CA6
MP1830,5C35FD31,5E47CA6
MP2313,7513919B,5E47CA6
MP166,8953AC8,5E47CA6
MP192,9A1DFEE,5E47CA6
MP3014,9B365DE0,5E47CA6
MP3214,A46C704C,5E47CA6
MP3254,A66E9989,5E47CA6
MP3281,A8282DAE,5E47CA6
MP3477,B23041AE,5E47CA6
MP3567,B72097D4,5E47CA6
MP3580,B7DC3C64,5E47CA6
MP3637,BB0242B0,5E47CA6
MP3964,CC38E51D,5E47CA6
MP4005,CE89884F,5E47CA6
MP4091,D36B8424,5E47CA6
MP4292,DF6A0B7F,5E47CA6
MP4325,E1A7209B,5E47CA6
MP4349,E2B68A34,5E47CA6
MP4647,F193AFD2,5E47CA6
MP4649,F198A7F8,5E47CA6
MP4701,F3F08F5F,5E47CA6
MP4845,FB45D3D8,5E47CA6
MP4860,FC33BD56,5E47CA6
MP322,1024C03D,5FC29285
MP378,1301145F,5FC29285
MP407,14757301,5FC29285
MP441,1610AF5E,5FC29285
MP444,163F4C6E,5FC29285
MP446,164C04CF,5FC29285
MP475,1750CBF5,5FC29285
MP488,17C80517,5FC29285
MP496,183C75A3,5FC29285
MP512,195B2F56,5FC29285
MP521,1A098C50,5FC29285
MP525,1A312F58,5FC29285
MP531,1A7BE5DC,5FC29285
MP542,1B63F371,5FC29285
MP36,1B671CA,5FC29285
MP565,1C7A8063,5FC29285
MP568,1C990028,5FC29285
MP581,1D030DEB,5FC29285
MP586,1D4612D6,5FC29285
MP641,1F7BE8DB,5FC29285
MP645,1FAD17A3,5FC29285
MP665,206B3EDD,5FC29285
MP675,2108DC4D,5FC29285
MP678,212096F0,5FC29285
MP685,21716DBC,5FC29285
MP724,23D3429C,5FC29285
MP732,24270791,5FC29285
MP751,24F81EAB,5FC29285
MP786,26BD2469,5FC29285
MP821,288E2953,5FC29285
MP857,2A7285CD,5FC29285
MP887,2C41FDC1,5FC29285
MP897,2CB0B1AB,5FC29285
MP903,2CD7B1EC,5FC29285
MP951,2F263307,5FC29285
MP952,2F40B6A6,5FC29285
MP967,2FD14A24,5FC29285
MP971,2FE09EB6,5FC29285
MP979,303928F0,5FC29285
MP995,311813DA,5FC29285
MP1009,31BD90FC,5FC29285
MP1023,326419AE,5FC29285
MP1028,3291A418,5FC29285
MP1034,32F78342,5FC29285
MP1057,3426E105,5FC29285
MP1070,34E62EF6,5FC29285
MP1075,3531294B,5FC29285
MP1079,354BE8F6,5FC29285
MP1085,35B6E663,5FC29285
MP1117,36DE44AB,5FC29285
MP1120,373D93B8,5FC29285
MP1125,3771091D,5FC29285
MP60,378FFAA,5FC29285
MP1134,38252132,5FC29285
MP1179,3AD0BFAB,5FC29285
MP1197,3B5879C0,5FC29285
MP1214,3C4AA36E,5FC29285
MP1227,3D00440A,5FC29285
MP1253,3E663C0F,5FC29285
MP1266,3EFC4322,5FC29285
MP1281,3F9D3420,5FC29285
MP1311,419F13E6,5FC29285
MP1341,42C5B735,5FC29285
MP1345,4307DE58,5FC29285
MP80,4519871,5FC29285
MP1384,451F37BF,5FC29285
MP1391,455CC9AE,5FC29285
MP1404,45EAC0BB,5FC29285
MP1412,4635E1F2,5FC29285
MP1414,464C5516,5FC29285
MP1438,4777CDD8,5FC29285
MP1444,47B4ACBC,5FC29285
MP86,4880C4D,5FC29285
MP1474,48B350A9,5FC29285
MP1479,48EB3713,5FC29285
MP1483,491C6927,5FC29285
MP1486,49437D0C,5FC29285
MP1516,4B46E097,5FC29285
MP1518,4B52C84F,5FC29285
MP1574,4EE47277,5FC29285
MP1601,503D78B7,5FC29285
MP1621,5141E7AD,5FC29285
MP1627,516F7B27,5FC29285
MP1670,5328CB8E,5FC29285
MP1674,5372FBA0,5FC29285
MP1700,54F45AD0,5FC29285
MP1701,550BF295,5FC29285
MP1714,563359E7,5FC29285
MP1723,56BD0300,5FC29285
MP1725,56D285F5,5FC29285
MP1739,57496378,5FC29285
MP104,578D01C,5FC29285
MP108,5A8E001,5FC29285
MP1811,5B48F5D4,5FC29285
MP1854,5D216BEC,5FC29285
MP1862,5D5DB5B0,5FC29285
MP1885,5E3859C3,5FC29285
MP1959,6291760A,5FC29285
MP1979,63EC652B,5FC29285
MP2031,66797945,5FC29285
MP2039,66EF262E,5FC29285
MP2057,67CBFD18,5FC29285
MP2058,67DD8164,5FC29285
MP2059,67E2FD4A,5FC29285
MP2085,690BA79D,5FC29285
MP2087,692EEC98,5FC29285
MP2111,69FD90B3,5FC29285
MP2119,6A6913CA,5FC29285
MP2123,6AD3D252,5FC29285
MP2152,6BD5676F,5FC29285
MP2177,6D426DB0,5FC29285
MP2234,708D057C,5FC29285
MP2253,71A82ABD,5FC29285
MP2254,71BA3BAA,5FC29285
MP2257,7222BB2F,5FC29285
MP2364,782E3A69,5FC29285
MP2368,784248C0,5FC29285
MP2389,79234A7A,5FC29285
MP2399,799924DB,5FC29285
MP152,79D8BDB,5FC29285
MP153,7AA8A4B,5FC29285
MP2437,7B713C03,5FC29285
MP2465,7D7BAFDC,5FC29285
MP2469,7D908AE9,5FC29285
MP2470,7D9A77DF,5FC29285
MP2522,80881B4A,5FC29285
MP2523,809D9E8D,5FC29285
MP2529,80EDC948,5FC29285
MP2579,84116058,5FC29285
MP2589,84895FFC,5FC29285
MP2648,87B54272,5FC29285
MP2656,881ADA3E,5FC29285
MP2665,8890E971,5FC29285
MP2691,89F9EC2F,5FC29285
MP2715,8B07C0EB,5FC29285
MP2722,8B716F16,5FC29285
MP2765,8DA94CFB,5FC29285
MP2775,8E2E2C24,5FC29285
MP2779,8E683A22,5FC29285
MP2788,8EDE37F6,5FC29285
MP2799,8F5D9B65,5FC29285
MP2810,8FF84C4E,5FC29285
MP2819,907E0F3F,5FC29285
MP2827,90F056C5,5FC29285
MP2845,91C19C3D,5FC29285
MP2846,91DDC109,5FC29285
MP2852,92514490,5FC29285
MP2860,92842843,5FC29285
MP2878,933D6DE7,5FC29285
MP2944,975C6061,5FC29285
MP2952,97BC6EBA,5FC29285
MP2957,97FDF51C,5FC29285
MP2981,993020A3,5FC29285
MP3015,9B39FD68,5FC29285
MP3029,9C0CC795,5FC29285
MP3038,9C55B165,5FC29285
MP3044,9CB46444,5FC29285
MP3054,9D3B2AB4,5FC29285
MP3073,9E54F18E,5FC29285
MP3115,9FBAEBD3,5FC29285
MP3141,A0F798DC,5FC29285
MP3155,A18B989C,5FC29285
MP3156,A1A73FF8,5FC29285
MP3163,A1EE831E,5FC29285
MP3166,A21A53FC,5FC29285
MP3187,A2F3029D,5FC29285
MP204,A5BEA3F,5FC29285
MP3248,A5DA6BA2,5FC29285
MP3325,AA14D768,5FC29285
MP3337,AA94BFB1,5FC29285
MP3340,AAA0A9EE,5FC29285
MP214,AB217E8,5FC29285
MP3356,ABEAC618,5FC29285
MP3368,ACB47E9C,5FC29285
MP3373,AD120681,5FC29285
MP3386,AD97050F,5FC29285
MP3397,AE12B1AA,5FC29285
MP3405,AE9655E6,5FC29285
MP3422,AF2F5952,5FC29285
MP3432,AF72CF23,5FC29285
MP3470,B1D33C17,5FC29285
MP3487,B2B33C53,5FC29285
MP3541,B57ADB2F,5FC29285
MP3542,B594A7E0,5FC29285
MP3570,B7647207,5FC29285
MP3579,B7D70F9B,5FC29285
MP3589,B834C5EE,5FC29285
MP239,BACC83E,5FC29285
MP3633,BAEFA23C,5FC29285
MP3656,BC173F9A,5FC29285
MP3676,BD09A3F4,5FC29285
MP3685,BD99C063,5FC29285
MP3710,BF30A127,5FC29285
MP3765,C1B7F3AD,5FC29285
MP246,C48E10C,5FC29285
MP3829,C498A67E,5FC29285
MP3844,C580526C,5FC29285
MP3859,C6648582,5FC29285
MP3860,C666D6DD,5FC29285
MP3872,C791CBDA,5FC29285
MP3874,C7AC7F92,5FC29285
MP3900,C91D3227,5FC29285
MP3936,CAC1CA6B,5FC29285
MP3967,CC44030F,5FC29285
MP3991,CDA29E83,5FC29285
MP4006,CE97ACFA,5FC29285
MP4007,CE989570,5FC29285
MP4055,D182CF62,5FC29285
MP4057,D18AED25,5FC29285
MP4072,D279BF28,5FC29285
MP4121,D5E61C05,5FC29285
MP4122,D5F1688D,5FC29285
MP4125,D6061A6A,5FC29285
MP4143,D6FFC834,5FC29285
MP4156,D7BAF6E1,5FC29285
MP4161,D7EB0486,5FC29285
MP4181,D9406F37,5FC29285
MP4201,DACE5F89,5FC29285
MP4204,DAF53928,5FC29285
MP4226,DC045241,5FC29285
MP4232,DC810E8A,5FC29285
MP4247,DD1D5A27,5FC29285
MP4283,DF350881,5FC29285
MP4314,E0CBBA50,5FC29285
MP4320,E150F387,5FC29285
MP4326,E1A9D31E,5FC29285
MP4333,E1E42E4F,5FC29285
MP4393,E52BB8B5,5FC29285
MP4407,E5C9E5C8,5FC29285
MP4478,E8BD99CB,5FC29285
MP4485,E91AFC16,5FC29285
MP4497,E9C018AB,5FC29285
MP4508,EA2B64C0,5FC29285
MP4511,EA536EDF,5FC29285
MP4521,EAFB1E71,5FC29285
MP284,ECBCB19,5FC29285
MP4560,ED1A8695,5FC29285
MP4565,ED3632A4,5FC29285
MP4572,ED9D17E4,5FC29285
MP4574,EDABB247,5FC29285
MP4579,EDF325FD,5FC29285
MP4609,EF4DE1D9,5FC29285
MP4611,EF67FEBC,5FC29285
MP4622,EFF6C0ED,5FC29285
MP293,F147518,5FC29285
MP4669,F269D331,5FC29285
MP4683,F30C75E3,5FC29285
MP4690,F3515F5B,5FC29285
MP4836,FAD6CA5D,5FC29285
MP4840,FB042268,5FC29285
MP4850,FBB6BC98,5FC29285
MP4886,FD4297D9,5FC29285
MP4888,FD51D193,5FC29285
MP4905,FE38E6F8,5FC29285
MP4909,FE6C9CCD,5FC29285
MP4924,FF212F27,5FC29285
MP4936,FFDBD53F,5FC29285
MP4937,FFDD24F8,5FC29285
MP330,105F0147,662AC34
MP376,12E51663,662AC34
MP390,1377C4A2,662AC34
MP480,178CBCFD,662AC34
MP538,1B164391,662AC34
MP541,1B4ADEF4,662AC34
MP640,1F79CDC8,662AC34
MP709,22A8A5DA,662AC34
MP835,29057A69,662AC34
MP947,2ED185FD,662AC34
MP986,30656E2F,662AC34
MP1032,32C84619,662AC34
MP1195,3B54B33C,662AC34
MP1216,3C532100,662AC34
MP1217,3C59861B,662AC34
MP1303,40E1109A,662AC34
MP1320,41D9A165,662AC34
MP1400,45C9D7C7,662AC34
MP1458,482CCCEC,662AC34
MP1498,4A8C2280,662AC34
MP1544,4D0F7AA7,662AC34
MP1561,4DEB4430,662AC34
MP1566,4E397758,662AC34
MP1636,51C84709,662AC34
MP1667,5304B4E1,662AC34
MP1682,53CE9176,662AC34
MP1732,570BFA4B,662AC34
MP1784,59C6A429,662AC34
MP1827,5C21E09D,662AC34
MP1837,5C615674,662AC34
MP115,5D4207A,662AC34
MP1871,5DAEC8C1,662AC34
MP1886,5E4D88CE,662AC34
MP121,61BB496,662AC34
MP1944,61CFD107,662AC34
MP1946,61D4D245,662AC34
MP2026,6656DB85,662AC34
MP130,6A27767,662AC34
MP2141,6B977AA7,662AC34
MP139,6E938A8,662AC34
MP2233,7087D0D0,662AC34
MP2284,7386B340,662AC34
MP2297,742C10B1,662AC34
MP2304,7479D98F,662AC34
MP2318,75610E42,662AC34
MP2326,75ECA86B,662AC34
MP2354,7788FC79,662AC34
MP2367,78381A09,662AC34
MP2404,79DFD44F,662AC34
MP2496,7EEE29A9,662AC34
MP2528,80D7252E,662AC34
MP2530,81051FBB,662AC34
MP2613,859A7BD0,662AC34
MP2641,875DB854,662AC34
MP2703,8A9132D3,662AC34
MP2712,8AF324C1,662AC34
MP2719,8B505332,662AC34
MP2813,900490A4,662AC34
MP2824,90E3AF2A,662AC34
MP2899,944F092D,662AC34
MP2908,94CCD332,662AC34
MP2982,99421C60,662AC34
MP3062,9D8BF7A9,662AC34
MP3072,9E454B65,662AC34
MP211,A926155,662AC34
MP212,A957F05,662AC34
MP3312,A97E3CD8,662AC34
MP3341,AAAA303C,662AC34
MP3377,AD3BF828,662AC34
MP3384,AD794606,662AC34
MP3484,B2950EC6,662AC34
MP3569,B750D87D,662AC34
MP3653,BBE62168,662AC34
MP3780,C2242F13,662AC34
MP3853,C5E3F5A3,662AC34
MP255,CE3D65B,662AC34
MP4014,CF20C7DD,662AC34
MP4023,CF8F08F9,662AC34
MP4240,DCCF85D0,662AC34
MP4256,DDC52565,662AC34
MP4270,DE6CAD77,662AC34
MP4321,E1669DB4,662AC34
MP4365,E391A20A,662AC34
MP4382,E4D2570A,662AC34
MP4446,E7C17301,662AC34
MP290,EF678D3,662AC34
MP4624,F011039C,662AC34
MP4774,F766172B,662AC34
MP4814,F9917354,662AC34
MP4873,FCB4544F,662AC34
MP1185,3B01FC24,72E6EF74
MP1935,61396EA0,72E6EF74
MP2158,6C235E6A,72E6EF74
MP2414,7A4EFAC1,72E6EF74
MP2631,86D593CE,72E6EF74
MP2869,92F6AC10,72E6EF74
MP3150,A15448CB,72E6EF74
MP3901,C95098C3,72E6EF74
MP4364,E38F0D59,72E6EF74
MP4792,F89BF759,72E6EF74
MP351,11864F7B,7505EF42
MP400,13DD377F,7505EF42
MP408,147F94FF,7505EF42
MP413,14E9583A,7505EF42
MP428,157786BC,7505EF42
MP579,1CE33549,7505EF42
MP713,22DAC138,7505EF42
MP759,25585A75,7505EF42
MP785,26B9B973,7505EF42
MP794,270FFC87,7505EF42
MP796,2732AA32,7505EF42
MP840,29550105,7505EF42
MP910,2D3EC679,7505EF42
MP966,2FC14B82,7505EF42
MP1003,31871175,7505EF42
MP1010,31BF0FE4,7505EF42
MP1144,388E63D3,7505EF42
MP1156,3968EE54,7505EF42
MP1187,3B0EA478,7505EF42
MP1264,3EF4E9E5,7505EF42
MP1327,4206700C,7505EF42
MP1361,43AC3366,7505EF42
MP1362,43AE6329,7505EF42
MP1363,43C0B5E8,7505EF42
MP1499,4AA42510,7505EF42
MP1547,4D4CC6FF,7505EF42
MP1559,4DD9C7C1,7505EF42
MP1666,52DE71E4,7505EF42
MP1730,57015FC5,7505EF42
MP1816,5B806366,7505EF42
MP1833,5C4E4864,7505EF42
MP1835,5C53146A,7505EF42
MP1847,5CE5E635,7505EF42
MP1852,5D0F106C,7505EF42
MP1884,5E3169A8,7505EF42
MP1888,5E5AE8C3,7505EF42
MP1899,5EF1C9EF,7505EF42
MP125,6520827,7505EF42
MP2019,65CA209A,7505EF42
MP2037,66CC4802,7505EF42
MP2050,676A3198,7505EF42
MP135,6BABBDD,7505EF42
MP2197,6E9038E4,7505EF42
MP2198,6E93ECEF,7505EF42
MP2334,76B9C937,7505EF42
MP2340,77051A6F,7505EF42
MP2346,772D9CC1,7505EF42
MP2366,78379CD8,7505EF42
MP2634,86F83A59,7505EF42
MP2734,8BFB9260,7505EF42
MP183,92BFE50,7505EF42
MP2900,945F14B8,7505EF42
MP2914,950C0A49,7505EF42
MP3024,9BC331EF,7505EF42
MP3040,9C768DF2,7505EF42
MP3154,A18997DC,7505EF42
MP3165,A202F06E,7505EF42
MP3257,A6F0AE12,7505EF42
MP3270,A79CDEFC,7505EF42
MP3382,AD5AB684,7505EF42
MP3418,AF102E8B,7505EF42
MP3419,AF1332EF,7505EF42
MP3450,B0695B3B,7505EF42
MP3599,B8C1D1B4,7505EF42
MP3601,B8DB017C,7505EF42
MP3636,BB01CB08,7505EF42
MP3767,C1BF5F41,7505EF42
MP3779,C223FEB0,7505EF42
MP3805,C34700F6,7505EF42
MP3835,C4FF5EC7,7505EF42
MP3924,CA386975,7505EF42
MP3925,CA4D74CB,7505EF42
MP4080,D2D7FA78,7505EF42
MP4136,D688A779,7505EF42
MP4186,D981DCF4,7505EF42
MP4217,DB6CA2D2,7505EF42
MP4234,DC8D677F,7505EF42
MP4426,E6ADA263,7505EF42
MP4439,E762C92D,7505EF42
MP4542,EC486856,7505EF42
MP4798,F8E09DC4,7505EF42
MP4827,FA410A6F,7505EF42
MP4911,FE7E0CC1,7505EF42
MP4931,FFA15B10,7505EF42
MP318,1002199A,777EC6EF
MP342,10E40F4E,777EC6EF
MP343,11044269,777EC6EF
MP349,115D47FD,777EC6EF
MP355,119D4929,777EC6EF
MP356,11A11C2E,777EC6EF
MP357,11B7CAB1,777EC6EF
MP377,12F962EC,777EC6EF
MP380,131BBCE7,777EC6EF
MP392,138B28BE,777EC6EF
MP404,14674A6B,777EC6EF
MP406,1470CE34,777EC6EF
MP419,151EAB71,777EC6EF
MP426,156828EB,777EC6EF
MP438,15E08C22,777EC6EF
MP457,16BDB756,777EC6EF
MP466,16F1960A,777EC6EF
MP500,189227AA,777EC6EF
MP509,192C2A4B,777EC6EF
MP511,195A47E0,777EC6EF
MP522,1A0A710A,777EC6EF
MP547,1BB1DE12,777EC6EF
MP555,1C0B7ADB,777EC6EF
MP558,1C46F285,777EC6EF
MP569,1C9E2533,777EC6EF
MP576,1CCEE58D,777EC6EF
MP621,1ED5D45F,777EC6EF
MP627,1EF2B6A3,777EC6EF
MP633,1F5A64A3,777EC6EF
MP638,1F76387A,777EC6EF
MP649,1FC0B86D,777EC6EF
MP673,20D85860,777EC6EF
MP41,214400F,777EC6EF
MP690,21C0BD17,777EC6EF
MP699,2236EFD8,777EC6EF
MP718,23156B7D,777EC6EF
MP727,23F56F2C,777EC6EF
MP750,24CBC01D,777EC6EF
MP763,25A55525,777EC6EF
MP767,25C9CD3B,777EC6EF
MP781,2679AC3C,777EC6EF
MP783,268C3A9A,777EC6EF
MP825,28A567FA,777EC6EF
MP828,28C08E7A,777EC6EF
MP851,29F57A99,777EC6EF
MP865,2ADEDCF1,777EC6EF
MP871,2B27BDB6,777EC6EF
MP883,2C066D38,777EC6EF
MP896,2CB08313,777EC6EF
MP942,2EA6B02C,777EC6EF
MP956,2F661763,777EC6EF
MP975,300CE1C1,777EC6EF
MP983,30539D9C,777EC6EF
MP54,30BED3D,777EC6EF
MP997,312A5CC0,777EC6EF
MP1007,31B8DCFF,777EC6EF
MP1008,31BB4E15,777EC6EF
MP1038,3336F048,777EC6EF
MP1040,333D9035,777EC6EF
MP1041,3356D433,777EC6EF
MP1055,341BC898,777EC6EF
MP55,3420118,777EC6EF
MP1064,347B9044,777EC6EF
MP1067,34B705E8,777EC6EF
MP58,35C87ED,777EC6EF
MP1126,378E8CEF,777EC6EF
MP1130,37BBDB6E,777EC6EF
MP1138,38271590,777EC6EF
MP1142,38772DE7,777EC6EF
MP1189,3B194911,777EC6EF
MP1200,3B67ED55,777EC6EF
MP1211,3C05948A,777EC6EF
MP1215,3C4F730A,777EC6EF
MP1225,3CCC671A,777EC6EF
MP1234,3D5D87DB,777EC6EF
MP1236,3D863801,777EC6EF
MP1252,3E638473,777EC6EF
MP1267,3EFE27AE,777EC6EF
MP1268,3F07A550,777EC6EF
MP1270,3F23EBCD,777EC6EF
MP1296,40568254,777EC6EF
MP1326,42062CFA,777EC6EF
MP1331,42297DE0,777EC6EF
MP1353,432FFAD1,777EC6EF
MP1383,451793B6,777EC6EF
MP1399,45C73548,777EC6EF
MP1403,45E23DDE,777EC6EF
MP1423,46A35F19,777EC6EF
MP1429,46FDB33D,777EC6EF
MP1434,472F8928,777EC6EF
MP1454,4818E747,777EC6EF
MP1459,48391E97,777EC6EF
MP1494,4A46C6A7,777EC6EF
MP1545,4D0FC31D,777EC6EF
MP1564,4E36EF4C,777EC6EF
MP97,4E5CB70,777EC6EF
MP1570,4E9704F8,777EC6EF
MP1587,4FAF30C2,777EC6EF
MP1588,4FC8C87F,777EC6EF
MP1591,4FD9275E,777EC6EF
MP1606,50672AA8,777EC6EF
MP1612,50BAA670,777EC6EF
MP1630,518F4860,777EC6EF
MP1676,539830B7,777EC6EF
MP102,54BC791,777EC6EF
MP1706,559998B8,777EC6EF
MP1707,55A7C855,777EC6EF
MP1711,55CCEE07,777EC6EF
MP1713,55F7BA14,777EC6EF
MP1734,5710BCAD,777EC6EF
MP1736,5720605A,777EC6EF
MP1760,5884EBD1,777EC6EF
MP105,58F9C97,777EC6EF
MP1775,594AD9D6,777EC6EF
MP1777,597A0C58,777EC6EF
MP106,59BB1E6,777EC6EF
MP1819,5B921E4C,777EC6EF
MP1831,5C3A5E62,777EC6EF
MP1845,5C994FE5,777EC6EF
MP1861,5D5CC265,777EC6EF
MP1865,5D6DC7F7,777EC6EF
MP1868,5D8BB19C,777EC6EF
MP1869,5D99450C,777EC6EF
MP1891,5E79E5E1,777EC6EF
MP1907,5F79541D,777EC6EF
MP1917,60419361,777EC6EF
MP1925,609E2906,777EC6EF
MP1938,616F1654,777EC6EF
MP1940,618FB0A4,777EC6EF
MP1941,619469D6,777EC6EF
MP1961,62B6B603,777EC6EF
MP123,63D5611,777EC6EF
MP1982,64106871,777EC6EF
MP1989,649C233F,777EC6EF
MP1991,64BDD7A0,777EC6EF
MP1998,65034393,777EC6EF
MP2018,65C4D510,777EC6EF
MP2033,66A385DD,777EC6EF
MP2045,67491827,777EC6EF
MP2046,6750478B,777EC6EF
MP2068,681A709C,777EC6EF
MP2069,68332C52,777EC6EF
MP2070,6846D489,777EC6EF
MP2072,686A6DDA,777EC6EF
MP2092,6974A5C3,777EC6EF
MP2106,69CABABD,777EC6EF
MP2108,69D2FCA3,777EC6EF
MP2112,6A23970E,777EC6EF
MP131,6A2B9E5,777EC6EF
MP2126,6B06632C,777EC6EF
MP2132,6B4454AA,777EC6EF
MP2154,6BF3034F,777EC6EF
MP2155,6BF311D8,777EC6EF
MP2160,6C4A7FD5,777EC6EF
MP2166,6C930213,777EC6EF
MP2182,6DB0E4ED,777EC6EF
MP2189,6DF3526B,777EC6EF
MP2193,6E4BDAB1,777EC6EF
MP2199,6E97C921,777EC6EF
MP2207,6EDD8FD4,777EC6EF
MP142,6F37886,777EC6EF
MP2258,72347993,777EC6EF
MP143,7248C64,777EC6EF
MP2260,72495528,777EC6EF
MP2265,726E81E2,777EC6EF
MP2289,73AF434A,777EC6EF
MP2312,750CE304,777EC6EF
MP2328,7648E61E,777EC6EF
MP2329,7654253E,777EC6EF
MP2345,7727D577,777EC6EF
MP2393,7963F0E9,777EC6EF
MP2407,7A02028F,777EC6EF
MP2409,7A05F807,777EC6EF
MP2410,7A092DAE,777EC6EF
MP9,7A6156,777EC6EF
MP2420,7AAB4F5D,777EC6EF
MP2438,7B8C2931,777EC6EF
MP2453,7CD7CC8D,777EC6EF
MP2458,7D14A592,777EC6EF
MP2467,7D82A9C6,777EC6EF
MP2489,7EAD86E5,777EC6EF
MP2491,7EB89377,777EC6EF
MP2494,7ECF5706,777EC6EF
MP2500,7F2A57B8,777EC6EF
MP2505,7F589F18,777EC6EF
MP2520,80656CBC,777EC6EF
MP2548,8239E741,777EC6EF
MP2580,84130557,777EC6EF
MP2584,847234D2,777EC6EF
MP2592,848BDC21,777EC6EF
MP2594,849DCC02,777EC6EF
MP2595,84A090EC,777EC6EF
MP2603,8555F2CD,777EC6EF
MP2606,857AF87A,777EC6EF
MP2622,85EEDF53,777EC6EF
MP2626,865338AB,777EC6EF
MP2629,86ADFF41,777EC6EF
MP2633,86F5AAF0,777EC6EF
MP2646,8789B5BC,777EC6EF
MP2650,87E19CDE,777EC6EF
MP2672,88E10FE3,777EC6EF
MP2673,88F28C53,777EC6EF
MP2675,890CEC20,777EC6EF
MP2684,89C7D93F,777EC6EF
MP2690,89F00471,777EC6EF
MP2699,8A503D8D,777EC6EF
MP2707,8ABCAA9F,777EC6EF
MP2710,8AD91AAC,777EC6EF
MP2713,8AFD1C44,777EC6EF
MP2716,8B1AA350,777EC6EF
MP2739,8C758159,777EC6EF
MP2740,8C772A63,777EC6EF
MP2748,8CF0F345,777EC6EF
MP2757,8D39289A,777EC6EF
MP2759,8D41F3EB,777EC6EF
MP2761,8D482BFE,777EC6EF
MP2769,8DC83BF7,777EC6EF
MP2796,8F3C5091,777EC6EF
MP2805,8FB5F2E1,777EC6EF
MP2812,8FFD8459,777EC6EF
MP2815,90442F13,777EC6EF
MP2818,9063CA78,777EC6EF
MP2821,90A7A281,777EC6EF
MP2835,914989BA,777EC6EF
MP184,92F9C3A,777EC6EF
MP2873,93095EA8,777EC6EF
MP2879,933FB691,777EC6EF
MP2882,93519F75,777EC6EF
MP186,94B37E9,777EC6EF
MP2922,958A2F0F,777EC6EF
MP2924,95BA306E,777EC6EF
MP187,95D1462,777EC6EF
MP2934,969DAB5C,777EC6EF
MP2941,972035D3,777EC6EF
MP2953,97F0C157,777EC6EF
MP2971,98B2DB1E,777EC6EF
MP2972,98D49A1B,777EC6EF
MP2986,997EDBEA,777EC6EF
MP3004,9AA788F7,777EC6EF
MP3006,9AC5BD36,777EC6EF
MP3020,9B735C27,777EC6EF
MP3028,9BEB45FE,777EC6EF
MP3030,9C120B2D,777EC6EF
MP3043,9C9FA534,777EC6EF
MP3048,9CC87226,777EC6EF
MP3052,9D19C2DD,777EC6EF
MP3063,9DA4C9D4,777EC6EF
MP3066,9DE197AE,777EC6EF
MP3077,9E75A412,777EC6EF
MP3092,9EEF5AE3,777EC6EF
MP3120,A009F22C,777EC6EF
MP3124,A08EED0B,777EC6EF
MP3145,A1264647,777EC6EF
MP3153,A16E3BAE,777EC6EF
MP198,A19AE06,777EC6EF
MP3157,A1B06EC9,777EC6EF
MP3176,A2859E6E,777EC6EF
MP3177,A29A6EE5,777EC6EF
MP3179,A2A2ADB3,777EC6EF
MP3186,A2EF6645,777EC6EF
MP3196,A368316D,777EC6EF
MP3200,A3C43819,777EC6EF
MP3221,A4A10C08,777EC6EF
MP3251,A62FF938,777EC6EF
MP3255,A6D4F696,777EC6EF
MP3296,A8FDDB85,777EC6EF
MP3308,A9657C83,777EC6EF
MP3321,A9F45B93,777EC6EF
MP3324,AA0CE241,777EC6EF
MP3327,AA183BF9,777EC6EF
MP3328,AA272757,777EC6EF
MP3358,AC125FB7,777EC6EF
MP219,AD88C6E,777EC6EF
MP3390,ADC89687,777EC6EF
MP220,AE0D2B7,777EC6EF
MP3408,AEB3EEDD,777EC6EF
MP3409,AEB52702,777EC6EF
MP3428,AF55B8B1,777EC6EF
MP3440,B00D4741,777EC6EF
MP3445,B02F39C1,777EC6EF
MP3446,B037871F,777EC6EF
MP3454,B0B3FE6C,777EC6EF
MP3472,B1FBCE94,777EC6EF
MP3479,B254050E,777EC6EF
MP229,B2B824E,777EC6EF
MP3490,B2D29111,777EC6EF
MP3492,B2E8A897,777EC6EF
MP3496,B32E0D9F,777EC6EF
MP3499,B35B8CA7,777EC6EF
MP232,B3A8708,777EC6EF
MP3510,B3C54190,777EC6EF
MP3512,B3C9A018,777EC6EF
MP3519,B4114889,777EC6EF
MP3521,B438BBE6,777EC6EF
MP233,B45FEFC,777EC6EF
MP3537,B5466BBE,777EC6EF
MP3548,B60A4577,777EC6EF
MP3551,B639798D,777EC6EF
MP3553,B64E0349,777EC6EF
MP3557,B68DDDAC,777EC6EF
MP3559,B6CBD605,777EC6EF
MP3583,B7DF2853,777EC6EF
MP3611,B9BAFB08,777EC6EF
MP3623,BA84D0F4,777EC6EF
MP3630,BAD97F3C,777EC6EF
MP3644,BB6D22C7,777EC6EF
MP3645,BB7013EC,777EC6EF
MP3646,BB73885C,777EC6EF
MP3655,BC109E09,777EC6EF
MP3661,BC42F16F,777EC6EF
MP3662,BC52606D,777EC6EF
MP3677,BD1FFF39,777EC6EF
MP3683,BD67C467,777EC6EF
MP3690,BE00E328,777EC6EF
MP3693,BE1F2192,777EC6EF
MP3727,BFC710FB,777EC6EF
MP3729,BFD026E3,777EC6EF
MP3734,C0196ACF,777EC6EF
MP3738,C038F102,777EC6EF
MP3743,C08EA183,777EC6EF
MP3755,C11C2828,777EC6EF
MP3757,C128C517,777EC6EF
MP3760,C1644333,777EC6EF
MP3804,C342A838,777EC6EF
MP3810,C3821C2D,777EC6EF
MP3814,C3BCE0DC,777EC6EF
MP3815,C3C41616,777EC6EF
MP3822,C430AF11,777EC6EF
MP3826,C485BB27,777EC6EF
MP3839,C51E72AA,777EC6EF
MP3849,C5C3EA57,777EC6EF
MP3862,C6972257,777EC6EF
MP3867,C6FD0F2B,777EC6EF
MP3902,C9687337,777EC6EF
MP3907,C99989B6,777EC6EF
MP3914,C9E22A71,777EC6EF
MP3948,CB50CF36,777EC6EF
MP3949,CB629054,777EC6EF
MP3955,CBA8733B,777EC6EF
MP3956,CBADB467,777EC6EF
MP3981,CD1F04DE,777EC6EF
MP3990,CD9FEE48,777EC6EF
MP4021,CF6C22D2,777EC6EF
MP4034,D0310C5A,777EC6EF
MP4041,D08EAAF9,777EC6EF
MP259,D10A3A9,777EC6EF
MP4065,D210313E,777EC6EF
MP4073,D27A4BA4,777EC6EF
MP4086,D313E8ED,777EC6EF
MP4101,D469E168,777EC6EF
MP4123,D5F7CC55,777EC6EF
MP4141,D6FB09E0,777EC6EF
MP4145,D7043F75,777EC6EF
MP4152,D75F5A2A,777EC6EF
MP4153,D78D1640,777EC6EF
MP4155,D7ACDB46,777EC6EF
MP4187,D99D9A1F,777EC6EF
MP4202,DAD7DB9F,777EC6EF
MP4233,DC81A3A3,777EC6EF
MP4242,DCE2C32B,777EC6EF
MP4246,DD1A9A97,777EC6EF
MP4249,DD40479E,777EC6EF
MP4273,DEBBC753,777EC6EF
MP4275,DEEF9E45,777EC6EF
MP4291,DF5C91C5,777EC6EF
MP4331,E1CF6A4E,777EC6EF
MP4334,E1EE57AB,777EC6EF
MP4336,E222CDCE,777EC6EF
MP4337,E2259EB9,777EC6EF
MP4338,E233D5DC,777EC6EF
MP4373,E43968D8,777EC6EF
MP4404,E5B5C43C,777EC6EF
MP4412,E5F937EA,777EC6EF
MP4429,E6DD362B,777EC6EF
MP4432,E711531B,777EC6EF
MP4462,E84EF68D,777EC6EF
MP4469,E87DFC67,777EC6EF
MP4488,E9447E75,777EC6EF
MP4496,E9A5547B,777EC6EF
MP4502,E9EB9D6E,777EC6EF
MP4513,EAA94EE1,777EC6EF
MP4527,EB58821C,777EC6EF
MP4535,EBEDE164,777EC6EF
MP4541,EC428525,777EC6EF
MP4547,ECA6D769,777EC6EF
MP4552,ECEE039B,777EC6EF
MP4558,ED1163FE,777EC6EF
MP4566,ED393AD8,777EC6EF
MP4576,EDDC9E7E,777EC6EF
MP4583,EE07DD44,777EC6EF
MP4590,EE710EFD,777EC6EF
MP4591,EE7182D2,777EC6EF
MP4595,EE976A4C,777EC6EF
MP4598,EEB7CE03,777EC6EF
MP4614,EF8EA1E2,777EC6EF
MP4618,EFD964AF,777EC6EF
MP4630,F082E23A,777EC6EF
MP4633,F0A277F1,777EC6EF
MP4643,F1751FE4,777EC6EF
MP4653,F1C2F8AE,777EC6EF
MP4670,F281C565,777EC6EF
MP4679,F2F4775D,777EC6EF
MP4688,F342038B,777EC6EF
MP298,F3606E0,777EC6EF
MP4702,F3F960C3,777EC6EF
MP4716,F48EB2B4,777EC6EF
MP4719,F4979071,777EC6EF
MP4733,F55FD330,777EC6EF
MP4757,F69C7BC6,777EC6EF
MP4759,F6BA67E1,777EC6EF
MP4762,F6CA89C0,777EC6EF
MP4763,F6D71DD4,777EC6EF
MP4788,F86B8EE6,777EC6EF
MP4789,F86C5E5F,777EC6EF
MP4795,F8B77317,777EC6EF
MP4796,F8C5DC2B,777EC6EF
MP4811,F98F89D3,777EC6EF
MP4820,F9B5E3FF,777EC6EF
MP4834,FAC373A2,777EC6EF
MP4866,FC6379F7,777EC6EF
MP4868,FC7B8E23,777EC6EF
MP4878,FCF27DDE,777EC6EF
MP4894,FD985535,777EC6EF
MP4913,FE83E8FF,777EC6EF
MP315,FEC4B43,777EC6EF
MP4925,FF2273C5,777EC6EF
MP401,13F53A09,79D7DF96
MP481,17920A1E,79D7DF96
MP848,29A9AE4D,79D7DF96
MP1052,33D9B861,79D7DF96
MP1094,361F17DA,79D7DF96
MP1202,3B7F8161,79D7DF96
MP1356,4355B247,79D7DF96
MP1422,469B5DE4,79D7DF96
MP1447,47D2DD9D,79D7DF96
MP1812,5B5591A4,79D7DF96
MP1951,620114AF,79D7DF96
MP126,6599ED2,79D7DF96
MP2259,7241EEE5,79D7DF96
MP2384,790DCD14,79D7DF96
MP2445,7C374665,79D7DF96
MP2587,847E935E,79D7DF96
MP2702,8A80E2F8,79D7DF96
MP2930,965A7D5D,79D7DF96
MP2935,96B937D3,79D7DF96
MP2988,999B5ED1,79D7DF96
MP2991,99E945EF,79D7DF96
MP3123,A0800EEA,79D7DF96
MP3269,A799E150,79D7DF96
MP3277,A7F25A45,79D7DF96
MP3294,A8E8FD6C,79D7DF96
MP3399,AE36AA57,79D7DF96
MP3473,B20534B6,79D7DF96
MP3618,BA33FEC8,79D7DF96
MP3742,C0839327,79D7DF96
MP3959,CBC46834,79D7DF96
MP4548,ECC2276D,79D7DF96
MP4551,ECD9854C,79D7DF96
MP4629,F0737306,79D7DF96
MP4841,FB1C21D1,79D7DF96
MP1238,3D9B5AE8,7A6BBD0B
MP1540,4CA9F905,7A6BBD0B
MP109,5B06B13,7A6BBD0B
MP1966,62E82581,7A6BBD0B
MP4280,DF160091,7A6BBD0B
MP4300,E02AA008,7A6BBD0B
MP4752,F685CCBE,7A6BBD0B
MP368,127CBB85,7A96FACA
MP485,17C3C613,7A96FACA
MP497,1850DA4D,7A96FACA
MP499,188D7769,7A96FACA
MP587,1D4EE78A,7A96FACA
MP712,22D12FEF,7A96FACA
MP773,261662B8,7A96FACA
MP861,2A8048AB,7A96FACA
MP862,2A957ED6,7A96FACA
MP1004,31975FE2,7A96FACA
MP1101,365956FF,7A96FACA
MP1180,3AD5725E,7A96FACA
MP1250,3E56C2FB,7A96FACA
MP78,44F1F2A,7A96FACA
MP1393,4574F536,7A96FACA
MP1410,4629890E,7A96FACA
MP1432,471F01EC,7A96FACA
MP1583,4F5A9B68,7A96FACA
MP1595,4FFC6646,7A96FACA
MP1747,57EC2C93,7A96FACA
MP1813,5B5983EF,7A96FACA
MP1864,5D6A803E,7A96FACA
MP1942,61A13FF5,7A96FACA
MP2056,67B0CC14,7A96FACA
MP2074,68923B74,7A96FACA
MP2104,69C44736,7A96FACA
MP2130,6B2CC0A9,7A96FACA
MP136,6BBD3C6,7A96FACA
MP2176,6D132762,7A96FACA
MP2256,721AE0E8,7A96FACA
MP2278,73227CCF,7A96FACA
MP2309,74BE6960,7A96FACA
MP2383,7904E5B7,7A96FACA
MP2392,794EC5C4,7A96FACA
MP2411,7A151DE0,7A96FACA
MP2481,7E246698,7A96FACA
MP2577,83CCD4C1,7A96FACA
MP2617,85BD58B6,7A96FACA
MP2652,87FA631B,7A96FACA
MP2817,9056C12F,7A96FACA
MP2874,930E3CA6,7A96FACA
MP2881,934C9A46,7A96FACA
MP2923,95A2D4FB,7A96FACA
MP2946,977FFC3B,7A96FACA
MP2977,9912FF4D,7A96FACA
MP3008,9AEEB297,7A96FACA
MP3047,9CC48CAB,7A96FACA
MP3136,A0DF880F,7A96FACA
MP3175,A272120B,7A96FACA
MP3198,A3AE0DA8,7A96FACA
MP3250,A60C1F32,7A96FACA
MP3256,A6E2383B,7A96FACA
MP3260,A70FA021,7A96FACA
MP3339,AA9FC8E8,7A96FACA
MP3361,AC3A822A,7A96FACA
MP3371,ACE52016,7A96FACA
MP3391,ADD72ED0,7A96FACA
MP3439,B00853BD,7A96FACA
MP3513,B3CAADE5,7A96FACA
MP3523,B442BB9F,7A96FACA
MP3528,B4AFB686,7A96FACA
MP3531,B4DE9366,7A96FACA
MP3590,B839084B,7A96FACA
MP3619,BA4EC7B7,7A96FACA
MP3642,BB598D3C,7A96FACA
MP3694,BE4A2649,7A96FACA
MP3713,BF53D1C9,7A96FACA
MP3749,C0CDF544,7A96FACA
MP3846,C59206D9,7A96FACA
MP3857,C6157FD7,7A96FACA
MP3866,C6F83799,7A96FACA
MP3878,C7D862CA,7A96FACA
MP3896,C8E52853,7A96FACA
MP3979,CCF20E80,7A96FACA
MP4264,DE1F0A90,7A96FACA
MP4371,E4053258,7A96FACA
MP4448,E7D17957,7A96FACA
MP4603,EEF0AB1B,7A96FACA
MP4606,EF1C74C1,7A96FACA
MP4638,F10A20E1,7A96FACA
MP4833,FAC1BBD2,7A96FACA
MP306,FAC89A6,7A96FACA
MP387,136BA95C,7BC10759
MP702,2254C72E,7BC10759
MP970,2FDF6243,7BC10759
MP116,5D60E31,7BC10759
MP4489,E94B5518,7BC10759
MP4776,F799F1B5,7BC10759
MP434,15ACBB1D,823687F5
MP811,27F95FB6,823687F5
MP1087,35D1FB67,823687F5
MP1100,364F2807,823687F5
MP1451,47FE9FC0,823687F5
MP1661,52CC3F25,823687F5
MP1817,5B835093,823687F5
MP1996,64F9856B,823687F5
MP2009,6577142C,823687F5
MP2169,6CBCE93C,823687F5
MP2282,73710076,823687F5
MP2597,84BAA309,823687F5
MP2663,887C4C70,823687F5
MP2709,8AD16414,823687F5
MP2943,97596A2A,823687F5
MP3090,9EE7070B,823687F5
MP205,A615E02,823687F5
MP216,ACAE409,823687F5
MP3457,B0F62B29,823687F5
MP3597,B897BFA0,823687F5
MP245,C17616E,823687F5
MP4092,D3A7708B,823687F5
MP4162,D7F34979,823687F5
MP4260,DDF48A5D,823687F5
MP4381,E4B584D5,823687F5
MP4507,EA27EDE2,823687F5
MP4615,EF9D2DAE,823687F5
MP4639,F11CF1FA,823687F5
MP4678,F2EA7BDE,823687F5
MP4738,F5E0272A,823687F5
MP4804,F91940A6,823687F5
MP409,14898202,83887E88
MP425,153FA04A,83887E88
MP494,180A1CA2,83887E88
MP560,1C5402E2,83887E88
MP708,22A531D8,83887E88
MP904,2CE111E7,83887E88
MP961,2F8ECFD0,83887E88
MP972,2FE1B8B2,83887E88
MP1073,350A1707,83887E88
MP1162,3A04E4BC,83887E88
MP1436,474CFB27,83887E88
MP1507,4AF2869B,83887E88
MP1608,509016EE,83887E88
MP1770,5904DEFC,83887E88
MP1799,5AC08E6F,83887E88
MP1876,5DDE318A,83887E88
MP1943,61C37BDF,83887E88
MP2001,653FBB35,83887E88
MP2036,66BA7A67,83887E88
MP2082,68DB2AA4,83887E88
MP2159,6C298551,83887E88
MP2347,77334754,83887E88
MP2357,77DA27D8,83887E88
MP150,78E04E7,83887E88
MP2503,7F508C09,83887E88
MP2558,82BE7B4A,83887E88
MP2605,8576E3DB,83887E88
MP2676,89454AAE,83887E88
MP2891,93FC9491,83887E88
MP3013,9B2DEE7F,83887E88
MP3025,9BD74516,83887E88
MP3315,A99AE09D,83887E88
MP3383,AD624B0D,83887E88
MP3591,B8475D26,83887E88
MP3766,C1BE7014,83887E88
MP3801,C33576B3,83887E88
MP4168,D867A583,83887E88
MP4180,D8D95EA7,83887E88
MP4390,E51CD7A0,83887E88
MP4677,F2DE7323,83887E88
MP4704,F40AA06F,83887E88
MP314,FD9CCA7,83887E88
MP4932,FFBC0CE2,83887E88
MP18,105DDB4,864B03AE
MP362,123DCB24,864B03AE
MP366,12533D45,864B03AE
MP383,1344F299,864B03AE
MP385,1353B886,864B03AE
MP397,13CCDF2C,864B03AE
MP398,13D36F9C,864B03AE
MP403,143A6FA3,864B03AE
MP414,14EBFAE3,864B03AE
MP431,158D0209,864B03AE
MP443,163B8B61,864B03AE
MP445,1645AC1D,864B03AE
MP469,170D966A,864B03AE
MP479,178BD8D5,864B03AE
MP489,17CF6A16,864B03AE
MP491,17E93578,864B03AE
MP514,1997196B,864B03AE
MP520,1A097A3A,864B03AE
MP527,1A3A0365,864B03AE
MP546,1BA8EFE0,864B03AE
MP548,1BBB4802,864B03AE
MP552,1C001B6C,864B03AE
MP553,1C03EAB2,864B03AE
MP556,1C147CEF,864B03AE
MP575,1CBF347C,864B03AE
MP584,1D2CDB1A,864B03AE
MP596,1DBAA70A,864B03AE
MP604,1E1A9DCC,864B03AE
MP618,1ED04B93,864B03AE
MP620,1ED4DDA9,864B03AE
MP656,202748CE,864B03AE
MP663,20653398,864B03AE
MP669,20A887DE,864B03AE
MP677,21192BF1,864B03AE
MP680,2135CA93,864B03AE
MP42,214CB7E,864B03AE
MP687,2188072A,864B03AE
MP695,2208E56E,864B03AE
MP696,220FB851,864B03AE
MP703,2259834A,864B03AE
MP711,22CE317A,864B03AE
MP717,23142EC2,864B03AE
MP722,235C87FA,864B03AE
MP729,240A26C8,864B03AE
MP741,248E2D73,864B03AE
MP747,24BC8E37,864B03AE
MP753,250D44CD,864B03AE
MP755,2523CE53,864B03AE
MP45,2533863,864B03AE
MP760,25784C24,864B03AE
MP771,2604C9A1,864B03AE
MP791,270464C8,864B03AE
MP799,273B1D83,864B03AE
MP805,279F6291,864B03AE
MP810,27D6D4A9,864B03AE
MP818,284ADE50,864B03AE
MP822,288FEF6F,864B03AE
MP832,28EA9C08,864B03AE
MP853,2A026608,864B03AE
MP866,2AE751E3,864B03AE
MP870,2B194411,864B03AE
MP874,2B4FEE2C,864B03AE
MP880,2B979B7D,864B03AE
MP884,2C26663F,864B03AE
MP888,2C53BE6E,864B03AE
MP902,2CD74BE0,864B03AE
MP925,2DF2B66F,864B03AE
MP927,2DF84C25,864B03AE
MP937,2E85CA72,864B03AE
MP953,2F41E1E5,864B03AE
MP959,2F75C6C9,864B03AE
MP1020,3242F4FD,864B03AE
MP1021,324CB249,864B03AE
MP1039,333B863F,864B03AE
MP1045,338E0A82,864B03AE
MP1047,33B0CAAF,864B03AE
MP1063,3467C0FB,864B03AE
MP1072,34FDD33D,864B03AE
MP1074,3512D585,864B03AE
MP1104,367DBFF8,864B03AE
MP1112,36B9D4A2,864B03AE
MP1115,36C0E1AF,864B03AE
MP1124,376EA23F,864B03AE
MP1139,3833AC9D,864B03AE
MP1182,3AE13AF3,864B03AE
MP66,3B3F416,864B03AE
MP1192,3B48A407,864B03AE
MP1228,3D1B0EA8,864B03AE
MP1240,3DA8E3DF,864B03AE
MP1243,3DD3C223,864B03AE
MP1247,3E1C1290,864B03AE
MP1271,3F340F11,864B03AE
MP1274,3F5B6C35,864B03AE
MP75,413D91C,864B03AE
MP1317,41C503F1,864B03AE
MP1336,427F533E,864B03AE
MP1340,42C4C971,864B03AE
MP1355,434F923C,864B03AE
MP1360,43A70EF7,864B03AE
MP1394,457E17A6,864B03AE
MP1407,46126332,864B03AE
MP1418,4667C914,864B03AE
MP1424,46BAA052,864B03AE
MP82,46C45F9,864B03AE
MP83,46E8258,864B03AE
MP1431,47167E9C,864B03AE
MP1433,4727276E,864B03AE
MP1445,47C0AF96,864B03AE
MP1455,481BB91C,864B03AE
MP1475,48CB7430,864B03AE
MP1484,491D7BAF,864B03AE
MP1485,49298C51,864B03AE
MP1492,4A126014,864B03AE
MP1509,4AF668C9,864B03AE
MP93,4B1182C,864B03AE
MP1538,4C6ABCC6,864B03AE
MP1541,4CADA928,864B03AE
MP1556,4DAFA433,864B03AE
MP1557,4DCAEBD6,864B03AE
MP1558,4DCEAB13,864B03AE
MP1573,4EBD9027,864B03AE
MP98,4F6E72B,864B03AE
MP1598,500DCDCB,864B03AE
MP1609,50A5D058,864B03AE
MP1610,50AF2F54,864B03AE
MP1617,5101B700,864B03AE
MP1624,515275FC,864B03AE
MP1655,528DA702,864B03AE
MP1672,533DD857,864B03AE
MP1684,53F30F5A,864B03AE
MP1685,544C8DCE,864B03AE
MP1686,5453444E,864B03AE
MP1693,5484A672,864B03AE
MP1716,564DC5FB,864B03AE
MP1741,5788A44D,864B03AE
MP1769,58F6D8CC,864B03AE
MP1790,5A395C0B,864B03AE
MP107,5A5E4D8,864B03AE
MP1795,5A7A3001,864B03AE
MP1798,5AC076E6,864B03AE
MP1809,5B31B5D6,864B03AE
MP1815,5B745389,864B03AE
MP114,5C73B6E,864B03AE
MP1846,5CD8E53B,864B03AE
MP1866,5D6FC4C4,864B03AE
MP1867,5D8B27DA,864B03AE
MP1909,5FA010BC,864B03AE
MP1910,5FA54123,864B03AE
MP1919,6072EE94,864B03AE
MP1945,61D26F84,864B03AE
MP1948,61EBE84F,864B03AE
MP1949,61EE957A,864B03AE
MP1970,6313902A,864B03AE
MP1972,633FAA34,864B03AE
MP1986,64558442,864B03AE
MP2006,6562736A,864B03AE
MP2017,65C2D4DE,864B03AE
MP2020,65E04C33,864B03AE
MP2029,665DF38E,864B03AE
MP2048,675E56E7,864B03AE
MP2071,685F66E7,864B03AE
MP2073,687C41E7,864B03AE
MP2084,68F35671,864B03AE
MP2093,697C0601,864B03AE
MP2099,69A4D299,864B03AE
MP2102,69B5212A,864B03AE
MP2105,69C45AC0,864B03AE
MP2107,69D2F6B0,864B03AE
MP2118,6A68F649,864B03AE
MP2121,6AA049CA,864B03AE
MP2161,6C583E5A,864B03AE
MP2172,6CDA8050,864B03AE
MP2179,6D690416,864B03AE
MP2195,6E52C1EB,864B03AE
MP140,6EB2813,864B03AE
MP2230,7073A28E,864B03AE
MP2240,70CC0FD8,864B03AE
MP2241,70E0D1E7,864B03AE
MP2248,7143BAB6,864B03AE
MP2251,717E09C3,864B03AE
MP2255,71FAA34D,864B03AE
MP2262,7261B86B,864B03AE
MP2273,72F76EDA,864B03AE
MP2291,73C56F53,864B03AE
MP2296,742806EE,864B03AE
MP2321,75A5975D,864B03AE
MP2344,772057AB,864B03AE
MP2352,777080D5,864B03AE
MP2372,787816D8,864B03AE
MP2381,78EE143D,864B03AE
MP2386,7912EBFF,864B03AE
MP2398,798F764F,864B03AE
MP2405,79E4A726,864B03AE
MP2406,7A009083,864B03AE
MP2423,7AC1EF6D,864B03AE
MP2427,7AED0A53,864B03AE
MP2431,7AFE58A8,864B03AE
MP2439,7BBA8FCF,864B03AE
MP2452,7CC453D3,864B03AE
MP2472,7DADFA6B,864B03AE
MP2476,7DE9E38C,864B03AE
MP2482,7E257284,864B03AE
MP2485,7E675DF0,864B03AE
MP2495,7ED2A902,864B03AE
MP2506,7F630535,864B03AE
MP2525,80A9166C,864B03AE
MP2526,80C58F4F,864B03AE
MP2527,80D0879A,864B03AE
MP2533,8151B8FA,864B03AE
MP2540,82015E6A,864B03AE
MP2544,822561AF,864B03AE
MP2546,82393A50,864B03AE
MP2570,83958F0B,864B03AE
MP162,83C1928,864B03AE
MP2578,83EF8513,864B03AE
MP2581,84158223,864B03AE
MP2585,847242DE,864B03AE
MP2591,848B4D04,864B03AE
MP2599,84D479EE,864B03AE
MP2611,85908537,864B03AE
MP2628,86681384,864B03AE
MP2647,87A47B56,864B03AE
MP2651,87F62C06,864B03AE
MP2660,886BF3DA,864B03AE
MP2685,89CD0233,864B03AE
MP2726,8B82D051,864B03AE
MP2727,8B8EFCDB,864B03AE
MP2729,8B9F9608,864B03AE
MP2731,8BBFED74,864B03AE
MP2736,8C38D3D2,864B03AE
MP2773,8DF44335,864B03AE
MP2780,8E6E5FE0,864B03AE
MP2800,8F6A3E10,864B03AE
MP2801,8F6B8540,864B03AE
MP2820,909959BE,864B03AE
MP2833,913DA759,864B03AE
MP2837,915A1E14,864B03AE
MP2842,91A358A1,864B03AE
MP2851,92513B00,864B03AE
MP2853,92544008,864B03AE
MP2857,9276D846,864B03AE
MP2863,929E8A74,864B03AE
MP2880,9348ED78,864B03AE
MP2887,93A68A03,864B03AE
MP2892,93FDE999,864B03AE
MP2898,9437769E,864B03AE
MP2911,94F05662,864B03AE
MP2927,962408BF,864B03AE
MP188,979F6CC,864B03AE
MP2955,97FA0479,864B03AE
MP190,99552AF,864B03AE
MP2985,996ECF27,864B03AE
MP3034,9C3DD40C,864B03AE
MP3039,9C568887,864B03AE
MP194,9C608DE,864B03AE
MP3041,9C98B762,864B03AE
MP3042,9C9F53C3,864B03AE
MP3056,9D52D2E9,864B03AE
MP3068,9DEF098D,864B03AE
MP3085,9EDAB276,864B03AE
MP3101,9F328C79,864B03AE
MP3107,9F5E87B5,864B03AE
MP3112,9F873694,864B03AE
MP3121,A05D95F4,864B03AE
MP3132,A0C845CE,864B03AE
MP3140,A0F2C2FE,864B03AE
MP3178,A29F12AB,864B03AE
MP3185,A2EC9490,864B03AE
MP3189,A30B5E81,864B03AE
MP3207,A4185431,864B03AE
MP3229,A4ED9944,864B03AE
MP3232,A5160F59,864B03AE
MP3236,A55C3A0F,864B03AE
MP3245,A5A3345C,864B03AE
MP3252,A647341E,864B03AE
MP3258,A6FCCF9E,864B03AE
MP3263,A73B8119,864B03AE
MP3264,A7512623,864B03AE
MP3282,A82A9ECF,864B03AE
MP3290,A898F4CF,864B03AE
MP210,A8BCA69,864B03AE
MP3305,A9563B12,864B03AE
MP3326,AA14FEDF,864B03AE
MP3344,AB0D0987,864B03AE
MP3346,AB1207A3,864B03AE
MP3349,AB5AC36E,864B03AE
MP3351,ABA3B9A7,864B03AE
MP3352,ABA8DA08,864B03AE
MP3359,AC1919E6,864B03AE
MP3372,AD0AC078,864B03AE
MP3398,AE149BFA,864B03AE
MP221,AEA460D,864B03AE
MP3421,AF178F1E,864B03AE
MP3447,B04CE7F0,864B03AE
MP227,B24B3F8,864B03AE
MP3486,B2AE01E9,864B03AE
MP3489,B2CFBED4,864B03AE
MP3503,B37DB579,864B03AE
MP3508,B3A30E65,864B03AE
MP3526,B46AC3F7,864B03AE
MP234,B46EAE1,864B03AE
MP3539,B573A56F,864B03AE
MP3555,B6572B7C,864B03AE
MP3561,B6DB85FC,864B03AE
MP236,B74FE4D,864B03AE
MP3575,B79A4145,864B03AE
MP3578,B7CDED9A,864B03AE
MP3598,B8B0280D,864B03AE
MP3613,B9EB03D9,864B03AE
MP3616,BA1A64A9,864B03AE
MP3617,BA2029F2,864B03AE
MP3638,BB1DD749,864B03AE
MP3643,BB5DE3AB,864B03AE
MP3657,BC17896C,864B03AE
MP3684,BD938B23,864B03AE
MP3692,BE0E3244,864B03AE
MP3699,BEA88E45,864B03AE
MP244,BEFC59A,864B03AE
MP3724,BFAE0370,864B03AE
MP3740,C074BD6F,864B03AE
MP3746,C0B8C147,864B03AE
MP3756,C11E7867,864B03AE
MP3758,C12E7C87,864B03AE
MP3772,C1E81BF3,864B03AE
MP3782,C24CD532,864B03AE
MP3809,C377B07A,864B03AE
MP3852,C5D807DE,864B03AE
MP3875,C7CF0866,864B03AE
MP3877,C7D81D76,864B03AE
MP3897,C8E746BF,864B03AE
MP3903,C96C9788,864B03AE
MP3906,C996AE7C,864B03AE
MP3910,C9B90E03,864B03AE
MP3913,C9DEB07A,864B03AE
MP3917,C9F42AE9,864B03AE
MP3932,CAA68B3C,864B03AE
MP3952,CB88C9AA,864B03AE
MP3960,CBF52019,864B03AE
MP254,CD81DC3,864B03AE
MP3988,CD8606BC,864B03AE
MP3989,CD88F152,864B03AE
MP3993,CDD4CE97,864B03AE
MP4009,CEBFFD21,864B03AE
MP4029,CFF0EA74,864B03AE
MP4039,D06D87A2,864B03AE
MP4045,D0B122D7,864B03AE
MP4047,D0B6FA2D,864B03AE
MP4078,D2C97359,864B03AE
MP4087,D323523C,864B03AE
MP4110,D5206BA6,864B03AE
MP4119,D5C6C5D3,864B03AE
MP4131,D64E8D8F,864B03AE
MP4134,D6728428,864B03AE
MP4137,D68B1E2D,864B03AE
MP4138,D6974F2F,864B03AE
MP4150,D751FD59,864B03AE
MP4159,D7D20BB4,864B03AE
MP4164,D826548A,864B03AE
MP4182,D9417D9B,864B03AE
MP4199,DAC93BAE,864B03AE
MP4203,DAE54ED3,864B03AE
MP4206,DAFB8597,864B03AE
MP4210,DB17FDAE,864B03AE
MP4212,DB265F20,864B03AE
MP4229,DC13E559,864B03AE
MP4231,DC3F8BAA,864B03AE
MP4241,DCDD1B93,864B03AE
MP4243,DCEB69AC,864B03AE
MP4265,DE25CFE8,864B03AE
MP4276,DF00B47A,864B03AE
MP4285,DF3AF624,864B03AE
MP272,DFC7828,864B03AE
MP4296,DFD08502,864B03AE
MP4302,E03962A6,864B03AE
MP4313,E0C34DA1,864B03AE
MP275,E237C78,864B03AE
MP4343,E26FE9DE,864B03AE
MP4375,E441288E,864B03AE
MP4391,E523C8A5,864B03AE
MP4398,E56D2204,864B03AE
MP4405,E5B64B67,864B03AE
MP4418,E671D665,864B03AE
MP4419,E6866BB7,864B03AE
MP4421,E68C19B0,864B03AE
MP4440,E77EB60C,864B03AE
MP4442,E7835E5F,864B03AE
MP4465,E856CF42,864B03AE
MP4467,E86E676D,864B03AE
MP4471,E88C307C,864B03AE
MP4481,E8DD93CF,864B03AE
MP4483,E8EF4DBC,864B03AE
MP4484,E90CDA53,864B03AE
MP4490,E95B8415,864B03AE
MP4501,E9E451CA,864B03AE
MP4512,EA5DC794,864B03AE
MP4514,EAAB04BD,864B03AE
MP4523,EB2A09F8,864B03AE
MP4525,EB3D74F5,864B03AE
MP4559,ED140736,864B03AE
MP4568,ED82C366,864B03AE
MP4584,EE169CEA,864B03AE
MP4596,EE9A979A,864B03AE
MP4607,EF2EEC55,864B03AE
MP4613,EF7BAB3D,864B03AE
MP4621,EFF62BD6,864B03AE
MP294,F24C0D7,864B03AE
MP4665,F25820D0,864B03AE
MP4668,F26746B4,864B03AE
MP4691,F36D7039,864B03AE
MP4705,F40E0E03,864B03AE
MP4710,F453B6BB,864B03AE
MP303,F5D0C02,864B03AE
MP4741,F605AA91,864B03AE
MP4756,F69BD598,864B03AE
MP4758,F6AB14C3,864B03AE
MP4769,F725ED3A,864B03AE
MP4773,F76086E2,864B03AE
MP4787,F86930AA,864B03AE
MP4806,F94561FE,864B03AE
MP4809,F95F693D,864B03AE
MP4810,F9733548,864B03AE
MP4813,F9913EF5,864B03AE
MP4819,F9AAC4FE,864B03AE
MP4829,FA5194A7,864B03AE
MP308,FAEEB3E,864B03AE
MP4857,FBDE36A7,864B03AE
MP4899,FE0EE1F6,864B03AE
MP4914,FEA02EB5,864B03AE
MP4926,FF47CF37,864B03AE
MP4939,FFFA089E,864B03AE
MP371,129DD6FD,877A2CF7
MP417,14FB5BC0,877A2CF7
MP526,1A36F21A,877A2CF7
MP543,1B7E5AA5,877A2CF7
MP573,1CB2B388,877A2CF7
MP599,1DE0ED83,877A2CF7
MP615,1EB8E2E0,877A2CF7
MP648,1FBEDA10,877A2CF7
MP660,205FE63A,877A2CF7
MP672,20CD640F,877A2CF7
MP701,2251766C,877A2CF7
MP748,24C38733,877A2CF7
MP3,27A3F8,877A2CF7
MP882,2BB98934,877A2CF7
MP932,2E352D0E,877A2CF7
MP987,309112EB,877A2CF7
MP1132,380A40B8,877A2CF7
MP1158,3973A4A8,877A2CF7
MP1210,3BDE2985,877A2CF7
MP1333,424EC249,877A2CF7
MP1338,429BB5D8,877A2CF7
MP1367,443628A4,877A2CF7
MP1629,518B36D2,877A2CF7
MP99,51C8C0C,877A2CF7
MP1696,5492E6D1,877A2CF7
MP1697,54B97A16,877A2CF7
MP1969,630B58B2,877A2CF7
MP2038,66D91E55,877A2CF7
MP2064,67FEF56B,877A2CF7
MP2151,6BCD1545,877A2CF7
MP2192,6E11FFBB,877A2CF7
MP2264,726D8872,877A2CF7
MP2277,73220BA9,877A2CF7
MP2351,774ABF38,877A2CF7
MP2375,78C22F2F,877A2CF7
MP2484,7E4C22DD,877A2CF7
MP2531,8115D2CE,877A2CF7
MP2552,827E86D2,877A2CF7
MP163,840A31E,877A2CF7
MP2615,85A61DCF,877A2CF7
MP2790,8EE74165,877A2CF7
MP2823,90D5237F,877A2CF7
MP2844,91C07423,877A2CF7
MP2883,9357B932,877A2CF7
MP2909,94DCFB84,877A2CF7
MP2992,9A15F1D6,877A2CF7
MP3031,9C2008E2,877A2CF7
MP3146,A128D4D4,877A2CF7
MP3212,A4495F3E,877A2CF7
MP3222,A4AF6CF5,877A2CF7
MP3353,ABB8A81F,877A2CF7
MP3412,AEE37049,877A2CF7
MP3485,B2A1670B,877A2CF7
MP3573,B78C20E7,877A2CF7
MP3648,BB931CA2,877A2CF7
MP3687,BDAD7D2F,877A2CF7
MP3712,BF44221E,877A2CF7
MP3715,BF63008E,877A2CF7
MP3963,CC331A3A,877A2CF7
MP4063,D204B6A7,877A2CF7
MP4099,D4624C6E,877A2CF7
MP4167,D854D625,877A2CF7
MP4216,DB56B881,877A2CF7
MP4271,DE7E4F9A,877A2CF7
MP276,E23D9F4,877A2CF7
MP4428,E6D47324,877A2CF7
MP4534,EBBBEA15,877A2CF7
MP4597,EEA902CD,877A2CF7
MP4654,F1DC0761,877A2CF7
MP4708,F4198DA2,877A2CF7
MP4765,F6F2EFB9,877A2CF7
MP4815,F999B0E0,877A2CF7
MP450,166A3B1B,91CE9B20
MP461,16D700B3,91CE9B20
MP989,30C8B496,91CE9B20
MP1194,3B4FC9A4,91CE9B20
MP1470,4888E416,91CE9B20
MP2174,6CFCAD01,91CE9B20
MP0,6D313,91CE9B20
MP2305,7483944C,91CE9B20
MP3476,B2303767,91CE9B20
MP4267,DE388F77,91CE9B20
MP4399,E56F1F1C,91CE9B20
MP4531,EB822A0A,91CE9B20
MP2468,7D84EFD5,94504D26
MP4506,EA272E11,94504D26
MP4587,EE49F9B6,94504D26
MP492,17FCEDAE,96EDAE5C
MP858,2A7712A2,96EDAE5C
MP1221,3C87B6C3,96EDAE5C
MP120,60949C7,96EDAE5C
MP1933,61227FF8,96EDAE5C
MP4318,E11FFFF5,96EDAE5C
MP4324,E1A380FC,96EDAE5C
MP320,10106532,9925C067
MP328,104B07BD,9925C067
MP329,1053D06F,9925C067
MP336,10A61A45,9925C067
MP360,11D847BB,9925C067
MP23,11FBAE5,9925C067
MP363,12457545,9925C067
MP372,12BD5208,9925C067
MP25,12F02AD,9925C067
MP391,137A8AA5,9925C067
MP405,146C035C,9925C067
MP412,14E5DC6E,9925C067
MP424,152C2017,9925C067
MP429,158C36FC,9925C067
MP442,1632867A,9925C067
MP448,16628DAF,9925C067
MP449,166462F8,9925C067
MP455,16B5B989,9925C067
MP463,16DC2BDE,9925C067
MP470,170E12E8,9925C067
MP471,17111C42,9925C067
MP476,1751D32F,9925C067
MP477,1779A2F9,9925C067
MP478,17812F51,9925C067
MP482,1796EC71,9925C067
MP487,17C59C8F,9925C067
MP495,180B24D9,9925C067
MP31,190DD37,9925C067
MP506,19161203,9925C067
MP513,198A0445,9925C067
MP34,1AF21AF,9925C067
MP536,1AFDD7DC,9925C067
MP539,1B2C1945,9925C067
MP544,1B8C8FD9,9925C067
MP562,1C5E2855,9925C067
MP588,1D55D130,9925C067
MP589,1D5FD02D,9925C067
MP609,1E55488E,9925C067
MP616,1EB9570C,9925C067
MP636,1F6837C9,9925C067
MP651,1FE651E5,9925C067
MP667,208B8617,9925C067
MP691,21C75A0F,9925C067
MP721,23582134,9925C067
MP44,23E9E17,9925C067
MP726,23EF6BE9,9925C067
MP735,2432E1FF,9925C067
MP737,246622E1,9925C067
MP742,2490B32C,9925C067
MP758,2542A345,9925C067
MP768,25D3CBF6,9925C067
MP775,262CC9D4,9925C067
MP777,26342E05,9925C067
MP782,267E3453,9925C067
MP788,26DF92D0,9925C067
MP47,27B3E0A,9925C067
MP813,280C88BE,9925C067
MP814,280CCEF5,9925C067
MP816,282B1C8A,9925C067
MP817,28487271,9925C067
MP819,28654956,9925C067
MP823,289867B1,9925C067
MP838,2934B619,9925C067
MP846,299477B4,9925C067
MP889,2C563883,9925C067
MP900,2CD04405,9925C067
MP905,2D052B3B,9925C067
MP913,2D625B41,9925C067
MP915,2D78BDDE,9925C067
MP917,2D8B0519,9925C067
MP923,2DD9D1BF,9925C067
MP924,2DDE7A0D,9925C067
MP933,2E5E01BE,9925C067
MP938,2E879A52,9925C067
MP960,2F831CC5,9925C067
MP981,304BA83C,9925C067
MP999,313F92C9,9925C067
MP1006,31AE48E7,9925C067
MP1013,31F0EFC5,9925C067
MP1015,31FC5391,9925C067
MP1018,320F96C5,9925C067
MP1050,33CED5BD,9925C067
MP1051,33D11769,9925C067
MP1054,3408B80E,9925C067
MP1056,341BFEBC,9925C067
MP1058,342B7753,9925C067
MP1059,3434B473,9925C067
MP1061,34505E5F,9925C067
MP1077,353BBF58,9925C067
MP1083,3596A3D2,9925C067
MP1090,35FB6598,9925C067
MP1093,36198637,9925C067
MP1096,362F69D9,9925C067
MP1099,364D0E72,9925C067
MP59,3677F5B,9925C067
MP1108,3696D01A,9925C067
MP1109,36A34606,9925C067
MP1110,36AD6C42,9925C067
MP1122,375C8356,9925C067
MP1136,38262B2E,9925C067
MP1147,389F364F,9925C067
MP1148,38B3DB72,9925C067
MP65,39CA4E4,9925C067
MP1171,3A80ED8D,9925C067
MP1175,3AACDC80,9925C067
MP1176,3AB64F81,9925C067
MP1193,3B49DB5F,9925C067
MP1198,3B59A0B6,9925C067
MP1218,3C728D02,9925C067
MP69,3C79373,9925C067
MP1222,3C8FEDE2,9925C067
MP1244,3DD66FC6,9925C067
MP1251,3E5D887D,9925C067
MP1255,3E80DCD8,9925C067
MP1256,3E8135EB,9925C067
MP1279,3F8231AA,9925C067
MP1280,3F90A423,9925C067
MP1284,3FD4E097,9925C067
MP1292,40191E8A,9925C067
MP1301,40B8772F,9925C067
MP73,40B9435,9925C067
MP1307,415B70D6,9925C067
MP1314,41A080BB,9925C067
MP1322,41DB258E,9925C067
MP1325,42060C7D,9925C067
MP1344,42E28641,9925C067
MP1358,4378EC7C,9925C067
MP1365,43F98841,9925C067
MP1370,445D22BE,9925C067
MP1376,44C13949,9925C067
MP1382,4510CF32,9925C067
MP1395,4581FF09,9925C067
MP1396,45829A05,9925C067
MP1406,4601F60E,9925C067
MP1411,462C3176,9925C067
MP1421,4682D4AA,9925C067
MP1425,46C65D89,9925C067
MP1448,47EA7F6D,9925C067
MP1476,48CFA09F,9925C067
MP1478,48DC74A5,9925C067
MP1482,4914EC3E,9925C067
MP1489,4998BFBE,9925C067
MP1495,4A8413F3,9925C067
MP1501,4AAFCE04,9925C067
MP1528,4BD6D68E,9925C067
MP1529,4BD8CA57,9925C067
MP95,4CF7400,9925C067
MP1567,4E3FB09C,9925C067
MP1582,4F51C8A6,9925C067
MP1590,4FD50D1F,9925C067
MP1592,4FDD7F91,9925C067
MP1602,503FA8F0,9925C067
MP1615,50F2D814,9925C067
MP1618,510A2DD6,9925C067
MP1632,51AB3572,9925C067
MP1635,51C8240C,9925C067
MP1644,5225B8E8,9925C067
MP1657,52A99A19,9925C067
MP1660,52C8C769,9925C067
MP1663,52D1087E,9925C067
MP1692,5481E1A8,9925C067
MP1694,548E70C1,9925C067
MP1718,565C1063,9925C067
MP5,566571,9925C067
MP1721,56B60627,9925C067
MP1724,56D1D1AD,9925C067
MP1728,56F71514,9925C067
MP1731,5709DDDA,9925C067
MP1738,574415AA,9925C067
MP1740,575EAC37,9925C067
MP1743,57BC16E5,9925C067
MP1745,57D66E3C,9925C067
MP1771,59081524,9925C067
MP1773,5930B13C,9925C067
MP1787,59F583EB,9925C067
MP1804,5AFE44FC,9925C067
MP1810,5B32F9D2,9925C067
MP1824,5BD8B7FF,9925C067
MP1825,5BE383BB,9925C067
MP1832,5C3F95E7,9925C067
MP1836,5C5AB7A0,9925C067
MP1839,5C6E1E66,9925C067
MP1855,5D24E44C,9925C067
MP1859,5D58F870,9925C067
MP1860,5D5B574F,9925C067
MP1872,5DBA07B3,9925C067
MP1880,5E0FA994,9925C067
MP1881,5E0FFB00,9925C067
MP1897,5EBF5B2C,9925C067
MP1905,5F4FEF2D,9925C067
MP1921,608E62F4,9925C067
MP1928,60C27EC7,9925C067
MP1929,60CB0086,9925C067
MP1950,620038C6,9925C067
MP2002,6542AAEB,9925C067
MP2013,65AB401C,9925C067
MP2015,65BCB477,9925C067
MP2021,65F31049,9925C067
MP2022,66060A9B,9925C067
MP2035,66B65F88,9925C067
MP2042,67078CF1,9925C067
MP2047,67508750,9925C067
MP2051,67714F5E,9925C067
MP2052,67774490,9925C067
MP2053,6779D764,9925C067
MP2079,68B551B8,9925C067
MP2081,68D0EBA5,9925C067
MP2083,68DE75C6,9925C067
MP2086,6926E8D5,9925C067
MP2095,698502CC,9925C067
MP128,6987796,9925C067
MP2101,69B2CC65,9925C067
MP2136,6B62E5C5,9925C067
MP2138,6B7F22F6,9925C067
MP2142,6BB02760,9925C067
MP2143,6BB5C4E0,9925C067
MP2153,6BEEA41C,9925C067
MP2157,6C0C7D1A,9925C067
MP2164,6C6824C4,9925C067
MP2180,6D99EFD0,9925C067
MP2183,6DBEDA58,9925C067
MP2191,6DFEDAE8,9925C067
MP2201,6EB58DF8,9925C067
MP2204,6EC45B02,9925C067
MP2209,6EF4B2CD,9925C067
MP2211,6F173FB2,9925C067
MP141,6F22202,9925C067
MP2214,6F2F4864,9925C067
MP2216,6F4F83BC,9925C067
MP2217,6F68BFBE,9925C067
MP2220,6FBCA499,9925C067
MP2221,6FBFFFFA,9925C067
MP2231,707839AB,9925C067
MP2235,709A8B97,9925C067
MP2238,70ABFAF0,9925C067
MP2246,7114E114,9925C067
MP2266,72700976,9925C067
MP2268,728EA40D,9925C067
MP2270,72A31DCD,9925C067
MP2274,730018A1,9925C067
MP2279,7355175F,9925C067
MP2283,737D46D0,9925C067
MP2290,73B84E96,9925C067
MP2307,748886BE,9925C067
MP147,75B9A7A,9925C067
MP2323,75BC73E9,9925C067
MP2331,7673025A,9925C067
MP2333,767CD7C4,9925C067
MP149,7705AF7,9925C067
MP2355,77B70D13,9925C067
MP2361,78068228,9925C067
MP2369,78542A3D,9925C067
MP2370,78709AEF,9925C067
MP2377,78D15326,9925C067
MP151,78EB328,9925C067
MP2422,7ABCA606,9925C067
MP2430,7AFD636F,9925C067
MP2434,7B03D66D,9925C067
MP2442,7BD8A773,9925C067
MP2444,7BEE3063,9925C067
MP2450,7C967807,9925C067
MP2451,7CBA0873,9925C067
MP2455,7D0E5B09,9925C067
MP2461,7D613F25,9925C067
MP2462,7D6964D8,9925C067
MP2474,7DC55449,9925C067
MP2483,7E3C1118,9925C067
MP2486,7E6B7D24,9925C067
MP2493,7ECAFB0F,9925C067
MP2499,7F1922C8,9925C067
MP2502,7F31B707,9925C067
MP157,7F9C623,9925C067
MP2512,7FCE8BB9,9925C067
MP2513,7FE8742A,9925C067
MP2536,8171EA09,9925C067
MP2537,81921D27,9925C067
MP2543,822147DB,9925C067
MP2551,825B2F18,9925C067
MP2553,828522AF,9925C067
MP2554,82944418,9925C067
MP2569,8385DBEF,9925C067
MP2582,841B9C1B,9925C067
MP2612,859A6B0A,9925C067
MP2614,859B7FFC,9925C067
MP2639,87491A53,9925C067
MP2662,887A3B02,9925C067
MP2671,88DBDDAF,9925C067
MP2681,89787356,9925C067
MP2682,8982F489,9925C067
MP2692,89FDD91B,9925C067
MP2695,8A1B44C3,9925C067
MP2698,8A418BF0,9925C067
MP2700,8A661245,9925C067
MP2701,8A771D62,9925C067
MP2706,8AB9FAFD,9925C067
MP169,8AF8F85,9925C067
MP2714,8B05791E,9925C067
MP2721,8B655559,9925C067
MP2725,8B7D339A,9925C067
MP173,8C0D927,9925C067
MP2747,8CDB135A,9925C067
MP2752,8D07DE72,9925C067
MP2754,8D192FA6,9925C067
MP2755,8D1D4AEF,9925C067
MP2766,8DB293F3,9925C067
MP2772,8DDF0143,9925C067
MP180,8E671A4,9925C067
MP2782,8E7B846B,9925C067
MP2787,8EDC1C92,9925C067
MP2793,8F0DC2A9,9925C067
MP2803,8FA1ADE1,9925C067
MP2806,8FE0B9C4,9925C067
MP2839,91726EF9,9925C067
MP2867,92E1096C,9925C067
MP2868,92E89ED0,9925C067
MP2877,93284B51,9925C067
MP2884,936A25BE,9925C067
MP2886,9376514E,9925C067
MP2896,943609EF,9925C067
MP2897,94372696,9925C067
MP2904,9488C5B1,9925C067
MP2906,94AED923,9925C067
MP2917,95206DD9,9925C067
MP2919,95536996,9925C067
MP2966,985A55D1,9925C067
MP2970,98ABB1D2,9925C067
MP2978,99157E22,9925C067
MP2979,9928EAF5,9925C067
MP2980,992FBE20,9925C067
MP2989,99A14CE2,9925C067
MP2995,9A3DA99D,9925C067
MP2998,9A6489AC,9925C067
MP3000,9A758103,9925C067
MP3003,9AA72CBB,9925C067
MP3011,9B28AA55,9925C067
MP3033,9C324A7F,9925C067
MP3035,9C407DA0,9925C067
MP3036,9C40D626,9925C067
MP3046,9CBE7DDF,9925C067
MP3057,9D5D8B77,9925C067
MP3060,9D734702,9925C067
MP3069,9DF6ECA2,9925C067
MP3070,9E2E9CC2,9925C067
MP196,9E59C41,9925C067
MP3084,9ED2054B,9925C067
MP3089,9EE27673,9925C067
MP3093,9EF7367C,9925C067
MP3094,9EF84FF3,9925C067
MP3097,9F18B7D5,9925C067
MP3102,9F4C21AB,9925C067
MP3117,9FD5D3CB,9925C067
MP3119,9FF620D8,9925C067
MP3125,A09665BA,9925C067
MP3127,A09E5520,9925C067
MP3128,A0B03A5F,9925C067
MP3142,A1118045,9925C067
MP3147,A1303FD9,9925C067
MP3148,A13D06DC,9925C067
MP3164,A1FCC221,9925C067
MP3182,A2C1445C,9925C067
MP3194,A350644D,9925C067
MP3195,A35E605C,9925C067
MP3201,A3D9DD27,9925C067
MP3203,A3E7D390,9925C067
MP3204,A401DCA3,9925C067
MP3209,A42AFE7F,9925C067
MP3211,A447791B,9925C067
MP3224,A4CA2E5A,9925C067
MP3225,A4D11595,9925C067
MP3226,A4D1410F,9925C067
MP3227,A4D1F405,9925C067
MP3230,A4EE160E,9925C067
MP3237,A56E0109,9925C067
MP203,A5A0977,9925C067
MP206,A672EEB,9925C067
MP3259,A701EBA8,9925C067
MP3261,A7220D33,9925C067
MP3271,A7A1A426,9925C067
MP3291,A8A2E6B9,9925C067
MP3293,A8C3BB8C,9925C067
MP3302,A948911F,9925C067
MP3304,A94FCC43,9925C067
MP3306,A95964CD,9925C067
MP3310,A9723D4B,9925C067
MP3316,A9A0785D,9925C067
MP3319,A9C5BAFF,9925C067
MP3333,AA737EF4,9925C067
MP3357,ABFC385D,9925C067
MP3362,AC52EAA8,9925C067
MP3375,AD27A1F6,9925C067
MP3380,AD43269E,9925C067
MP3396,AE05E47F,9925C067
MP3401,AE76DD68,9925C067
MP3415,AEF8A253,9925C067
MP3416,AF00C1AB,9925C067
MP3417,AF03AF3E,9925C067
MP3429,AF5657AB,9925C067
MP3430,AF56D372,9925C067
MP3431,AF686AEC,9925C067
MP3434,AF9354E3,9925C067
MP3438,AFDB239E,9925C067
MP3459,B127F14E,9925C067
MP3462,B16BB2D6,9925C067
MP3466,B1AB7776,9925C067
MP3467,B1ADFD5E,9925C067
MP3480,B255788E,9925C067
MP3481,B25D8F20,9925C067
MP3500,B35F54D8,9925C067
MP3506,B396E0D1,9925C067
MP14,B3ADF5,9925C067
MP3517,B4077CAE,9925C067
MP3527,B49F56B6,9925C067
MP3529,B4C9E100,9925C067
MP3535,B523B63A,9925C067
MP3547,B5F69870,9925C067
MP3564,B70C089B,9925C067
MP3568,B72204C6,9925C067
MP3571,B76B6F23,9925C067
MP3572,B77ED3C3,9925C067
MP3581,B7DD8C5A,9925C067
MP3600,B8D64268,9925C067
MP3605,B9282AFE,9925C067
MP3649,BB959BC0,9925C067
MP3688,BDC57966,9925C067
MP3700,BEA9215E,9925C067
MP3701,BEAEC950,9925C067
MP3703,BED00964,9925C067
MP3708,BF01BC91,9925C067
MP3730,BFD04BB8,9925C067
MP3737,C0349EBB,9925C067
MP3750,C0D5F768,9925C067
MP3751,C0E0CDF3,9925C067
MP3761,C166C7EC,9925C067
MP3764,C1A6F167,9925C067
MP3777,C21AA0D4,9925C067
MP3791,C29E66BF,9925C067
MP3793,C2BD65DF,9925C067
MP3819,C3F8007D,9925C067
MP3828,C4986EB5,9925C067
MP3831,C4C6ED37,9925C067
MP3834,C4ECA05B,9925C067
MP3845,C591FAC2,9925C067
MP3858,C61673A0,9925C067
MP3879,C7E07D38,9925C067
MP3891,C86D54C2,9925C067
MP3904,C9703F63,9925C067
MP3908,C9A0522F,9925C067
MP3915,C9E90CCC,9925C067
MP3922,CA1940B5,9925C067
MP3927,CA5FB311,9925C067
MP3928,CA64A0AA,9925C067
MP3937,CAE621E7,9925C067
MP3938,CAE6CE7B,9925C067
MP3942,CB15D370,9925C067
MP3943,CB1BE6F3,9925C067
MP250,CB371D5,9925C067
MP3947,CB4BE5DA,9925C067
MP3950,CB665B2E,9925C067
MP3961,CC1FC2A0,9925C067
MP3966,CC3D6D5D,9925C067
MP3977,CCEB5864,9925C067
MP3984,CD553F3F,9925C067
MP3997,CE1880F6,9925C067
MP4001,CE47D1B8,9925C067
MP4003,CE7410EB,9925C067
MP4004,CE7A4F98,9925C067
MP4011,CEF131C5,9925C067
MP4022,CF7AB468,9925C067
MP4025,CFAE09C2,9925C067
MP4027,CFD61DD3,9925C067
MP258,D02B39F,9925C067
MP4040,D07A0F0D,9925C067
MP4043,D095F262,9925C067
MP4048,D0C86D83,9925C067
MP4052,D12C89C8,9925C067
MP4053,D176EF05,9925C067
MP260,D1F6A30,9925C067
MP4067,D22A842D,9925C067
MP4074,D29BF169,9925C067
MP4082,D2E36454,9925C067
MP4093,D3C65DB9,9925C067
MP4115,D59BE3E5,9925C067
MP4124,D5FAA482,9925C067
MP4126,D62BD664,9925C067
MP4179,D8D1172E,9925C067
MP265,D94BD0A,9925C067
MP4194,DAAB87E9,9925C067
MP4197,DABB795E,9925C067
MP4215,DB432620,9925C067
MP4218,DB7002F7,9925C067
MP4223,DBEBE45A,9925C067
MP4237,DC9C9A24,9925C067
MP4239,DCC957E4,9925C067
MP4250,DD6CB900,9925C067
MP4252,DD94D7C8,9925C067
MP4262,DE096673,9925C067
MP4272,DE831D0E,9925C067
MP4274,DECAABAE,9925C067
MP4299,E01AB9D8,9925C067
MP4301,E02FB462,9925C067
MP4303,E04491BB,9925C067
MP4304,E049A43C,9925C067
MP4306,E0717968,9925C067
MP4308,E08B2889,9925C067
MP4309,E095DAC6,9925C067
MP4310,E0A3FE8C,9925C067
MP4311,E0B96BD7,9925C067
MP4316,E0F00E11,9925C067
MP4323,E184AD6F,9925C067
MP4346,E2832A92,9925C067
MP4351,E2CBBD03,9925C067
MP4355,E3043BC8,9925C067
MP4363,E3861BFA,9925C067
MP4380,E48319C1,9925C067
MP4383,E4E40DAF,9925C067
MP4386,E4FB6848,9925C067
MP4415,E5FF13A4,9925C067
MP4423,E69AC2F5,9925C067
MP4437,E752874B,9925C067
MP4466,E866C067,9925C067
MP4474,E89B2FC1,9925C067
MP4475,E8A1DD5E,9925C067
MP280,E978CC8,9925C067
MP4493,E97ABD01,9925C067
MP4500,E9D7B874,9925C067
MP4520,EAF5B6D6,9925C067
MP4529,EB60F0C3,9925C067
MP283,EB73A08,9925C067
MP4537,EC0930CB,9925C067
MP4538,EC0F0091,9925C067
MP4539,EC2EC676,9925C067
MP4543,EC597CBE,9925C067
MP4553,ECFF65C2,9925C067
MP4556,ED09CE16,9925C067
MP4563,ED29A66A,9925C067
MP4575,EDBA52E0,9925C067
MP4582,EE07A840,9925C067
MP4588,EE68095E,9925C067
MP4592,EE77931F,9925C067
MP289,EF13467,9925C067
MP4619,EFF15752,9925C067
MP4640,F1453778,9925C067
MP4644,F17A42FC,9925C067
MP4656,F1F13514,9925C067
MP4659,F205DC98,9925C067
MP4661,F2224909,9925C067
MP4664,F254CC1C,9925C067
MP4666,F25D7E55,9925C067
MP4672,F28D5EBD,9925C067
MP4686,F31698D0,9925C067
MP4689,F345D0ED,9925C067
MP4709,F44AD2FB,9925C067
MP4713,F47E0596,9925C067
MP4715,F482ACA0,9925C067
MP4723,F4E1BA7E,9925C067
MP4732,F53C8E84,9925C067
MP4745,F63C6576,9925C067
MP4755,F698ED2B,9925C067
MP4770,F7353251,9925C067
MP4772,F73E0CCD,9925C067
MP4777,F7C36546,9925C067
MP4780,F811D3CC,9925C067
MP4781,F81A511F,9925C067
MP4790,F86CA37C,9925C067
MP4793,F8A4FD2A,9925C067
MP4800,F8F47E03,9925C067
MP4826,FA406299,9925C067
MP4831,FA8BC22A,9925C067
MP4838,FAF67413,9925C067
MP4839,FAFE3DA2,9925C067
MP4844,FB427EF7,9925C067
MP4853,FBC3E193,9925C067
MP4859,FC19AE63,9925C067
MP4872,FCAE6D5F,9925C067
MP4874,FCC27327,9925C067
MP4875,FCEAC606,9925C067
MP4881,FD08890E,9925C067
MP4884,FD35E1DE,9925C067
MP4887,FD4FB7E3,9925C067
MP313,FD979C8,9925C067
MP4896,FDABD410,9925C067
MP4912,FE831EE7,9925C067
MP4916,FEAFAD27,9925C067
MP4918,FEBAC1D6,9925C067
MP4923,FF20EDDB,9925C067
MP4934,FFD8F71D,9925C067
MP339,10CD7D44,9B2C8B89
MP389,1371FF7F,9B2C8B89
MP1,153557,9B2C8B89
MP435,15AF5CC4,9B2C8B89
MP550,1BD4BEC7,9B2C8B89
MP554,1C04C393,9B2C8B89
MP577,1CE0C5ED,9B2C8B89
MP644,1F9ED1AA,9B2C8B89
MP43,23396D4,9B2C8B89
MP797,2733DA19,9B2C8B89
MP844,29875F42,9B2C8B89
MP926,2DF2E811,9B2C8B89
MP935,2E7B7D68,9B2C8B89
MP957,2F6BC2EB,9B2C8B89
MP968,2FDA7221,9B2C8B89
MP1005,319BEEC1,9B2C8B89
MP61,37F6222,9B2C8B89
MP1233,3D55DEC7,9B2C8B89
MP72,3DF1A52,9B2C8B89
MP74,412B86A,9B2C8B89
MP1381,450C9136,9B2C8B89
MP4,450CB6,9B2C8B89
MP1647,5234B892,9B2C8B89
MP1649,5261D9F3,9B2C8B89
MP1726,56DC1321,9B2C8B89
MP1874,5DD9EBFB,9B2C8B89
MP1953,620C1BC5,9B2C8B89
MP1960,6294CC46,9B2C8B89
MP1976,63AD3DB2,9B2C8B89
MP2127,6B0B2E9C,9B2C8B89
MP2185,6DD75206,9B2C8B89
MP2300,7452412A,9B2C8B89
MP144,74B72AB,9B2C8B89
MP2310,74C744B0,9B2C8B89
MP2555,82A4E06B,9B2C8B89
MP2568,836A9D04,9B2C8B89
MP2637,873600C6,9B2C8B89
MP2705,8AB42537,9B2C8B89
MP2797,8F44A5A9,9B2C8B89
MP181,900B273,9B2C8B89
MP2832,91353899,9B2C8B89
MP2963,9836E1D1,9B2C8B89
MP3091,9EEE506E,9B2C8B89
MP3168,A227DA7E,9B2C8B89
MP3238,A577C701,9B2C8B89
MP3284,A840579C,9B2C8B89
MP3314,A995DF5D,9B2C8B89
MP3334,AA743093,9B2C8B89
MP217,ACB0BEB,9B2C8B89
MP218,ACE2545,9B2C8B89
MP3385,AD8D6AC1,9B2C8B89
MP3388,ADA9F182,9B2C8B89
MP3402,AE790E55,9B2C8B89
MP3554,B655F3C7,9B2C8B89
MP3689,BDF56E40,9B2C8B89
MP3698,BE9655B1,9B2C8B89
MP3783,C25608B5,9B2C8B89
MP3863,C6A8C27F,9B2C8B89
MP15,C6DD37,9B2C8B89
MP248,C75AB58,9B2C8B89
MP4010,CED89006,9B2C8B89
MP4026,CFC0B08F,9B2C8B89
MP4060,D1BF3328,9B2C8B89
MP261,D2ECF8A,9B2C8B89
MP4129,D6404CF3,9B2C8B89
MP4157,D7CBBBC8,9B2C8B89
MP4172,D88B43A7,9B2C8B89
MP4176,D8AA6682,9B2C8B89
MP4192,DA8A1929,9B2C8B89
MP4279,DF0B99C1,9B2C8B89
MP271,DF5281E,9B2C8B89
MP4305,E06DF121,9B2C8B89
MP4312,E0BD4DAB,9B2C8B89
MP4319,E12A34A9,9B2C8B89
MP4339,E2391F96,9B2C8B89
MP4354,E2E4F72C,9B2C8B89
MP4455,E8015FAC,9B2C8B89
MP4561,ED1D6CCB,9B2C8B89
MP4569,ED859038,9B2C8B89
MP4599,EEBDD3CD,9B2C8B89
MP4718,F496F8D7,9B2C8B89
MP4720,F49C0FCC,9B2C8B89
MP4771,F7391EB7,9B2C8B89
MP4854,FBC617FE,9B2C8B89
MP4862,FC4604C0,9B2C8B89
MP4891,FD7B86A9,9B2C8B89
MP325,102F20E6,A6D134C6
MP381,131D437B,A6D134C6
MP502,18CA4088,A6D134C6
MP32,19D8A81,A6D134C6
MP592,1D8F49A6,A6D134C6
MP662,2063DB53,A6D134C6
MP720,2330E0ED,A6D134C6
MP804,277A5E96,A6D134C6
MP834,28FBEC8B,A6D134C6
MP841,295A6FF5,A6D134C6
MP863,2AA0E435,A6D134C6
MP864,2AD73F47,A6D134C6
MP1066,34A718CD,A6D134C6
MP1076,3534FA0B,A6D134C6
MP1082,359554C3,A6D134C6
MP1235,3D771836,A6D134C6
MP1273,3F49FF1B,A6D134C6
MP1321,41DB20FE,A6D134C6
MP1417,465FBC3E,A6D134C6
MP1481,4904128F,A6D134C6
MP92,4AC984D,A6D134C6
MP1504,4ACC9CDE,A6D134C6
MP1510,4AFD259B,A6D134C6
MP1517,4B4A68D3,A6D134C6
MP1620,513BD1F6,A6D134C6
MP1625,515EBD62,A6D134C6
MP1653,52808E9D,A6D134C6
MP1691,547FB044,A6D134C6
MP1765,58A6C0EE,A6D134C6
MP1829,5C32A201,A6D134C6
MP1877,5DDECEF2,A6D134C6
MP1967,62ED7559,A6D134C6
MP2060,67EE5721,A6D134C6
MP2285,738A0258,A6D134C6
MP8,748171,A6D134C6
MP154,7B529F6,A6D134C6
MP2473,7DB2AADF,A6D134C6
MP2535,816D512E,A6D134C6
MP2576,83BC9AB5,A6D134C6
MP2618,85D1A6E7,A6D134C6
MP2751,8D06AD45,A6D134C6
MP2768,8DB52B0E,A6D134C6
MP2802,8F814E7C,A6D134C6
MP2854,9261B7FF,A6D134C6
MP2932,9698406C,A6D134C6
MP2961,981FCB83,A6D134C6
MP3104,9F59C5F7,A6D134C6
MP3323,A9FE6F40,A6D134C6
MP3530,B4D27CE0,A6D134C6
MP3562,B6FCD794,A6D134C6
MP3602,B8E3F90B,A6D134C6
MP3628,BAD190E6,A6D134C6
MP3747,C0C7EB2A,A6D134C6
MP3775,C21512AF,A6D134C6
MP247,C58F3B8,A6D134C6
MP3911,C9C76891,A6D134C6
MP3941,CB1596B4,A6D134C6
MP3972,CC933469,A6D134C6
MP4175,D8A73FD3,A6D134C6
MP4178,D8C0B763,A6D134C6
MP4188,DA310F65,A6D134C6
MP4377,E456C936,A6D134C6
MP4422,E695DBB0,A6D134C6
MP4468,E873ABEA,A6D134C6
MP4477,E8BAAC7C,A6D134C6
MP4479,E8D4E02E,A6D134C6
MP4648,F193F306,A6D134C6
MP4753,F68F8A60,A6D134C6
MP4785,F84D0B2E,A6D134C6
MP4799,F8EF8C6B,A6D134C6
MP4835,FAC792D4,A6D134C6
MP437,15D9888E,AF14310B
MP516,19A9DDFA,AF14310B
MP624,1EE4DDB5,AF14310B
MP756,253EA438,AF14310B
MP798,27377915,AF14310B
MP973,2FE41B50,AF14310B
MP992,30EF01C9,AF14310B
MP996,312219CA,AF14310B
MP1309,4196A318,AF14310B
MP1379,44F9B495,AF14310B
MP1427,46E94558,AF14310B
MP1441,47976C09,AF14310B
MP1521,4B71D26B,AF14310B
MP1589,4FC94A34,AF14310B
MP1650,526244AF,AF14310B
MP1898,5EEE01E4,AF14310B
MP1926,60BEFD05,AF14310B
MP1962,62BB80FE,AF14310B
MP2008,656E6AC7,AF14310B
MP2054,679BF8AD,AF14310B
MP2358,77DD0FA4,AF14310B
MP2376,78CDAD22,AF14310B
MP2425,7AE2391B,AF14310B
MP2497,7F04DAE3,AF14310B
MP2667,8892310E,AF14310B
MP2744,8CA1F61D,AF14310B
MP2783,8E7E5481,AF14310B
MP2872,92FE82D6,AF14310B
MP2876,9326D0EE,AF14310B
MP2901,94696459,AF14310B
MP2902,9469FAEA,AF14310B
MP2913,94F67F34,AF14310B
MP3061,9D875AF8,AF14310B
MP3074,9E585592,AF14310B
MP3170,A23E2155,AF14310B
MP3234,A5390E79,AF14310B
MP3303,A94896AC,AF14310B
MP3543,B5BE4855,AF14310B
MP3549,B61196C7,AF14310B
MP237,B7A73D4,AF14310B
MP3584,B7E033C7,AF14310B
MP3624,BA8AB930,AF14310B
MP3704,BED49D92,AF14310B
MP3794,C2BE4983,AF14310B
MP3816,C3E23268,AF14310B
MP3869,C715C9B1,AF14310B
MP252,CC6DDA7,AF14310B
MP4103,D48BED1E,AF14310B
MP4263,DE1D8055,AF14310B
MP4406,E5BD82FE,AF14310B
MP4472,E8948CAA,AF14310B
MP4487,E9302F40,AF14310B
MP4578,EDF00687,AF14310B
MP4760,F6C42909,AF14310B
MP4852,FBC2A22C,AF14310B
MP4885,FD3A2DA4,AF14310B
MP464,16E292A1,B3966C9
MP661,206061DB,B3966C9
MP1069,34C3B131,B3966C9
MP1135,3825D527,B3966C9
MP67,3B6F503,B3966C9
MP1416,465F719A,B3966C9
MP1457,4824ED39,B3966C9
MP1506,4AEEDD87,B3966C9
MP1530,4BD8F4A1,B3966C9
MP1797,5A929214,B3966C9
MP113,5C1686B,B3966C9
MP1894,5EA984F8,B3966C9
MP1968,62FA3A88,B3966C9
MP2103,69B6305B,B3966C9
MP2144,6BB6BC48,B3966C9
MP2178,6D582255,B3966C9
MP2316,752C4F33,B3966C9
MP2339,7704E29D,B3966C9
MP2562,82F14D87,B3966C9
MP2743,8C9686C8,B3966C9
MP2746,8CC97681,B3966C9
MP2990,99E82863,B3966C9
MP3455,B0D24F3F,B3966C9
MP3524,B4485D23,B3966C9
MP3615,BA09D8ED,B3966C9
MP3620,BA59624D,B3966C9
MP3718,BF787383,B3966C9
MP3898,C8EA5978,B3966C9
MP3987,CD7F8895,B3966C9
MP4289,DF522C3A,B3966C9
MP4746,F6496128,B3966C9
MP324,10285C2F,B6B6122D
MP344,1105E694,B6B6122D
MP350,1184AC1D,B6B6122D
MP561,1C55CDC2,B6B6122D
MP595,1DB9FEE8,B6B6122D
MP770,25FD15CA,B6B6122D
MP930,2E15B9B7,B6B6122D
MP52,2E39B36,B6B6122D
MP985,3063DB68,B6B6122D
MP1011,31E43B9C,B6B6122D
MP1036,331AE0D6,B6B6122D
MP1080,356AF3E9,B6B6122D
MP1113,36BB8305,B6B6122D
MP1163,3A08F9BC,B6B6122D
MP1258,3E9E41E8,B6B6122D
MP1277,3F75051C,B6B6122D
MP1288,3FF3BEE2,B6B6122D
MP1346,430DCE15,B6B6122D
MP1398,45B0A0EF,B6B6122D
MP1543,4D0B5EAE,B6B6122D
MP1659,52C86D8A,B6B6122D
MP1756,58557542,B6B6122D
MP1901,5F1707FD,B6B6122D
MP1958,6283DA19,B6B6122D
MP2043,671CD014,B6B6122D
MP2156,6BF75E20,B6B6122D
MP2175,6D0954D2,B6B6122D
MP2224,6FE7950E,B6B6122D
MP2317,7553D5ED,B6B6122D
MP2341,7707EFEA,B6B6122D
MP2382,790449DB,B6B6122D
MP2448,7C5CF379,B6B6122D
MP2556,82A9BA92,B6B6122D
MP2567,835E9C4A,B6B6122D
MP2573,83A1891D,B6B6122D
MP2616,85B79905,B6B6122D
MP2678,895F5C8D,B6B6122D
MP2708,8AC0ED54,B6B6122D
MP177,8C78C30,B6B6122D
MP2794,8F24B3D6,B6B6122D
MP2836,9153A481,B6B6122D
MP2858,927CB28F,B6B6122D
MP2940,9718F800,B6B6122D
MP2945,975EC44A,B6B6122D
MP193,9C3F11C,B6B6122D
MP3088,9EE2165E,B6B6122D
MP3160,A1D67F7D,B6B6122D
MP3183,A2C40A12,B6B6122D
MP3246,A5A89513,B6B6122D
MP3268,A78AAB68,B6B6122D
MP3540,B57AAF7F,B6B6122D
MP3546,B5D5C7FE,B6B6122D
MP3566,B71D7BD0,B6B6122D
MP3607,B9494B2C,B6B6122D
MP3696,BE6D38BA,B6B6122D
MP3697,BE8882BD,B6B6122D
MP3870,C725975C,B6B6122D
MP3883,C7FFEC52,B6B6122D
MP249,C971ED9,B6B6122D
MP3933,CAA7A5E3,B6B6122D
MP3968,CC55A640,B6B6122D
MP3985,CD5823C1,B6B6122D
MP4015,CF25BFD6,B6B6122D
MP4035,D03A2620,B6B6122D
MP4096,D3E26FBC,B6B6122D
MP4107,D4C9DEC5,B6B6122D
MP4146,D704E33B,B6B6122D
MP4208,DB00F1E1,B6B6122D
MP4227,DC0A15A9,B6B6122D
MP4277,DF0387D4,B6B6122D
MP4307,E07C3B9A,B6B6122D
MP4315,E0EAD765,B6B6122D
MP4378,E459A084,B6B6122D
MP4379,E47090DC,B6B6122D
MP281,E9A75CD,B6B6122D
MP4499,E9CD9824,B6B6122D
MP4522,EB0ADC25,B6B6122D
MP4580,EDF8B84F,B6B6122D
MP4807,F94D78AA,B6B6122D
MP4864,FC5BD150,B6B6122D
MP4869,FC803D89,B6B6122D
MP4898,FDDB90CE,B6B6122D
MP4907,FE584139,B6B6122D
MP4929,FF9EDCD2,B6B6122D
MP319,100A0D1D,E06D30CE
MP333,10818B9E,E06D30CE
MP353,1193B64F,E06D30CE
MP359,11C9B2BA,E06D30CE
MP367,1279E999,E06D30CE
MP433,15A6A032,E06D30CE
MP462,16D8F2FF,E06D30CE
MP483,179F6D87,E06D30CE
MP501,18C9C0C4,E06D30CE
MP505,18FFB807,E06D30CE
MP533,1A84E2DB,E06D30CE
MP535,1AFCB535,E06D30CE
MP557,1C38FAE4,E06D30CE
MP563,1C6E3810,E06D30CE
MP564,1C701B23,E06D30CE
MP590,1D83DD6F,E06D30CE
MP600,1DE62579,E06D30CE
MP611,1E887224,E06D30CE
MP612,1E8C190B,E06D30CE
MP614,1EB262EC,E06D30CE
MP632,1F3C4D9B,E06D30CE
MP646,1FB51BD6,E06D30CE
MP655,2019797B,E06D30CE
MP664,20698345,E06D30CE
MP674,20ED22EA,E06D30CE
MP679,2124AF52,E06D30CE
MP686,2181F82B,E06D30CE
MP694,22087A9F,E06D30CE
MP707,22997310,E06D30CE
MP736,243F0DCB,E06D30CE
MP745,2498AA45,E06D30CE
MP780,2654237A,E06D30CE
MP784,26A3702F,E06D30CE
MP789,26FFF6A7,E06D30CE
MP807,27B6D575,E06D30CE
MP826,28AB5092,E06D30CE
MP837,292B8B8F,E06D30CE
MP49,2937230,E06D30CE
MP845,298C899B,E06D30CE
MP850,29E0C0CA,E06D30CE
MP855,2A331823,E06D30CE
MP875,2B599AB3,E06D30CE
MP890,2C57CD94,E06D30CE
MP892,2C79E816,E06D30CE
MP894,2C948E50,E06D30CE
MP899,2CBA00CF,E06D30CE
MP51,2D25C77,E06D30CE
MP911,2D4BCF8C,E06D30CE
MP912,2D5907E6,E06D30CE
MP914,2D6D08AB,E06D30CE
MP919,2DA87E49,E06D30CE
MP939,2E8EBF60,E06D30CE
MP945,2ECFA8D1,E06D30CE
MP949,2F00ED28,E06D30CE
MP990,30C8BD84,E06D30CE
MP1012,31EA2646,E06D30CE
MP1016,320988E5,E06D30CE
MP1027,3290C631,E06D30CE
MP57,353631B,E06D30CE
MP1088,35E871D8,E06D30CE
MP1107,3694FC5A,E06D30CE
MP1116,36D74EC2,E06D30CE
MP1131,37D67131,E06D30CE
MP62,3814BA8,E06D30CE
MP63,3871635,E06D30CE
MP1140,3873DB82,E06D30CE
MP1151,390648DE,E06D30CE
MP1164,3A0CD00C,E06D30CE
MP1167,3A582B32,E06D30CE
MP1184,3AE504F0,E06D30CE
MP1186,3B066B01,E06D30CE
MP1196,3B57D2A6,E06D30CE
MP1249,3E3FE988,E06D30CE
MP1259,3EA4B110,E06D30CE
MP1261,3EAFAB30,E06D30CE
MP1263,3EE9D48B,E06D30CE
MP1282,3FA46537,E06D30CE
MP1286,3FE0A71C,E06D30CE
MP1300,40B490B9,E06D30CE
MP1328,420CCD57,E06D30CE
MP1334,42506F3B,E06D30CE
MP1343,42E24836,E06D30CE
MP1366,44330E6D,E06D30CE
MP1371,446E7232,E06D30CE
MP1375,44B451EF,E06D30CE
MP1380,44FEACED,E06D30CE
MP1389,4540EB91,E06D30CE
MP81,45D3F49,E06D30CE
MP1419,466A8C10,E06D30CE
MP1428,46F251E4,E06D30CE
MP1439,478E78C9,E06D30CE
MP1460,483EB37A,E06D30CE
MP1465,485C9FED,E06D30CE
MP1466,486A3C25,E06D30CE
MP1487,49445EFF,E06D30CE
MP1503,4AC35AD3,E06D30CE
MP1513,4B1DF87E,E06D30CE
MP1526,4BC8B9F8,E06D30CE
MP1537,4C6674BF,E06D30CE
MP1551,4D997729,E06D30CE
MP1553,4D9E6089,E06D30CE
MP1585,4F988173,E06D30CE
MP1613,50D01688,E06D30CE
MP100,5236119,E06D30CE
MP1651,5263AACE,E06D30CE
MP1673,53669163,E06D30CE
MP1679,53A75482,E06D30CE
MP1680,53B34A63,E06D30CE
MP1703,5537ECE1,E06D30CE
MP1709,55B2DA2A,E06D30CE
MP1712,55EE3B10,E06D30CE
MP1717,565B99C3,E06D30CE
MP1729,56FDFA72,E06D30CE
MP1735,57138F36,E06D30CE
MP1744,57CC2ED3,E06D30CE
MP1779,598BF717,E06D30CE
MP1789,5A17DB8A,E06D30CE
MP111,5B8760C,E06D30CE
MP1834,5C4F6DC5,E06D30CE
MP1879,5E0EB105,E06D30CE
MP1882,5E125E48,E06D30CE
MP1883,5E211313,E06D30CE
MP1903,5F2074C2,E06D30CE
MP1913,5FE9047A,E06D30CE
MP1916,6002C24D,E06D30CE
MP1922,6091C72A,E06D30CE
MP1937,616E70AD,E06D30CE
MP1947,61DE25FE,E06D30CE
MP1952,6207080D,E06D30CE
MP1954,62171038,E06D30CE
MP1995,64F6CFE1,E06D30CE
MP2000,6517DD5A,E06D30CE
MP2011,6585EE08,E06D30CE
MP2032,6680A84A,E06D30CE
MP2049,6765113B,E06D30CE
MP2075,68958A76,E06D30CE
MP2089,69483F9C,E06D30CE
MP2094,69843CDC,E06D30CE
MP2097,6999FE05,E06D30CE
MP2098,69A4BDDF,E06D30CE
MP2187,6DEF0340,E06D30CE
MP2206,6ED763B5,E06D30CE
MP2219,6F7A01E8,E06D30CE
MP2272,72F4D522,E06D30CE
MP2280,735679D7,E06D30CE
MP2298,7446E7C8,E06D30CE
MP2301,7455DD93,E06D30CE
MP2314,751454BE,E06D30CE
MP2315,7521AE42,E06D30CE
MP2320,7596B65E,E06D30CE
MP2322,75A612A6,E06D30CE
MP2332,767C6B03,E06D30CE
MP2348,7735583E,E06D30CE
MP2349,77432507,E06D30CE
MP2363,78268373,E06D30CE
MP2397,798C957B,E06D30CE
MP2400,799FB5B0,E06D30CE
MP2403,79C0D490,E06D30CE
MP2418,7A9D39E2,E06D30CE
MP2479,7E124755,E06D30CE
MP156,7E504AF,E06D30CE
MP2508,7F7E43A4,E06D30CE
MP2510,7FAFCB69,E06D30CE
MP2514,800235F3,E06D30CE
MP2516,8028F297,E06D30CE
MP2538,819B781E,E06D30CE
MP2550,825331D9,E06D30CE
MP2560,82DEF053,E06D30CE
MP2564,83092906,E06D30CE
MP2565,8350E318,E06D30CE
MP2583,842DF567,E06D30CE
MP2609,858C6B03,E06D30CE
MP2623,862FEEA1,E06D30CE
MP2625,864CAEFB,E06D30CE
MP2643,8768B62B,E06D30CE
MP2655,8817C6B0,E06D30CE
MP2658,884E5D05,E06D30CE
MP2738,8C5DF9CA,E06D30CE
MP2745,8CAEF4A6,E06D30CE
MP2762,8D490018,E06D30CE
MP2776,8E32D5B0,E06D30CE
MP2784,8EA21C7E,E06D30CE
MP2786,8EDACAE8,E06D30CE
MP2816,904D6499,E06D30CE
MP2830,9101571C,E06D30CE
MP2831,911415FF,E06D30CE
MP2848,91ED6FE4,E06D30CE
MP2849,92050D66,E06D30CE
MP2864,92AD8F2E,E06D30CE
MP2871,92FBC0C3,E06D30CE
MP2926,95EBBEFD,E06D30CE
MP2936,96C72D22,E06D30CE
MP2962,982EF2CE,E06D30CE
MP2967,985BD819,E06D30CE
MP2974,98E18897,E06D30CE
MP3010,9AFE8206,E06D30CE
MP3012,9B2BECD8,E06D30CE
MP3026,9BE2710F,E06D30CE
MP3032,9C2F4B84,E06D30CE
MP3037,9C44DB7D,E06D30CE
MP3053,9D2D5CBC,E06D30CE
MP3096,9F17A3B5,E06D30CE
MP3116,9FCD9C11,E06D30CE
MP3126,A09A6E67,E06D30CE
MP3137,A0ECA2E7,E06D30CE
MP3139,A0F12BB5,E06D30CE
MP199,A23F68B,E06D30CE
MP3181,A2BB7A90,E06D30CE
MP3184,A2D4A206,E06D30CE
MP3190,A310ED7B,E06D30CE
MP3240,A58C8463,E06D30CE
MP3279,A7FD850C,E06D30CE
MP3285,A8469534,E06D30CE
MP3286,A84CE50B,E06D30CE
MP3322,A9F96718,E06D30CE
MP3330,AA4E9FD9,E06D30CE
MP3338,AA997C94,E06D30CE
MP3354,ABC91B90,E06D30CE
MP3369,ACB57C5E,E06D30CE
MP12,AD2453,E06D30CE
MP3378,AD41268B,E06D30CE
MP3379,AD4287C3,E06D30CE
MP3414,AEF049F7,E06D30CE
MP3452,B0932C5A,E06D30CE
MP225,B0B2547,E06D30CE
MP3456,B0E14B95,E06D30CE
MP3463,B18805FA,E06D30CE
MP3464,B196B7B9,E06D30CE
MP3474,B220C9C7,E06D30CE
MP3505,B3842052,E06D30CE
MP3538,B557E592,E06D30CE
MP3556,B67B564E,E06D30CE
MP3563,B6FE5758,E06D30CE
MP3587,B81C3B74,E06D30CE
MP3639,BB27679D,E06D30CE
MP3651,BBABE466,E06D30CE
MP3665,BC56CF81,E06D30CE
MP3670,BCB69BCE,E06D30CE
MP3679,BD2A56CA,E06D30CE
MP3695,BE65AA09,E06D30CE
MP3711,BF3204B7,E06D30CE
MP3745,C0A0ED58,E06D30CE
MP3787,C27D27F9,E06D30CE
MP3803,C33E2966,E06D30CE
MP3812,C3ABD28B,E06D30CE
MP3818,C3F26D6A,E06D30CE
MP3823,C4598EBC,E06D30CE
MP3832,C4CC096E,E06D30CE
MP3833,C4D6F305,E06D30CE
MP3841,C53DF3D7,E06D30CE
MP3842,C545C3D5,E06D30CE
MP3851,C5D5D820,E06D30CE
MP3868,C70AF056,E06D30CE
MP3873,C7A051B4,E06D30CE
MP3895,C8B2208C,E06D30CE
MP16,C8EB3F,E06D30CE
MP3929,CA6B37C9,E06D30CE
MP3931,CA8FF195,E06D30CE
MP3934,CAB6E0A9,E06D30CE
MP3940,CB11E4F7,E06D30CE
MP3958,CBC04553,E06D30CE
MP3969,CC565D53,E06D30CE
MP3976,CCE72CF3,E06D30CE
MP3986,CD5DD253,E06D30CE
MP3996,CE123E85,E06D30CE
MP256,CE947A4,E06D30CE
MP4028,CFF07BD1,E06D30CE
MP4064,D20C808E,E06D30CE
MP4066,D2242A51,E06D30CE
MP4075,D2ABC7B8,E06D30CE
MP4085,D2FA7128,E06D30CE
MP4118,D5C058BE,E06D30CE
MP4140,D6A9894B,E06D30CE
MP4144,D70372AD,E06D30CE
MP264,D869A49,E06D30CE
MP4198,DAC5EED5,E06D30CE
MP4205,DAFA6332,E06D30CE
MP4224,DBFEDAE7,E06D30CE
MP4257,DDC82DEA,E06D30CE
MP270,DDF22C2,E06D30CE
MP4288,DF4A9568,E06D30CE
MP4317,E0FD61FA,E06D30CE
MP4370,E3EC0C7E,E06D30CE
MP4413,E5F95B1A,E06D30CE
MP279,E687471,E06D30CE
MP4431,E6F3AA5C,E06D30CE
MP4461,E83F39D9,E06D30CE
MP4482,E8E42DC0,E06D30CE
MP4510,EA4DBF37,E06D30CE
MP4564,ED2A9FAF,E06D30CE
MP4571,ED987E1A,E06D30CE
MP4581,EDFE128B,E06D30CE
MP4586,EE1E9151,E06D30CE
MP4593,EE89466D,E06D30CE
MP4602,EEEA80CE,E06D30CE
MP4605,EF0E7141,E06D30CE
MP4636,F0CD0F78,E06D30CE
MP4650,F198BA04,E06D30CE
MP4696,F3C31CAE,E06D30CE
MP299,F3C9DAD,E06D30CE
MP4736,F58FC794,E06D30CE
MP4747,F654FBD1,E06D30CE
MP304,F6FFB32,E06D30CE
MP4767,F70AD7C3,E06D30CE
MP4778,F7F13399,E06D30CE
MP4779,F80EBC95,E06D30CE
MP4797,F8D853F4,E06D30CE
MP4847,FB70E03C,E06D30CE
MP4848,FB7BBB73,E06D30CE
MP310,FC6E37E,E06D30CE
MP4867,FC7B3E44,E06D30CE
MP4901,FE114013,E06D30CE
MP4902,FE13AA05,E06D30CE
MP4920,FEF3A04F,E06D30CE
MP396,13A24745,EA24B45E
MP740,247E612D,EA24B45E
MP779,264B6C97,EA24B45E
MP50,2C5A58C,EA24B45E
MP1278,3F7D1C52,EA24B45E
MP1840,5C89591A,EA24B45E
MP1849,5CF8D749,EA24B45E
MP2131,6B3773C6,EA24B45E
MP2212,6F1CFE41,EA24B45E
MP2330,766A0A2B,EA24B45E
MP2559,82D625BB,EA24B45E
MP2829,9100BA34,EA24B45E
MP2915,95174A3D,EA24B45E
MP3193,A34F5ED1,EA24B45E
MP3558,B6B30598,EA24B45E
MP3596,B8931134,EA24B45E
MP4567,ED74F31B,EA24B45E
MP4627,F0390073,EA24B45E
MP338,10BD09BD,EABE0032
MP399,13D8B579,EABE0032
MP27,16DEB1F,EABE0032
MP467,16F937E6,EABE0032
MP28,17241F4,EABE0032
MP498,187C7C51,EABE0032
MP30,18A95C7,EABE0032
MP508,191EC005,EABE0032
MP524,1A2D8F40,EABE0032
MP528,1A4A7FF5,EABE0032
MP566,1C7ACBA7,EABE0032
MP585,1D319438,EABE0032
MP629,1F0B8DED,EABE0032
MP637,1F6D48D2,EABE0032
MP700,225049AA,EABE0032
MP746,24B7D363,EABE0032
MP815,28189F0B,EABE0032
MP48,2920359,EABE0032
MP879,2B8130D7,EABE0032
MP891,2C6BA43B,EABE0032
MP916,2D851A19,EABE0032
MP954,2F55E89F,EABE0032
MP978,3033DA22,EABE0032
MP1086,35BD465F,EABE0032
MP1114,36BF0F93,EABE0032
MP1203,3B94811C,EABE0032
MP1224,3CC9875A,EABE0032
MP1289,3FF491A1,EABE0032
MP1372,4483AB1C,EABE0032
MP1426,46CAD525,EABE0032
MP1469,48786BD5,EABE0032
MP1496,4A8822D7,EABE0032
MP1522,4B7A10AE,EABE0032
MP1532,4C2AA34C,EABE0032
MP1565,4E38AF22,EABE0032
MP1576,4F010660,EABE0032
MP1594,4FF75D95,EABE0032
MP1611,50B78AC9,EABE0032
MP1634,51B81B7B,EABE0032
MP1645,5229360A,EABE0032
MP101,5428440,EABE0032
MP1733,570E2C50,EABE0032
MP1754,582DC308,EABE0032
MP1759,587AD30A,EABE0032
MP1772,5912ECA0,EABE0032
MP1780,5994405B,EABE0032
MP1788,5A108522,EABE0032
MP1791,5A3AF21C,EABE0032
MP1814,5B704898,EABE0032
MP1828,5C2CB213,EABE0032
MP1890,5E781F1C,EABE0032
MP1895,5EACA5B7,EABE0032
MP1900,5EFD4BC1,EABE0032
MP1974,638ABF20,EABE0032
MP1984,64308607,EABE0032
MP2044,67367081,EABE0032
MP129,698D88A,EABE0032
MP2116,6A5DDEAE,EABE0032
MP2167,6CAABB81,EABE0032
MP2171,6CC3674D,EABE0032
MP2184,6DBFED37,EABE0032
MP2210,6EF757A8,EABE0032
MP2294,7406E1C7,EABE0032
MP148,7679C97,EABE0032
MP2337,76CDE5A6,EABE0032
MP2362,78177A21,EABE0032
MP2374,78B90422,EABE0032
MP2378,78D41080,EABE0032
MP2424,7ADAD811,EABE0032
MP2429,7AFC07AF,EABE0032
MP2436,7B60D9EA,EABE0032
MP2454,7CFC9C05,EABE0032
MP2456,7D0E8654,EABE0032
MP2519,80461B24,EABE0032
MP160,8181A24,EABE0032
MP2545,82356CC8,EABE0032
MP161,82ADBB6,EABE0032
MP2586,847E1F37,EABE0032
MP165,85A08C0,EABE0032
MP2642,8767F12B,EABE0032
MP2657,88265BAF,EABE0032
MP2666,8891892D,EABE0032
MP2669,88BB4F1C,EABE0032
MP2680,8962A47C,EABE0032
MP2688,89E61A24,EABE0032
MP2717,8B3F388A,EABE0032
MP2760,8D42BC9D,EABE0032
MP2764,8D97FD5B,EABE0032
MP2774,8DFB3ACE,EABE0032
MP2840,917BB0C1,EABE0032
MP2841,919FB97A,EABE0032
MP2843,91A405A3,EABE0032
MP2847,91E1A8C7,EABE0032
MP2861,928562B0,EABE0032
MP2921,95741345,EABE0032
MP2947,97832569,EABE0032
MP2994,9A22841D,EABE0032
MP3009,9AFA2DFE,EABE0032
MP3079,9EAAA73D,EABE0032
MP3103,9F54DFB9,EABE0032
MP3108,9F6720F9,EABE0032
MP3113,9FA06158,EABE0032
MP3135,A0DBE2C7,EABE0032
MP3158,A1B49D40,EABE0032
MP3213,A4613197,EABE0032
MP3297,A9068FB2,EABE0032
MP3329,AA363CC9,EABE0032
MP3363,AC54A881,EABE0032
MP3376,AD355274,EABE0032
MP3392,ADDCE5AF,EABE0032
MP3393,ADE19AC4,EABE0032
MP3411,AEE31BEF,EABE0032
MP3427,AF4E5181,EABE0032
MP3469,B1D084B0,EABE0032
MP3495,B2FA78A4,EABE0032
MP3534,B51ECC98,EABE0032
MP3565,B71D2BDF,EABE0032
MP3593,B85E6EEF,EABE0032
MP3610,B9B2DBC2,EABE0032
MP3614,B9F73DB1,EABE0032
MP3714,BF60F6CB,EABE0032
MP3717,BF774EC6,EABE0032
MP3722,BF9BA26E,EABE0032
MP3786,C2782707,EABE0032
MP3796,C2CCE7F4,EABE0032
MP3817,C3EFD7B3,EABE0032
MP3827,C48D9BD2,EABE0032
MP3838,C50EAB2C,EABE0032
MP3856,C6140A5A,EABE0032
MP3889,C8421587,EABE0032
MP3912,C9DAA66C,EABE0032
MP3926,CA5F53BF,EABE0032
MP3951,CB8354AB,EABE0032
MP3953,CB8B9C22,EABE0032
MP4000,CE41A18E,EABE0032
MP4049,D0D07178,EABE0032
MP4090,D3503E98,EABE0032
MP4098,D4329873,EABE0032
MP4105,D4B727A0,EABE0032
MP4111,D52DFA2F,EABE0032
MP4148,D7106BC5,EABE0032
MP4166,D8508A77,EABE0032
MP4169,D872AF1B,EABE0032
MP4177,D8B2B668,EABE0032
MP4345,E279C325,EABE0032
MP4358,E34E11F5,EABE0032
MP4384,E4EF88EF,EABE0032
MP4389,E5181591,EABE0032
MP4414,E5F9A5C9,EABE0032
MP4424,E6AC4B8E,EABE0032
MP4473,E89620FF,EABE0032
MP4492,E97957FD,EABE0032
MP4518,EADA5149,EABE0032
MP4550,ECD46AEA,EABE0032
MP4562,ED27D258,EABE0032
MP291,F0430BA,EABE0032
MP4676,F2A3A457,EABE0032
MP4692,F39F4F82,EABE0032
MP4695,F3BB414C,EABE0032
MP4703,F4063FC8,EABE0032
MP4722,F4CB67CC,EABE0032
MP4737,F5C6B6EE,EABE0032
MP4743,F617F132,EABE0032
MP4816,F99A0937,EABE0032
MP4818,F99BC30A,EABE0032
MP4842,FB267B57,EABE0032
MP583,1D2911AF,F1542D11
MP1166,3A514BFF,F1542D11
MP1472,489AE892,F1542D11
MP2041,67032566,F1542D11
MP2856,926DFC3B,F1542D11
MP4459,E83BA7D5,F1542D11
MP440,1606D4A2,F16A1D23
MP761,257AF7E6,F16A1D23
MP793,270BF6B0,F16A1D23
MP3449,B0550940,F16A1D23
MP3748,C0CC2A32,F16A1D23
MP3790,C29CADCF,F16A1D23
MP4081,D2E24E5A,F16A1D23
MP326,10404A83,F8016BCA
MP340,10CFCE8B,F8016BCA
MP19,10D6AC7,F8016BCA
MP358,11C91AF5,F8016BCA
MP364,12478B89,F8016BCA
MP365,124F4527,F8016BCA
MP24,1277833,F8016BCA
MP373,12D0FBC4,F8016BCA
MP379,1305E1B6,F8016BCA
MP384,134FA09F,F8016BCA
MP410,14C1A758,F8016BCA
MP416,14FA1FBA,F8016BCA
MP422,1527EA91,F8016BCA
MP458,16BEBD6E,F8016BCA
MP460,16CE3B8D,F8016BCA
MP474,1748A66C,F8016BCA
MP510,1948F990,F8016BCA
MP537,1B0F486D,F8016BCA
MP572,1CAD58D1,F8016BCA
MP578,1CE2C24C,F8016BCA
MP601,1DF42094,F8016BCA
MP605,1E2932FC,F8016BCA
MP608,1E4CDA6F,F8016BCA
MP617,1EC41FF7,F8016BCA
MP625,1EE7B875,F8016BCA
MP643,1F93EE0E,F8016BCA
MP670,20BA0828,F8016BCA
MP676,211701BF,F8016BCA
MP683,21683359,F8016BCA
MP688,21A96C0F,F8016BCA
MP716,23040271,F8016BCA
MP725,23DE41A5,F8016BCA
MP728,23FE6513,F8016BCA
MP730,2419842A,F8016BCA
MP739,2477D2D3,F8016BCA
MP46,2579BDD,F8016BCA
MP762,259D6827,F8016BCA
MP772,2608D192,F8016BCA
MP787,26BD9E99,F8016BCA
MP802,276668A5,F8016BCA
MP829,28C35B3C,F8016BCA
MP830,28C4049B,F8016BCA
MP908,2D1F6EF8,F8016BCA
MP918,2DA87931,F8016BCA
MP920,2DACD51A,F8016BCA
MP921,2DC75496,F8016BCA
MP931,2E21395E,F8016BCA
MP943,2EC16D9C,F8016BCA
MP948,2ED65550,F8016BCA
MP993,310CD148,F8016BCA
MP1002,317C827E,F8016BCA
MP1017,320F5E94,F8016BCA
MP1019,322F8AB1,F8016BCA
MP1025,326FC605,F8016BCA
MP1029,32C2AAB8,F8016BCA
MP1081,358F20EC,F8016BCA
MP1111,36ADE109,F8016BCA
MP1128,37B3E87E,F8016BCA
MP64,387BCDE,F8016BCA
MP1143,38850876,F8016BCA
MP1145,389A8659,F8016BCA
MP1155,3958734D,F8016BCA
MP1173,3A9BB75C,F8016BCA
MP1188,3B1118F2,F8016BCA
MP1241,3DC2A524,F8016BCA
MP1245,3DD77CCF,F8016BCA
MP1257,3E95D701,F8016BCA
MP1276,3F5EE75E,F8016BCA
MP1285,3FDA5848,F8016BCA
MP1287,3FE6067B,F8016BCA
MP1291,3FFFA7AC,F8016BCA
MP1293,402BADD7,F8016BCA
MP1299,408825BF,F8016BCA
MP1302,40C97234,F8016BCA
MP1305,4117D9DA,F8016BCA
MP1306,4140E7AF,F8016BCA
MP1323,41E35B6E,F8016BCA
MP1335,42739020,F8016BCA
MP1339,42B6B530,F8016BCA
MP1342,42D44DB8,F8016BCA
MP1348,43113D33,F8016BCA
MP1354,43349F67,F8016BCA
MP1390,455B1B3D,F8016BCA
MP1430,470E994A,F8016BCA
MP84,476EC03,F8016BCA
MP85,47ABC5A,F8016BCA
MP1446,47C95FE1,F8016BCA
MP1449,47F0563A,F8016BCA
MP1456,48216B01,F8016BCA
MP1462,4850F111,F8016BCA
MP1488,4974CB39,F8016BCA
MP1490,49E10CA8,F8016BCA
MP1493,4A333882,F8016BCA
MP1508,4AF609F1,F8016BCA
MP1514,4B3AA6DE,F8016BCA
MP1519,4B62E1DD,F8016BCA
MP1524,4BA94F53,F8016BCA
MP1525,4BBA4438,F8016BCA
MP1533,4C345282,F8016BCA
MP1563,4E314424,F8016BCA
MP1604,504495E2,F8016BCA
MP1607,508954D4,F8016BCA
MP1638,51CBF923,F8016BCA
MP1640,5200E9E3,F8016BCA
MP1642,5212E44F,F8016BCA
MP1658,52B2B34D,F8016BCA
MP1664,52D55C52,F8016BCA
MP1675,5379A2F3,F8016BCA
MP1677,53A013F7,F8016BCA
MP1688,5459084D,F8016BCA
MP1695,548F8AAE,F8016BCA
MP1698,54C79E6F,F8016BCA
MP1708,55AC8751,F8016BCA
MP1720,567C8F21,F8016BCA
MP1727,56E3BF6A,F8016BCA
MP1768,58EA7C2F,F8016BCA
MP1774,5932E857,F8016BCA
MP1783,59B5C832,F8016BCA
MP1785,59EBCFAB,F8016BCA
MP1794,5A74F7EE,F8016BCA
MP1800,5AC31CB6,F8016BCA
MP1807,5B2721B5,F8016BCA
MP110,5B48C6E,F8016BCA
MP1818,5B9022AD,F8016BCA
MP112,5BBBDF3,F8016BCA
MP1838,5C6541B8,F8016BCA
MP1841,5C8DD3CC,F8016BCA
MP1850,5D02BD6E,F8016BCA
MP1853,5D15744B,F8016BCA
MP1904,5F365B6F,F8016BCA
MP1923,6092BA6E,F8016BCA
MP1924,6096A621,F8016BCA
MP1927,60C1A1D8,F8016BCA
MP1930,60EAA7FB,F8016BCA
MP1956,623428E7,F8016BCA
MP1963,62D50DFB,F8016BCA
MP1964,62DDFEE4,F8016BCA
MP1965,62E355D0,F8016BCA
MP1971,633D5874,F8016BCA
MP1973,6356A625,F8016BCA
MP1975,63ABC8C9,F8016BCA
MP1980,63EE0E91,F8016BCA
MP1981,63F19651,F8016BCA
MP1993,64E73E9F,F8016BCA
MP2004,6561DB76,F8016BCA
MP2012,658C1E78,F8016BCA
MP2014,65BA34AA,F8016BCA
MP2023,66232AFF,F8016BCA
MP2025,66444150,F8016BCA
MP2028,665B0044,F8016BCA
MP2030,6667F141,F8016BCA
MP2040,66F2F267,F8016BCA
MP2061,67F25354,F8016BCA
MP2090,694CC670,F8016BCA
MP132,6A38238,F8016BCA
MP2115,6A50055D,F8016BCA
MP2117,6A60D2DB,F8016BCA
MP133,6A88FFD,F8016BCA
MP2120,6A9544B1,F8016BCA
MP2129,6B28CB91,F8016BCA
MP2137,6B6B0475,F8016BCA
MP2139,6B8893D5,F8016BCA
MP2146,6BBC2B80,F8016BCA
MP2147,6BBCEB4B,F8016BCA
MP2148,6BC07839,F8016BCA
MP2150,6BC118A3,F8016BCA
MP2163,6C5D69E0,F8016BCA
MP2165,6C80C0E0,F8016BCA
MP2200,6EA0286C,F8016BCA
MP2203,6EC1A6D0,F8016BCA
MP2205,6EC89281,F8016BCA
MP2213,6F2671D3,F8016BCA
MP2226,702B0069,F8016BCA
MP2227,70300C47,F8016BCA
MP2228,70418318,F8016BCA
MP2229,7068AC12,F8016BCA
MP2236,70A1EC5D,F8016BCA
MP2245,71064624,F8016BCA
MP2249,714D5377,F8016BCA
MP2252,71A711F4,F8016BCA
MP2267,727C942C,F8016BCA
MP2302,746B99C6,F8016BCA
MP2308,74A9224C,F8016BCA
MP145,74C1AA7,F8016BCA
MP2319,7586218E,F8016BCA
MP2343,771B5397,F8016BCA
MP2353,777E114A,F8016BCA
MP2365,782E9447,F8016BCA
MP2387,7915B812,F8016BCA
MP2388,79176B35,F8016BCA
MP2396,796FB436,F8016BCA
MP2402,79BEB6C8,F8016BCA
MP2416,7A7CC6DD,F8016BCA
MP2417,7A958CAE,F8016BCA
MP2441,7BD3C250,F8016BCA
MP2446,7C3B59E1,F8016BCA
MP2449,7C928C23,F8016BCA
MP2463,7D6E77A9,F8016BCA
MP2475,7DCB328D,F8016BCA
MP2478,7E107DEC,F8016BCA
MP2492,7EBF2382,F8016BCA
MP2507,7F7DB0CA,F8016BCA
MP159,7FC252B,F8016BCA
MP2511,7FC3943E,F8016BCA
MP2515,80164A16,F8016BCA
MP2532,81185864,F8016BCA
MP2534,8153BE53,F8016BCA
MP2539,81D5903A,F8016BCA
MP2541,82025AD7,F8016BCA
MP2561,82E4ED65,F8016BCA
MP2563,82F81C68,F8016BCA
MP2574,83B62F20,F8016BCA
MP2575,83BBB9BD,F8016BCA
MP2593,84991A7C,F8016BCA
MP2601,8543ABF3,F8016BCA
MP2610,858E6F90,F8016BCA
MP2627,86593E1A,F8016BCA
MP2638,8737193B,F8016BCA
MP2649,87B7030F,F8016BCA
MP2694,8A10E2AB,F8016BCA
MP168,8A7979C,F8016BCA
MP2704,8AAA02A6,F8016BCA
MP171,8B0CBAE,F8016BCA
MP172,8B42D52,F8016BCA
MP2723,8B7285C6,F8016BCA
MP2733,8BE5A57A,F8016BCA
MP2753,8D0A00BD,F8016BCA
MP2767,8DB2E35F,F8016BCA
MP2791,8EEDACC9,F8016BCA
MP2808,8FEE1C15,F8016BCA
MP2811,8FFAF420,F8016BCA
MP2822,90C587E5,F8016BCA
MP2826,90E74D17,F8016BCA
MP2859,92841CF9,F8016BCA
MP2894,941BAFCE,F8016BCA
MP2949,979E4FFA,F8016BCA
MP2954,97F9B2FE,F8016BCA
MP2973,98D68DD9,F8016BCA
MP2996,9A3FE780,F8016BCA
MP3002,9A803734,F8016BCA
MP195,9CDD7B4,F8016BCA
MP3055,9D4C01AF,F8016BCA
MP3071,9E366841,F8016BCA
MP3076,9E727670,F8016BCA
MP3082,9EC1FD33,F8016BCA
MP197,9EDCDDA,F8016BCA
MP3100,9F2BCAEF,F8016BCA
MP3105,9F5BBF93,F8016BCA
MP3106,9F5C0094,F8016BCA
MP3109,9F721AFC,F8016BCA
MP3114,9FB612CD,F8016BCA
MP3129,A0B4DC0D,F8016BCA
MP3133,A0CB1A81,F8016BCA
MP3149,A13EC0FD,F8016BCA
MP3152,A158533C,F8016BCA
MP3173,A25A1BC6,F8016BCA
MP3188,A2F3913D,F8016BCA
MP3197,A3834871,F8016BCA
MP3233,A53192F0,F8016BCA
MP3249,A60ACF06,F8016BCA
MP207,A750E46,F8016BCA
MP3276,A7DAE935,F8016BCA
MP3295,A8F9A2ED,F8016BCA
MP3298,A90BB6C5,F8016BCA
MP3300,A933AD49,F8016BCA
MP3307,A9599CBD,F8016BCA
MP3331,AA5C677C,F8016BCA
MP3336,AA84829A,F8016BCA
MP3343,AB0470AA,F8016BCA
MP3345,AB0D0F95,F8016BCA
MP215,ABFEF07,F8016BCA
MP3364,AC5B7E9F,F8016BCA
MP3367,ACAAE719,F8016BCA
MP3374,AD2780FA,F8016BCA
MP3403,AE79DDCB,F8016BCA
MP3406,AEA23808,F8016BCA
MP3420,AF158A8E,F8016BCA
MP3426,AF4C6A5F,F8016BCA
MP224,B0962BA,F8016BCA
MP3460,B12D2E1C,F8016BCA
MP3461,B13806F2,F8016BCA
MP3465,B19EED14,F8016BCA
MP3491,B2E1B4FD,F8016BCA
MP3493,B2EF77F1,F8016BCA
MP3502,B3709099,F8016BCA
MP3511,B3C6AF29,F8016BCA
MP3576,B79C31A0,F8016BCA
MP3603,B8E43AB4,F8016BCA
MP3606,B92CFE5B,F8016BCA
MP3621,BA758E13,F8016BCA
MP3626,BA93F53F,F8016BCA
MP3635,BAF9985E,F8016BCA
MP3668,BC957CFF,F8016BCA
MP3674,BCEC439F,F8016BCA
MP3675,BCF620EF,F8016BCA
MP3678,BD2A2EB1,F8016BCA
MP3682,BD5C7B8E,F8016BCA
MP242,BDE5C06,F8016BCA
MP3691,BE02010F,F8016BCA
MP3702,BEBDE602,F8016BCA
MP3705,BEDBEB55,F8016BCA
MP3706,BEDDD774,F8016BCA
MP3719,BF8EA64E,F8016BCA
MP3736,C024C486,F8016BCA
MP3739,C072BDCD,F8016BCA
MP3770,C1D6D311,F8016BCA
MP3785,C26DFB4B,F8016BCA
MP3788,C281BBE6,F8016BCA
MP3797,C2F67A0A,F8016BCA
MP3798,C3282061,F8016BCA
MP3811,C3874C24,F8016BCA
MP3825,C469929E,F8016BCA
MP3882,C7F15EF7,F8016BCA
MP3888,C83F3AF4,F8016BCA
MP3890,C845864E,F8016BCA
MP3893,C88EF081,F8016BCA
MP3899,C908D25A,F8016BCA
MP3919,C9F93B7E,F8016BCA
MP3954,CB8BA882,F8016BCA
MP3965,CC3A855B,F8016BCA
MP3970,CC596EAA,F8016BCA
MP3994,CDE4E201,F8016BCA
MP3995,CDF1E55F,F8016BCA
MP4002,CE64CC6B,F8016BCA
MP4008,CEBB57FC,F8016BCA
MP4019,CF5AF180,F8016BCA
MP4031,D01A2A0D,F8016BCA
MP4033,D026E81F,F8016BCA
MP4036,D04413CE,F8016BCA
MP4038,D05FC174,F8016BCA
MP4042,D0923E1B,F8016BCA
MP4056,D1840191,F8016BCA
MP4062,D1E1946B,F8016BCA
MP4084,D2EEBDF7,F8016BCA
MP4100,D46834FF,F8016BCA
MP4106,D4B85059,F8016BCA
MP4127,D62FEDA6,F8016BCA
MP4142,D6FBE84B,F8016BCA
MP263,D85533E,F8016BCA
MP4173,D8902333,F8016BCA
MP4190,DA7C957A,F8016BCA
MP4200,DACAFAA5,F8016BCA
MP4213,DB3B2430,F8016BCA
MP4214,DB421A12,F8016BCA
MP4244,DCECB1C0,F8016BCA
MP267,DD2F33A,F8016BCA
MP4251,DD92E126,F8016BCA
MP4254,DDC102AE,F8016BCA
MP4255,DDC32A1E,F8016BCA
MP4284,DF3A3A43,F8016BCA
MP4293,DF86B1B2,F8016BCA
MP4294,DF8A03F7,F8016BCA
MP4298,DFFE37D6,F8016BCA
MP4322,E180CD60,F8016BCA
MP4330,E1CED376,F8016BCA
MP4344,E27703A1,F8016BCA
MP4352,E2D428CC,F8016BCA
MP4353,E2D7FC1A,F8016BCA
MP4357,E32B5A1D,F8016BCA
MP4395,E55E3999,F8016BCA
MP4402,E5A49A86,F8016BCA
MP4408,E5D10525,F8016BCA
MP4453,E7F839BB,F8016BCA
MP4454,E7FA7337,F8016BCA
MP4495,E98B2796,F8016BCA
MP4504,EA0FFB42,F8016BCA
MP4505,EA26EED0,F8016BCA
MP4515,EACA7B10,F8016BCA
MP4540,EC3A7374,F8016BCA
MP4544,EC5E06EA,F8016BCA
MP4546,EC78D099,F8016BCA
MP286,ED30825,F8016BCA
MP4585,EE1CFA1E,F8016BCA
MP4594,EE8AAD73,F8016BCA
MP4600,EEC97D83,F8016BCA
MP4608,EF329360,F8016BCA
MP4626,F02ACC05,F8016BCA
MP4628,F046B09E,F8016BCA
MP4632,F09F0C3B,F8016BCA
MP292,F10F1E0,F8016BCA
MP4645,F17BB435,F8016BCA
MP4652,F1AB180E,F8016BCA
MP4663,F2403C5F,F8016BCA
MP4680,F2F61F31,F8016BCA
MP4687,F31F4ACD,F8016BCA
MP4693,F3AE3C66,F8016BCA
MP4707,F4124FEF,F8016BCA
MP4714,F4805D5E,F8016BCA
MP4725,F4FD54CA,F8016BCA
MP4735,F5840E64,F8016BCA
MP302,F5AA5E6,F8016BCA
MP4742,F608E1D1,F8016BCA
MP4748,F65DF36D,F8016BCA
MP4782,F81D687F,F8016BCA
MP4802,F90585D1,F8016BCA
MP4805,F920388A,F8016BCA
MP4808,F9544CFF,F8016BCA
MP4812,F990C40D,F8016BCA
MP305,F9AA685,F8016BCA
MP4825,FA2D6FB8,F8016BCA
MP4832,FA8E41E0,F8016BCA
MP4837,FAE7A902,F8016BCA
MP4843,FB3B14FB,F8016BCA
MP4865,FC610F55,F8016BCA
MP4871,FCADB51E,F8016BCA
MP4876,FCEAE99D,F8016BCA
MP312,FD381DF,F8016BCA
MP4889,FD6B44B8,F8016BCA
MP4892,FD7CD49C,F8016BCA
MP327,10443A0F,FAE9107F
MP395,139FCC19,FAE9107F
MP411,14DCF24E,FAE9107F
MP456,16BBC668,FAE9107F
MP465,16E62CC9,FAE9107F
MP484,17B4FFBC,FAE9107F
MP503,18DB3EB3,FAE9107F
MP504,18F5C8D7,FAE9107F
MP518,19E1847B,FAE9107F
MP540,1B301155,FAE9107F
MP593,1D958866,FAE9107F
MP602,1E07AEEB,FAE9107F
MP666,2087F4FB,FAE9107F
MP743,24914BD1,FAE9107F
MP744,24936C3E,FAE9107F
MP757,25409ADF,FAE9107F
MP831,28C906B9,FAE9107F
MP898,2CB79FF4,FAE9107F
MP922,2DD986CC,FAE9107F
MP976,30186D1D,FAE9107F
MP980,30499162,FAE9107F
MP1001,316AB24E,FAE9107F
MP1024,326F7BD5,FAE9107F
MP1035,330B9DD3,FAE9107F
MP1042,3358AD46,FAE9107F
MP1062,3455E4E3,FAE9107F
MP1078,353C3AD6,FAE9107F
MP1092,360E88AC,FAE9107F
MP1129,37BA4228,FAE9107F
MP1154,3957C220,FAE9107F
MP1170,3A7A3B79,FAE9107F
MP1177,3AC6C223,FAE9107F
MP1204,3B9A6C0E,FAE9107F
MP1229,3D2CD88E,FAE9107F
MP1283,3FB1B271,FAE9107F
MP1297,405C184D,FAE9107F
MP1316,41AD6860,FAE9107F
MP1318,41C852FF,FAE9107F
MP1351,432B0BE0,FAE9107F
MP1357,4363853F,FAE9107F
MP1368,44380D26,FAE9107F
MP1397,458AEE97,FAE9107F
MP1408,461EEE19,FAE9107F
MP1413,463678FA,FAE9107F
MP1461,48467EC9,FAE9107F
MP1480,49031222,FAE9107F
MP1511,4B046666,FAE9107F
MP1550,4D765D54,FAE9107F
MP1560,4DE76965,FAE9107F
MP1572,4EB4E9AF,FAE9107F
MP1600,5027DE3A,FAE9107F
MP1605,506570F0,FAE9107F
MP1626,5165EB0B,FAE9107F
MP1633,51B05675,FAE9107F
MP1683,53E370A0,FAE9107F
MP1687,5453DA31,FAE9107F
MP1715,563A5CD5,FAE9107F
MP1748,57FBF49B,FAE9107F
MP1750,580AB728,FAE9107F
MP1762,5891017F,FAE9107F
MP1763,5894AC28,FAE9107F
MP1820,5BA4FBBB,FAE9107F
MP1878,5E094D54,FAE9107F
MP1887,5E4D9CBB,FAE9107F
MP1911,5FAC704B,FAE9107F
MP1914,5FE96AD9,FAE9107F
MP122,6287CF9,FAE9107F
MP1977,63B38DEB,FAE9107F
MP1990,64A19AAC,FAE9107F
MP1992,64D1912B,FAE9107F
MP124,650A86E,FAE9107F
MP2162,6C5B97D6,FAE9107F
MP2170,6CBFD272,FAE9107F
MP2173,6CFAC5AB,FAE9107F
MP2196,6E882D6D,FAE9107F
MP2243,70F20F7B,FAE9107F
MP2263,7265FD93,FAE9107F
MP2281,7367537E,FAE9107F
MP2338,76FE363B,FAE9107F
MP2480,7E1A4269,FAE9107F
MP2521,8074B0D2,FAE9107F
MP2653,880DD69F,FAE9107F
MP2683,89871849,FAE9107F
MP178,8CF7DA2,FAE9107F
MP2781,8E758C1E,FAE9107F
MP182,9212A72,FAE9107F
MP2862,92891883,FAE9107F
MP2920,9558EBEB,FAE9107F
MP2925,95C77212,FAE9107F
MP2939,9711F75C,FAE9107F
MP2950,97B40D6B,FAE9107F
MP2964,9845E1F6,FAE9107F
MP191,99AEAFF,FAE9107F
MP3064,9DB72A0F,FAE9107F
MP3067,9DE3B111,FAE9107F
MP3083,9ECC5DFD,FAE9107F
MP3087,9EE0C177,FAE9107F
MP3110,9F724211,FAE9107F
MP3122,A0649C75,FAE9107F
MP3162,A1EAC228,FAE9107F
MP3210,A4369567,FAE9107F
MP3217,A47988D8,FAE9107F
MP3235,A5483707,FAE9107F
MP3239,A5783AB1,FAE9107F
MP3242,A596F36E,FAE9107F
MP3244,A59AFA8D,FAE9107F
MP3278,A7F31A2D,FAE9107F
MP3280,A80CCD06,FAE9107F
MP3311,A9786A88,FAE9107F
MP3318,A9C17D84,FAE9107F
MP3320,A9E228BA,FAE9107F
MP3332,AA678E23,FAE9107F
MP3347,AB518817,FAE9107F
MP3350,AB7E20D7,FAE9107F
MP3381,AD4EF0F7,FAE9107F
MP223,AFBA657,FAE9107F
MP3444,B02D9972,FAE9107F
MP3483,B28BD40A,FAE9107F
MP230,B33DEFC,FAE9107F
MP3536,B53482BF,FAE9107F
MP3574,B7948388,FAE9107F
MP3586,B816CE15,FAE9107F
MP3592,B852563F,FAE9107F
MP3595,B87690D5,FAE9107F
MP3629,BAD5E8E5,FAE9107F
MP3647,BB7F9FF1,FAE9107F
MP3652,BBAFC746,FAE9107F
MP241,BBCBFE8,FAE9107F
MP3654,BBEF7111,FAE9107F
MP3663,BC52E7D8,FAE9107F
MP3667,BC8B43F9,FAE9107F
MP3725,BFAFCF08,FAE9107F
MP3752,C0EE069D,FAE9107F
MP3768,C1C449CC,FAE9107F
MP3806,C355C4E7,FAE9107F
MP3807,C36593C9,FAE9107F
MP3821,C4269D77,FAE9107F
MP3824,C4670223,FAE9107F
MP3847,C599CF08,FAE9107F
MP3861,C667600E,FAE9107F
MP3909,C9B1BB9F,FAE9107F
MP3916,C9EE847B,FAE9107F
MP3918,C9F8E43D,FAE9107F
MP3920,C9FD59CC,FAE9107F
MP3923,CA269B17,FAE9107F
MP3974,CCBA34BA,FAE9107F
MP3980,CCFE607F,FAE9107F
MP4046,D0B13749,FAE9107F
MP4097,D41ECCC6,FAE9107F
MP4196,DAB72450,FAE9107F
MP4222,DBE67772,FAE9107F
MP4228,DC0A4D1E,FAE9107F
MP4245,DD0F00F4,FAE9107F
MP4261,DDFA0489,FAE9107F
MP4281,DF2C68CB,FAE9107F
MP273,E1596BF,FAE9107F
MP4335,E1EFB76B,FAE9107F
MP4360,E37CA384,FAE9107F
MP4394,E53DCE12,FAE9107F
MP4401,E598ABB0,FAE9107F
MP4416,E60C5916,FAE9107F
MP4441,E780E835,FAE9107F
MP4456,E82BEAF8,FAE9107F
MP4464,E8561CB4,FAE9107F
MP4491,E9745E17,FAE9107F
MP4604,EF00E29A,FAE9107F
MP4655,F1DF3F9C,FAE9107F
MP4658,F1FF1CFE,FAE9107F
MP4729,F5111039,FAE9107F
MP4731,F52F775C,FAE9107F
MP4817,F99B34CF,FAE9107F
MP4823,FA0C22EC,FAE9107F
MP4855,FBD93004,FAE9107F
MP4910,FE7D89E8,FAE9107F
MP4927,FF4F42F5,FAE9107F
